{"nodes":{"node:11510013286644868778":{"location":{"x":855,"y":326}},"node:14495123272126177779":{"location":{"x":743,"y":111}},"node:9408970092710530499":{"location":{"x":295,"y":166}},"node:9873224100154867216":{"location":{"x":583,"y":239}}},"selection":null,"view":{"scroll":{"x":417.210113525390625,"y":52.3968162536621094},"visible_rect":{"max":{"x":1332.588134765625,"y":410.77239990234375},"min":{"x":333.323822021484375,"y":41.3913955688476562}},"zoom":1.24426388740539551}}