{"nodes":{"node:11510013286644868778":{"location":{"x":855,"y":326}},"node:14495123272126177779":{"location":{"x":743,"y":111}},"node:9408970092710530499":{"location":{"x":295,"y":166}},"node:9873224100154867216":{"location":{"x":583,"y":239}}},"selection":null,"view":{"scroll":{"x":-229.73028564453125,"y":-196.537307739257812},"visible_rect":{"max":{"x":1996.9423828125,"y":522.124755859375},"min":{"x":-457.426727294921875,"y":-391.778533935546875}},"zoom":0.500371694564819336}}