{"nodes":{"node:11510013286644868778":{"location":{"x":855,"y":326}},"node:14495123272126177779":{"location":{"x":743,"y":111}},"node:9408970092710530499":{"location":{"x":295,"y":166}},"node:9873224100154867216":{"location":{"x":583,"y":239}}},"selection":null,"view":{"scroll":{"x":-27.3810615539550781,"y":-69.7224349975585938},"visible_rect":{"max":{"x":1614.2296142578125,"y":517.43878173828125},"min":{"x":-36.0678253173828125,"y":-92.5984573364257812}},"zoom":0.750160515308380127}}