{"nodes":null,"selection":null,"view":{"scroll":{"x":0.301107853651046753,"y":-1.17439043521881104},"visible_rect":{"max":{"x":20473.2734375,"y":13449.90234375},"min":{"x":1433.2734375,"y":-5590.0986328125}},"zoom":0.00021008403564337641}}