{"nodes":{"node:2087980018336":{"location":{"x":0,"y":0}}},"selection":null,"view":{"scroll":{"x":1347615.625,"y":455435.78125},"visible_rect":{"max":{"x":337137.90625,"y":113956.4453125},"min":{"x":336903.90625,"y":113858.9453125}},"zoom":4}}