{"nodes":{"node:2133623197888":{"location":{"x":0,"y":0}}},"selection":null,"view":{"scroll":{"x":595.6357421875,"y":-1714.8812255859375},"visible_rect":{"max":{"x":112.233718872070312,"y":-174.98309326171875},"min":{"x":85.090850830078125,"y":-244.983123779296875}},"zoom":6.99999713897705078}}