{"nodes":null,"selection":null,"view":{"scroll":{"x":0,"y":-193.304351806640625},"visible_rect":{"max":{"x":7360.00048828125,"y":22620.001953125},"min":{"x":0,"y":-22230.001953125}},"zoom":0.00869565177708864212}}