{"nodes":null,"selection":null,"view":{"scroll":{"x":-304.8408203125,"y":-244.83978271484375},"visible_rect":{"max":{"x":596759680,"y":165282960},"min":{"x":-205518640,"y":-165066928}},"zoom":1.48327580973273143e-06}}