{"nodes":{"node:11510013286644868778":{"location":{"x":768,"y":272}},"node:14495123272126177779":{"location":{"x":528,"y":240}},"node:9408970092710530499":{"location":{"x":416,"y":64}},"node:9873224100154867216":{"location":{"x":528,"y":48}}},"selection":null,"view":{"scroll":{"x":-54.9685897827148438,"y":19.9926662445068359},"visible_rect":{"max":{"x":1099.546875,"y":443.8863525390625},"min":{"x":-51.0464019775390625,"y":18.5661239624023438}},"zoom":1.0768357515335083}}