{"nodes":{"node:11510013286644868778":{"location":{"x":768,"y":272}},"node:14495123272126177779":{"location":{"x":528,"y":240}},"node:9408970092710530499":{"location":{"x":416,"y":64}},"node:9873224100154867216":{"location":{"x":528,"y":48}}},"selection":null,"view":{"scroll":{"x":7.50006103515625,"y":0},"visible_rect":{"max":{"x":1482.5,"y":458},"min":{"x":7.50006103515625,"y":0}},"zoom":1}}