mask,case,view,field,x,y,z,w
16383,blender_defaults,0,0,0,0,0.0500000007,1.39999998
16383,blender_defaults,0,6,0,0,0,0
16383,blender_defaults,0,7,0,0,0,0
16383,blender_defaults,0,8,0.660797596,0.660797596,0.660797596,0
16383,blender_defaults,0,9,0,0,0,0
16383,blender_defaults,0,10,0.194106743,0.194106743,0.194106743,0
16383,blender_defaults,0,11,0,0,0,0
16383,blender_defaults,0,12,0,0,0,0
16383,blender_defaults,0,16,0.834800601,0.834800601,0.834800601,0
16383,blender_defaults,0,18,85.4702911,150.582535,41.2175789,0
16383,blender_defaults,0,19,0.121571071,0.810320497,0.96955806,0
16383,blender_defaults,0,20,0,0,0,0
16383,blender_defaults,0,21,0.5,0.5,0.5,0
16383,blender_defaults,0,22,0.5,0.5,0.5,0
16383,blender_defaults,0,23,0,0,0,0
16383,blender_defaults,0,24,0.49658531,0.49658531,0.49658531,0
16383,blender_defaults,0,25,0.251707345,0.251707345,0.251707345,0
16383,blender_defaults,0,26,0.666257083,0.666257083,0.666257083,0
16383,blender_defaults,0,28,-0.663324952,-0,-0.748331487,1
16383,blender_defaults,0,29,0.57159251,0.57159251,0.57159251,0
16383,blender_defaults,0,31,0.0795774683,0.0795774683,0.0795774683,0
16383,blender_defaults,1,0,0,0,0.0500000007,1.39999998
16383,blender_defaults,1,6,0,0,0,0
16383,blender_defaults,1,7,0,0,0,0
16383,blender_defaults,1,8,0.745836258,0.745836258,0.745836258,0
16383,blender_defaults,1,9,0,0,0,0
16383,blender_defaults,1,10,0.217720494,0.217720494,0.217720494,0
16383,blender_defaults,1,11,0,0,0,0
16383,blender_defaults,1,12,0,0,0,0
16383,blender_defaults,1,16,0.813540936,0.813540936,0.813540936,0
16383,blender_defaults,1,18,85.4702911,150.582535,41.2175789,0
16383,blender_defaults,1,19,0.121571071,0.810320497,0.96955806,0
16383,blender_defaults,1,20,0,0,0,0
16383,blender_defaults,1,21,0.5,0.5,0.5,0
16383,blender_defaults,1,22,0.5,0.5,0.5,0
16383,blender_defaults,1,23,0,0,0,0
16383,blender_defaults,1,24,0.49658531,0.49658531,0.49658531,0
16383,blender_defaults,1,25,0.251707345,0.251707345,0.251707345,0
16383,blender_defaults,1,26,0.655699849,0.655699849,0.655699849,0
16383,blender_defaults,1,28,-0.577350259,-0,-0.816496611,1
16383,blender_defaults,1,29,0.0891867131,0.0891867131,0.0891867131,0
16383,blender_defaults,1,31,0.0795774683,0.0795774683,0.0795774683,0
16383,blender_defaults,2,0,0,0,0.0500000007,1.39999998
16383,blender_defaults,2,6,0,0,0,0
16383,blender_defaults,2,7,0,0,0,0
16383,blender_defaults,2,8,0.769001842,0.769001842,0.769001842,0
16383,blender_defaults,2,9,0,0,0,0
16383,blender_defaults,2,10,0.226757482,0.226757482,0.226757482,0
16383,blender_defaults,2,11,0,0,0,0
16383,blender_defaults,2,12,0,0,0,0
16383,blender_defaults,2,16,0.807749569,0.807749569,0.807749569,0
16383,blender_defaults,2,18,85.4702911,150.582535,41.2175789,0
16383,blender_defaults,2,19,0.121571071,0.810320497,0.96955806,0
16383,blender_defaults,2,20,0,0,0,0
16383,blender_defaults,2,21,0.5,0.5,0.5,0
16383,blender_defaults,2,22,0.5,0.5,0.5,0
16383,blender_defaults,2,23,0,0,0,0
16383,blender_defaults,2,24,0.49658531,0.49658531,0.49658531,0
16383,blender_defaults,2,25,0.251707345,0.251707345,0.251707345,0
16383,blender_defaults,2,26,0.652823925,0.652823925,0.652823925,0
16383,blender_defaults,2,28,-0.290593266,-0,-0.956846654,1
16383,blender_defaults,2,29,0.0407918878,0.0407918878,0.0407918878,0
16383,blender_defaults,2,31,0.0795774683,0.0795774683,0.0795774683,0
16383,blender_defaults,3,0,0,0,0.0500000007,1.39999998
16383,blender_defaults,3,6,0,0,0,0
16383,blender_defaults,3,7,0,0,0,0
16383,blender_defaults,3,8,0.661171973,0.661171973,0.661171973,0
16383,blender_defaults,3,9,0,0,0,0
16383,blender_defaults,3,10,0.196952671,0.196952671,0.196952671,0
16383,blender_defaults,3,11,0,0,0,0
16383,blender_defaults,3,12,0,0,0,0
16383,blender_defaults,3,16,0.834707022,0.834707022,0.834707022,0
16383,blender_defaults,3,18,85.4702911,150.582535,41.2175789,0
16383,blender_defaults,3,19,0.121571071,0.810320497,0.96955806,0
16383,blender_defaults,3,20,0,0,0,0
16383,blender_defaults,3,21,0.5,0.5,0.5,0
16383,blender_defaults,3,22,0.5,0.5,0.5,0
16383,blender_defaults,3,23,0,0,0,0
16383,blender_defaults,3,24,0.49658531,0.49658531,0.49658531,0
16383,blender_defaults,3,25,0.251707345,0.251707345,0.251707345,0
16383,blender_defaults,3,26,0.666210592,0.666210592,0.666210592,0
16383,blender_defaults,3,28,-0,-0.663324952,-0.748331487,1
16383,blender_defaults,3,29,0.57159251,0.57159251,0.57159251,0
16383,blender_defaults,3,31,0.0795774683,0.0795774683,0.0795774683,0
16383,blender_defaults,4,0,0,0,0.0500000007,1.39999998
16383,blender_defaults,4,6,0,0,0,0
16383,blender_defaults,4,7,0,0,0,0
16383,blender_defaults,4,8,0.745850444,0.745850444,0.745850444,0
16383,blender_defaults,4,9,0,0,0,0
16383,blender_defaults,4,10,0.220082745,0.220082745,0.220082745,0
16383,blender_defaults,4,11,0,0,0,0
16383,blender_defaults,4,12,0,0,0,0
16383,blender_defaults,4,16,0.813537419,0.813537419,0.813537419,0
16383,blender_defaults,4,18,85.4702911,150.582535,41.2175789,0
16383,blender_defaults,4,19,0.121571071,0.810320497,0.96955806,0
16383,blender_defaults,4,20,0,0,0,0
16383,blender_defaults,4,21,0.5,0.5,0.5,0
16383,blender_defaults,4,22,0.5,0.5,0.5,0
16383,blender_defaults,4,23,0,0,0,0
16383,blender_defaults,4,24,0.49658531,0.49658531,0.49658531,0
16383,blender_defaults,4,25,0.251707345,0.251707345,0.251707345,0
16383,blender_defaults,4,26,0.655698061,0.655698061,0.655698061,0
16383,blender_defaults,4,28,-0,-0.577350259,-0.816496611,1
16383,blender_defaults,4,29,0.0891867131,0.0891867131,0.0891867131,0
16383,blender_defaults,4,31,0.0795774683,0.0795774683,0.0795774683,0
16383,blender_defaults,5,0,0,0,0.0500000007,1.39999998
16383,blender_defaults,5,6,0,0,0,0
16383,blender_defaults,5,7,0,0,0,0
16383,blender_defaults,5,8,0.769008934,0.769008934,0.769008934,0
16383,blender_defaults,5,9,0,0,0,0
16383,blender_defaults,5,10,0.234708279,0.234708279,0.234708279,0
16383,blender_defaults,5,11,0,0,0,0
16383,blender_defaults,5,12,0,0,0,0
16383,blender_defaults,5,16,0.807747781,0.807747781,0.807747781,0
16383,blender_defaults,5,18,85.4702911,150.582535,41.2175789,0
16383,blender_defaults,5,19,0.121571071,0.810320497,0.96955806,0
16383,blender_defaults,5,20,0,0,0,0
16383,blender_defaults,5,21,0.5,0.5,0.5,0
16383,blender_defaults,5,22,0.5,0.5,0.5,0
16383,blender_defaults,5,23,0,0,0,0
16383,blender_defaults,5,24,0.49658531,0.49658531,0.49658531,0
16383,blender_defaults,5,25,0.251707345,0.251707345,0.251707345,0
16383,blender_defaults,5,26,0.652823031,0.652823031,0.652823031,0
16383,blender_defaults,5,28,-0,-0.290593266,-0.956846654,1
16383,blender_defaults,5,29,0.0407918878,0.0407918878,0.0407918878,0
16383,blender_defaults,5,31,0.0795774683,0.0795774683,0.0795774683,0
16383,explicit_defaults,0,0,0,0,0.0500000007,1.39999998
16383,explicit_defaults,0,6,0,0,0,0
16383,explicit_defaults,0,7,0,0,0,0
16383,explicit_defaults,0,8,0.660797596,0.660797596,0.660797596,0
16383,explicit_defaults,0,9,0,0,0,0
16383,explicit_defaults,0,10,0.194106743,0.194106743,0.194106743,0
16383,explicit_defaults,0,11,0,0,0,0
16383,explicit_defaults,0,12,0,0,0,0
16383,explicit_defaults,0,16,0.834800601,0.834800601,0.834800601,0
16383,explicit_defaults,0,18,85.4702911,150.582535,41.2175789,0
16383,explicit_defaults,0,19,0.121571071,0.810320497,0.96955806,0
16383,explicit_defaults,0,20,0,0,0,0
16383,explicit_defaults,0,21,0.5,0.5,0.5,0
16383,explicit_defaults,0,22,0.5,0.5,0.5,0
16383,explicit_defaults,0,23,0,0,0,0
16383,explicit_defaults,0,24,0.49658531,0.49658531,0.49658531,0
16383,explicit_defaults,0,25,0.251707345,0.251707345,0.251707345,0
16383,explicit_defaults,0,26,0.666257083,0.666257083,0.666257083,0
16383,explicit_defaults,0,28,-0.663324952,-0,-0.748331487,1
16383,explicit_defaults,0,29,0.57159251,0.57159251,0.57159251,0
16383,explicit_defaults,0,31,0.0795774683,0.0795774683,0.0795774683,0
16383,explicit_defaults,1,0,0,0,0.0500000007,1.39999998
16383,explicit_defaults,1,6,0,0,0,0
16383,explicit_defaults,1,7,0,0,0,0
16383,explicit_defaults,1,8,0.745836258,0.745836258,0.745836258,0
16383,explicit_defaults,1,9,0,0,0,0
16383,explicit_defaults,1,10,0.217720494,0.217720494,0.217720494,0
16383,explicit_defaults,1,11,0,0,0,0
16383,explicit_defaults,1,12,0,0,0,0
16383,explicit_defaults,1,16,0.813540936,0.813540936,0.813540936,0
16383,explicit_defaults,1,18,85.4702911,150.582535,41.2175789,0
16383,explicit_defaults,1,19,0.121571071,0.810320497,0.96955806,0
16383,explicit_defaults,1,20,0,0,0,0
16383,explicit_defaults,1,21,0.5,0.5,0.5,0
16383,explicit_defaults,1,22,0.5,0.5,0.5,0
16383,explicit_defaults,1,23,0,0,0,0
16383,explicit_defaults,1,24,0.49658531,0.49658531,0.49658531,0
16383,explicit_defaults,1,25,0.251707345,0.251707345,0.251707345,0
16383,explicit_defaults,1,26,0.655699849,0.655699849,0.655699849,0
16383,explicit_defaults,1,28,-0.577350259,-0,-0.816496611,1
16383,explicit_defaults,1,29,0.0891867131,0.0891867131,0.0891867131,0
16383,explicit_defaults,1,31,0.0795774683,0.0795774683,0.0795774683,0
16383,explicit_defaults,2,0,0,0,0.0500000007,1.39999998
16383,explicit_defaults,2,6,0,0,0,0
16383,explicit_defaults,2,7,0,0,0,0
16383,explicit_defaults,2,8,0.769001842,0.769001842,0.769001842,0
16383,explicit_defaults,2,9,0,0,0,0
16383,explicit_defaults,2,10,0.226757482,0.226757482,0.226757482,0
16383,explicit_defaults,2,11,0,0,0,0
16383,explicit_defaults,2,12,0,0,0,0
16383,explicit_defaults,2,16,0.807749569,0.807749569,0.807749569,0
16383,explicit_defaults,2,18,85.4702911,150.582535,41.2175789,0
16383,explicit_defaults,2,19,0.121571071,0.810320497,0.96955806,0
16383,explicit_defaults,2,20,0,0,0,0
16383,explicit_defaults,2,21,0.5,0.5,0.5,0
16383,explicit_defaults,2,22,0.5,0.5,0.5,0
16383,explicit_defaults,2,23,0,0,0,0
16383,explicit_defaults,2,24,0.49658531,0.49658531,0.49658531,0
16383,explicit_defaults,2,25,0.251707345,0.251707345,0.251707345,0
16383,explicit_defaults,2,26,0.652823925,0.652823925,0.652823925,0
16383,explicit_defaults,2,28,-0.290593266,-0,-0.956846654,1
16383,explicit_defaults,2,29,0.0407918878,0.0407918878,0.0407918878,0
16383,explicit_defaults,2,31,0.0795774683,0.0795774683,0.0795774683,0
16383,explicit_defaults,3,0,0,0,0.0500000007,1.39999998
16383,explicit_defaults,3,6,0,0,0,0
16383,explicit_defaults,3,7,0,0,0,0
16383,explicit_defaults,3,8,0.661171973,0.661171973,0.661171973,0
16383,explicit_defaults,3,9,0,0,0,0
16383,explicit_defaults,3,10,0.196952671,0.196952671,0.196952671,0
16383,explicit_defaults,3,11,0,0,0,0
16383,explicit_defaults,3,12,0,0,0,0
16383,explicit_defaults,3,16,0.834707022,0.834707022,0.834707022,0
16383,explicit_defaults,3,18,85.4702911,150.582535,41.2175789,0
16383,explicit_defaults,3,19,0.121571071,0.810320497,0.96955806,0
16383,explicit_defaults,3,20,0,0,0,0
16383,explicit_defaults,3,21,0.5,0.5,0.5,0
16383,explicit_defaults,3,22,0.5,0.5,0.5,0
16383,explicit_defaults,3,23,0,0,0,0
16383,explicit_defaults,3,24,0.49658531,0.49658531,0.49658531,0
16383,explicit_defaults,3,25,0.251707345,0.251707345,0.251707345,0
16383,explicit_defaults,3,26,0.666210592,0.666210592,0.666210592,0
16383,explicit_defaults,3,28,-0,-0.663324952,-0.748331487,1
16383,explicit_defaults,3,29,0.57159251,0.57159251,0.57159251,0
16383,explicit_defaults,3,31,0.0795774683,0.0795774683,0.0795774683,0
16383,explicit_defaults,4,0,0,0,0.0500000007,1.39999998
16383,explicit_defaults,4,6,0,0,0,0
16383,explicit_defaults,4,7,0,0,0,0
16383,explicit_defaults,4,8,0.745850444,0.745850444,0.745850444,0
16383,explicit_defaults,4,9,0,0,0,0
16383,explicit_defaults,4,10,0.220082745,0.220082745,0.220082745,0
16383,explicit_defaults,4,11,0,0,0,0
16383,explicit_defaults,4,12,0,0,0,0
16383,explicit_defaults,4,16,0.813537419,0.813537419,0.813537419,0
16383,explicit_defaults,4,18,85.4702911,150.582535,41.2175789,0
16383,explicit_defaults,4,19,0.121571071,0.810320497,0.96955806,0
16383,explicit_defaults,4,20,0,0,0,0
16383,explicit_defaults,4,21,0.5,0.5,0.5,0
16383,explicit_defaults,4,22,0.5,0.5,0.5,0
16383,explicit_defaults,4,23,0,0,0,0
16383,explicit_defaults,4,24,0.49658531,0.49658531,0.49658531,0
16383,explicit_defaults,4,25,0.251707345,0.251707345,0.251707345,0
16383,explicit_defaults,4,26,0.655698061,0.655698061,0.655698061,0
16383,explicit_defaults,4,28,-0,-0.577350259,-0.816496611,1
16383,explicit_defaults,4,29,0.0891867131,0.0891867131,0.0891867131,0
16383,explicit_defaults,4,31,0.0795774683,0.0795774683,0.0795774683,0
16383,explicit_defaults,5,0,0,0,0.0500000007,1.39999998
16383,explicit_defaults,5,6,0,0,0,0
16383,explicit_defaults,5,7,0,0,0,0
16383,explicit_defaults,5,8,0.769008934,0.769008934,0.769008934,0
16383,explicit_defaults,5,9,0,0,0,0
16383,explicit_defaults,5,10,0.234708279,0.234708279,0.234708279,0
16383,explicit_defaults,5,11,0,0,0,0
16383,explicit_defaults,5,12,0,0,0,0
16383,explicit_defaults,5,16,0.807747781,0.807747781,0.807747781,0
16383,explicit_defaults,5,18,85.4702911,150.582535,41.2175789,0
16383,explicit_defaults,5,19,0.121571071,0.810320497,0.96955806,0
16383,explicit_defaults,5,20,0,0,0,0
16383,explicit_defaults,5,21,0.5,0.5,0.5,0
16383,explicit_defaults,5,22,0.5,0.5,0.5,0
16383,explicit_defaults,5,23,0,0,0,0
16383,explicit_defaults,5,24,0.49658531,0.49658531,0.49658531,0
16383,explicit_defaults,5,25,0.251707345,0.251707345,0.251707345,0
16383,explicit_defaults,5,26,0.652823031,0.652823031,0.652823031,0
16383,explicit_defaults,5,28,-0,-0.290593266,-0.956846654,1
16383,explicit_defaults,5,29,0.0407918878,0.0407918878,0.0407918878,0
16383,explicit_defaults,5,31,0.0795774683,0.0795774683,0.0795774683,0
16383,transmission_one,0,0,1,0,0.0500000007,1.39999998
16383,transmission_one,0,6,0.738163948,0.738163948,0.738163948,0
16383,transmission_one,0,7,0.738794148,0.738794148,0.738794148,1
16383,transmission_one,0,8,0,0,0,0
16383,transmission_one,0,9,0,0,0,0
16383,transmission_one,0,10,0.00288025523,0.00288025523,0.00288025523,0
16383,transmission_one,0,11,0,0,0,0
16383,transmission_one,0,12,0,0,0,0
16383,transmission_one,0,16,0.912797213,0.912797213,0.912797213,0
16383,transmission_one,0,18,85.4702911,150.582535,41.2175789,0
16383,transmission_one,0,19,0.121571071,0.810320497,0.96955806,0
16383,transmission_one,0,20,0,0,0,0
16383,transmission_one,0,21,0.5,0.5,0.5,0
16383,transmission_one,0,22,0.5,0.5,0.5,0
16383,transmission_one,0,23,0,0,0,0
16383,transmission_one,0,24,0.49658531,0.49658531,0.49658531,0
16383,transmission_one,0,25,0.251707345,0.251707345,0.251707345,0
16383,transmission_one,0,26,0.704989016,0.704989016,0.704989016,0
16383,transmission_one,0,28,-0.663324952,-0,-0.748331487,1
16383,transmission_one,0,29,0.57159251,0.57159251,0.57159251,0
16383,transmission_one,0,31,0.0795774683,0.0795774683,0.0795774683,0
16383,transmission_one,1,0,1,0,0.0500000007,1.39999998
16383,transmission_one,1,6,0.891611159,0.891611159,0.891611159,0
16383,transmission_one,1,7,0.833870292,0.833870292,0.833870292,1
16383,transmission_one,1,8,0,0,0,0
16383,transmission_one,1,9,0,0,0,0
16383,transmission_one,1,10,0.00188488967,0.00188488967,0.00188488967,0
16383,transmission_one,1,11,0,0,0,0
16383,transmission_one,1,12,0,0,0,0
16383,transmission_one,1,16,0.901574969,0.901574969,0.901574969,0
16383,transmission_one,1,18,85.4702911,150.582535,41.2175789,0
16383,transmission_one,1,19,0.121571071,0.810320497,0.96955806,0
16383,transmission_one,1,20,0,0,0,0
16383,transmission_one,1,21,0.5,0.5,0.5,0
16383,transmission_one,1,22,0.5,0.5,0.5,0
16383,transmission_one,1,23,0,0,0,0
16383,transmission_one,1,24,0.49658531,0.49658531,0.49658531,0
16383,transmission_one,1,25,0.251707345,0.251707345,0.251707345,0
16383,transmission_one,1,26,0.69941622,0.69941622,0.69941622,0
16383,transmission_one,1,28,-0.577350259,-0,-0.816496611,1
16383,transmission_one,1,29,0.0891867131,0.0891867131,0.0891867131,0
16383,transmission_one,1,31,0.0795774683,0.0795774683,0.0795774683,0
16383,transmission_one,2,0,1,0,0.0500000007,1.39999998
16383,transmission_one,2,6,0.950719893,0.950719893,0.950719893,0
16383,transmission_one,2,7,0.859770179,0.859770179,0.859770179,1
16383,transmission_one,2,8,0,0,0,0
16383,transmission_one,2,9,0,0,0,0
16383,transmission_one,2,10,0.00421805214,0.00421805214,0.00421805214,0
16383,transmission_one,2,11,0,0,0,0
16383,transmission_one,2,12,0,0,0,0
16383,transmission_one,2,16,0.898517907,0.898517907,0.898517907,0
16383,transmission_one,2,18,85.4702911,150.582535,41.2175789,0
16383,transmission_one,2,19,0.121571071,0.810320497,0.96955806,0
16383,transmission_one,2,20,0,0,0,0
16383,transmission_one,2,21,0.5,0.5,0.5,0
16383,transmission_one,2,22,0.5,0.5,0.5,0
16383,transmission_one,2,23,0,0,0,0
16383,transmission_one,2,24,0.49658531,0.49658531,0.49658531,0
16383,transmission_one,2,25,0.251707345,0.251707345,0.251707345,0
16383,transmission_one,2,26,0.697898149,0.697898149,0.697898149,0
16383,transmission_one,2,28,-0.290593266,-0,-0.956846654,1
16383,transmission_one,2,29,0.0407918878,0.0407918878,0.0407918878,0
16383,transmission_one,2,31,0.0795774683,0.0795774683,0.0795774683,0
16383,transmission_one,3,0,1,0,0.0500000007,1.39999998
16383,transmission_one,3,6,0.722193062,0.722193062,0.722193062,0
16383,transmission_one,3,7,0.739212751,0.739212751,0.739212751,1
16383,transmission_one,3,8,0,0,0,0
16383,transmission_one,3,9,0,0,0,0
16383,transmission_one,3,10,0.00561784161,0.00561784161,0.00561784161,0
16383,transmission_one,3,11,0,0,0,0
16383,transmission_one,3,12,0,0,0,0
16383,transmission_one,3,16,0.9127478,0.9127478,0.9127478,0
16383,transmission_one,3,18,85.4702911,150.582535,41.2175789,0
16383,transmission_one,3,19,0.121571071,0.810320497,0.96955806,0
16383,transmission_one,3,20,0,0,0,0
16383,transmission_one,3,21,0.5,0.5,0.5,0
16383,transmission_one,3,22,0.5,0.5,0.5,0
16383,transmission_one,3,23,0,0,0,0
16383,transmission_one,3,24,0.49658531,0.49658531,0.49658531,0
16383,transmission_one,3,25,0.251707345,0.251707345,0.251707345,0
16383,transmission_one,3,26,0.704964459,0.704964459,0.704964459,0
16383,transmission_one,3,28,-0,-0.663324952,-0.748331487,1
16383,transmission_one,3,29,0.57159251,0.57159251,0.57159251,0
16383,transmission_one,3,31,0.0795774683,0.0795774683,0.0795774683,0
16383,transmission_one,4,0,1,0,0.0500000007,1.39999998
16383,transmission_one,4,6,0.884354949,0.884354949,0.884354949,0
16383,transmission_one,4,7,0.833886087,0.833886087,0.833886087,1
16383,transmission_one,4,8,0,0,0,0
16383,transmission_one,4,9,0,0,0,0
16383,transmission_one,4,10,0.00424304185,0.00424304185,0.00424304185,0
16383,transmission_one,4,11,0,0,0,0
16383,transmission_one,4,12,0,0,0,0
16383,transmission_one,4,16,0.901573122,0.901573122,0.901573122,0
16383,transmission_one,4,18,85.4702911,150.582535,41.2175789,0
16383,transmission_one,4,19,0.121571071,0.810320497,0.96955806,0
16383,transmission_one,4,20,0,0,0,0
16383,transmission_one,4,21,0.5,0.5,0.5,0
16383,transmission_one,4,22,0.5,0.5,0.5,0
16383,transmission_one,4,23,0,0,0,0
16383,transmission_one,4,24,0.49658531,0.49658531,0.49658531,0
16383,transmission_one,4,25,0.251707345,0.251707345,0.251707345,0
16383,transmission_one,4,26,0.699415326,0.699415326,0.699415326,0
16383,transmission_one,4,28,-0,-0.577350259,-0.816496611,1
16383,transmission_one,4,29,0.0891867131,0.0891867131,0.0891867131,0
16383,transmission_one,4,31,0.0795774683,0.0795774683,0.0795774683,0
16383,transmission_one,5,0,1,0,0.0500000007,1.39999998
16383,transmission_one,5,6,0.948228776,0.948228776,0.948228776,0
16383,transmission_one,5,7,0.859778106,0.859778106,0.859778106,1
16383,transmission_one,5,8,0,0,0,0
16383,transmission_one,5,9,0,0,0,0
16383,transmission_one,5,10,0.0121668,0.0121668,0.0121668,0
16383,transmission_one,5,11,0,0,0,0
16383,transmission_one,5,12,0.033123184,0.033123184,0.033123184,0
16383,transmission_one,5,16,0.898516953,0.898516953,0.898516953,0
16383,transmission_one,5,18,85.4702911,150.582535,41.2175789,0
16383,transmission_one,5,19,0.121571071,0.810320497,0.96955806,0
16383,transmission_one,5,20,0,0,0,0
16383,transmission_one,5,21,0.5,0.5,0.5,0
16383,transmission_one,5,22,0.5,0.5,0.5,0
16383,transmission_one,5,23,0,0,0,0
16383,transmission_one,5,24,0.49658531,0.49658531,0.49658531,0
16383,transmission_one,5,25,0.251707345,0.251707345,0.251707345,0
16383,transmission_one,5,26,0.697897673,0.697897673,0.697897673,0
16383,transmission_one,5,28,-0,-0.290593266,-0.956846654,1
16383,transmission_one,5,29,0.0407918878,0.0407918878,0.0407918878,0
16383,transmission_one,5,31,0.0795774683,0.0795774683,0.0795774683,0
16383,transmission_half,0,0,0.5,0,0.0500000007,1.39999998
16383,transmission_half,0,6,0.738163948,0.738163948,0.738163948,0
16383,transmission_half,0,7,0.369397074,0.369397074,0.369397074,0.5
16383,transmission_half,0,8,0.330398798,0.330398798,0.330398798,0
16383,transmission_half,0,9,0,0,0,0
16383,transmission_half,0,10,0.0984935015,0.0984935015,0.0984935015,0
16383,transmission_half,0,11,0,0,0,0
16383,transmission_half,0,12,0,0,0,0
16383,transmission_half,0,16,0.873798907,0.873798907,0.873798907,0
16383,transmission_half,0,18,85.4702911,150.582535,41.2175789,0
16383,transmission_half,0,19,0.121571071,0.810320497,0.96955806,0
16383,transmission_half,0,20,0,0,0,0
16383,transmission_half,0,21,0.5,0.5,0.5,0
16383,transmission_half,0,22,0.5,0.5,0.5,0
16383,transmission_half,0,23,0,0,0,0
16383,transmission_half,0,24,0.49658531,0.49658531,0.49658531,0
16383,transmission_half,0,25,0.251707345,0.251707345,0.251707345,0
16383,transmission_half,0,26,0.68562305,0.68562305,0.68562305,0
16383,transmission_half,0,28,-0.663324952,-0,-0.748331487,1
16383,transmission_half,0,29,0.57159251,0.57159251,0.57159251,0
16383,transmission_half,0,31,0.0795774683,0.0795774683,0.0795774683,0
16383,transmission_half,1,0,0.5,0,0.0500000007,1.39999998
16383,transmission_half,1,6,0.891611159,0.891611159,0.891611159,0
16383,transmission_half,1,7,0.416935146,0.416935146,0.416935146,0.5
16383,transmission_half,1,8,0.372918129,0.372918129,0.372918129,0
16383,transmission_half,1,9,0,0,0,0
16383,transmission_half,1,10,0.109802693,0.109802693,0.109802693,0
16383,transmission_half,1,11,0,0,0,0
16383,transmission_half,1,12,0,0,0,0
16383,transmission_half,1,16,0.857557952,0.857557952,0.857557952,0
16383,transmission_half,1,18,85.4702911,150.582535,41.2175789,0
16383,transmission_half,1,19,0.121571071,0.810320497,0.96955806,0
16383,transmission_half,1,20,0,0,0,0
16383,transmission_half,1,21,0.5,0.5,0.5,0
16383,transmission_half,1,22,0.5,0.5,0.5,0
16383,transmission_half,1,23,0,0,0,0
16383,transmission_half,1,24,0.49658531,0.49658531,0.49658531,0
16383,transmission_half,1,25,0.251707345,0.251707345,0.251707345,0
16383,transmission_half,1,26,0.677558005,0.677558005,0.677558005,0
16383,transmission_half,1,28,-0.577350259,-0,-0.816496611,1
16383,transmission_half,1,29,0.0891867131,0.0891867131,0.0891867131,0
16383,transmission_half,1,31,0.0795774683,0.0795774683,0.0795774683,0
16383,transmission_half,2,0,0.5,0,0.0500000007,1.39999998
16383,transmission_half,2,6,0.950719893,0.950719893,0.950719893,0
16383,transmission_half,2,7,0.429885089,0.429885089,0.429885089,0.5
16383,transmission_half,2,8,0.384500921,0.384500921,0.384500921,0
16383,transmission_half,2,9,0,0,0,0
16383,transmission_half,2,10,0.115487769,0.115487769,0.115487769,0
16383,transmission_half,2,11,0,0,0,0
16383,transmission_half,2,12,0,0,0,0
16383,transmission_half,2,16,0.853133738,0.853133738,0.853133738,0
16383,transmission_half,2,18,85.4702911,150.582535,41.2175789,0
16383,transmission_half,2,19,0.121571071,0.810320497,0.96955806,0
16383,transmission_half,2,20,0,0,0,0
16383,transmission_half,2,21,0.5,0.5,0.5,0
16383,transmission_half,2,22,0.5,0.5,0.5,0
16383,transmission_half,2,23,0,0,0,0
16383,transmission_half,2,24,0.49658531,0.49658531,0.49658531,0
16383,transmission_half,2,25,0.251707345,0.251707345,0.251707345,0
16383,transmission_half,2,26,0.675361037,0.675361037,0.675361037,0
16383,transmission_half,2,28,-0.290593266,-0,-0.956846654,1
16383,transmission_half,2,29,0.0407918878,0.0407918878,0.0407918878,0
16383,transmission_half,2,31,0.0795774683,0.0795774683,0.0795774683,0
16383,transmission_half,3,0,0.5,0,0.0500000007,1.39999998
16383,transmission_half,3,6,0.722193062,0.722193062,0.722193062,0
16383,transmission_half,3,7,0.369606376,0.369606376,0.369606376,0.5
16383,transmission_half,3,8,0.330585986,0.330585986,0.330585986,0
16383,transmission_half,3,9,0,0,0,0
16383,transmission_half,3,10,0.101285256,0.101285256,0.101285256,0
16383,transmission_half,3,11,0,0,0,0
16383,transmission_half,3,12,0,0,0,0
16383,transmission_half,3,16,0.873727381,0.873727381,0.873727381,0
16383,transmission_half,3,18,85.4702911,150.582535,41.2175789,0
16383,transmission_half,3,19,0.121571071,0.810320497,0.96955806,0
16383,transmission_half,3,20,0,0,0,0
16383,transmission_half,3,21,0.5,0.5,0.5,0
16383,transmission_half,3,22,0.5,0.5,0.5,0
16383,transmission_half,3,23,0,0,0,0
16383,transmission_half,3,24,0.49658531,0.49658531,0.49658531,0
16383,transmission_half,3,25,0.251707345,0.251707345,0.251707345,0
16383,transmission_half,3,26,0.685587525,0.685587525,0.685587525,0
16383,transmission_half,3,28,-0,-0.663324952,-0.748331487,1
16383,transmission_half,3,29,0.57159251,0.57159251,0.57159251,0
16383,transmission_half,3,31,0.0795774683,0.0795774683,0.0795774683,0
16383,transmission_half,4,0,0.5,0,0.0500000007,1.39999998
16383,transmission_half,4,6,0.884354949,0.884354949,0.884354949,0
16383,transmission_half,4,7,0.416943043,0.416943043,0.416943043,0.5
16383,transmission_half,4,8,0.372925222,0.372925222,0.372925222,0
16383,transmission_half,4,9,0,0,0,0
16383,transmission_half,4,10,0.112162896,0.112162896,0.112162896,0
16383,transmission_half,4,11,0,0,0,0
16383,transmission_half,4,12,0,0,0,0
16383,transmission_half,4,16,0.85755527,0.85755527,0.85755527,0
16383,transmission_half,4,18,85.4702911,150.582535,41.2175789,0
16383,transmission_half,4,19,0.121571071,0.810320497,0.96955806,0
16383,transmission_half,4,20,0,0,0,0
16383,transmission_half,4,21,0.5,0.5,0.5,0
16383,transmission_half,4,22,0.5,0.5,0.5,0
16383,transmission_half,4,23,0,0,0,0
16383,transmission_half,4,24,0.49658531,0.49658531,0.49658531,0
16383,transmission_half,4,25,0.251707345,0.251707345,0.251707345,0
16383,transmission_half,4,26,0.677556694,0.677556694,0.677556694,0
16383,transmission_half,4,28,-0,-0.577350259,-0.816496611,1
16383,transmission_half,4,29,0.0891867131,0.0891867131,0.0891867131,0
16383,transmission_half,4,31,0.0795774683,0.0795774683,0.0795774683,0
16383,transmission_half,5,0,0.5,0,0.0500000007,1.39999998
16383,transmission_half,5,6,0.948228776,0.948228776,0.948228776,0
16383,transmission_half,5,7,0.429889053,0.429889053,0.429889053,0.5
16383,transmission_half,5,8,0.384504467,0.384504467,0.384504467,0
16383,transmission_half,5,9,0,0,0,0
16383,transmission_half,5,10,0.123437539,0.123437539,0.123437539,0
16383,transmission_half,5,11,0,0,0,0
16383,transmission_half,5,12,0.016561592,0.016561592,0.016561592,0
16383,transmission_half,5,16,0.853132367,0.853132367,0.853132367,0
16383,transmission_half,5,18,85.4702911,150.582535,41.2175789,0
16383,transmission_half,5,19,0.121571071,0.810320497,0.96955806,0
16383,transmission_half,5,20,0,0,0,0
16383,transmission_half,5,21,0.5,0.5,0.5,0
16383,transmission_half,5,22,0.5,0.5,0.5,0
16383,transmission_half,5,23,0,0,0,0
16383,transmission_half,5,24,0.49658531,0.49658531,0.49658531,0
16383,transmission_half,5,25,0.251707345,0.251707345,0.251707345,0
16383,transmission_half,5,26,0.675360322,0.675360322,0.675360322,0
16383,transmission_half,5,28,-0,-0.290593266,-0.956846654,1
16383,transmission_half,5,29,0.0407918878,0.0407918878,0.0407918878,0
16383,transmission_half,5,31,0.0795774683,0.0795774683,0.0795774683,0
16383,glass_ior_one,0,0,1,0,0.0500000007,1.39999998
16383,glass_ior_one,0,6,1,1,1,0
16383,glass_ior_one,0,7,0.89442718,0.89442718,0.89442718,1
16383,glass_ior_one,0,8,0,0,0,0
16383,glass_ior_one,0,9,0,0,0,0
16383,glass_ior_one,0,10,0,0,0,0
16383,glass_ior_one,0,11,0,0,0,0
16383,glass_ior_one,0,12,0,0,0,0
16383,glass_ior_one,0,16,0.89442718,0.89442718,0.89442718,0
16383,glass_ior_one,0,18,85.4702911,150.582535,41.2175789,0
16383,glass_ior_one,0,19,0.121571071,0.810320497,0.96955806,0
16383,glass_ior_one,0,20,0,0,0,0
16383,glass_ior_one,0,21,0.5,0.5,0.5,0
16383,glass_ior_one,0,22,0.5,0.5,0.5,0
16383,glass_ior_one,0,23,0,0,0,0
16383,glass_ior_one,0,24,0.49658531,0.49658531,0.49658531,0
16383,glass_ior_one,0,25,0.251707345,0.251707345,0.251707345,0
16383,glass_ior_one,0,26,0.695866764,0.695866764,0.695866764,0
16383,glass_ior_one,0,28,-0.994987428,-0,-0.100000001,1
16383,glass_ior_one,0,29,0,0,0,0
16383,glass_ior_one,0,31,0.0795774683,0.0795774683,0.0795774683,0
16383,glass_ior_one,1,0,1,0,0.0500000007,1.39999998
16383,glass_ior_one,1,6,1,1,1,0
16383,glass_ior_one,1,7,0.89442718,0.89442718,0.89442718,1
16383,glass_ior_one,1,8,0,0,0,0
16383,glass_ior_one,1,9,0,0,0,0
16383,glass_ior_one,1,10,0,0,0,0
16383,glass_ior_one,1,11,0,0,0,0
16383,glass_ior_one,1,12,0,0,0,0
16383,glass_ior_one,1,16,0.89442718,0.89442718,0.89442718,0
16383,glass_ior_one,1,18,85.4702911,150.582535,41.2175789,0
16383,glass_ior_one,1,19,0.121571071,0.810320497,0.96955806,0
16383,glass_ior_one,1,20,0,0,0,0
16383,glass_ior_one,1,21,0.5,0.5,0.5,0
16383,glass_ior_one,1,22,0.5,0.5,0.5,0
16383,glass_ior_one,1,23,0,0,0,0
16383,glass_ior_one,1,24,0.49658531,0.49658531,0.49658531,0
16383,glass_ior_one,1,25,0.251707345,0.251707345,0.251707345,0
16383,glass_ior_one,1,26,0.695866764,0.695866764,0.695866764,0
16383,glass_ior_one,1,28,-0.866025388,-0,-0.5,1
16383,glass_ior_one,1,29,0,0,0,0
16383,glass_ior_one,1,31,0.0795774683,0.0795774683,0.0795774683,0
16383,glass_ior_one,2,0,1,0,0.0500000007,1.39999998
16383,glass_ior_one,2,6,1,1,1,0
16383,glass_ior_one,2,7,0.89442718,0.89442718,0.89442718,1
16383,glass_ior_one,2,8,0,0,0,0
16383,glass_ior_one,2,9,0,0,0,0
16383,glass_ior_one,2,10,0,0,0,0
16383,glass_ior_one,2,11,0,0,0,0
16383,glass_ior_one,2,12,0,0,0,0
16383,glass_ior_one,2,16,0.89442718,0.89442718,0.89442718,0
16383,glass_ior_one,2,18,85.4702911,150.582535,41.2175789,0
16383,glass_ior_one,2,19,0.121571071,0.810320497,0.96955806,0
16383,glass_ior_one,2,20,0,0,0,0
16383,glass_ior_one,2,21,0.5,0.5,0.5,0
16383,glass_ior_one,2,22,0.5,0.5,0.5,0
16383,glass_ior_one,2,23,0,0,0,0
16383,glass_ior_one,2,24,0.49658531,0.49658531,0.49658531,0
16383,glass_ior_one,2,25,0.251707345,0.251707345,0.251707345,0
16383,glass_ior_one,2,26,0.695866764,0.695866764,0.695866764,0
16383,glass_ior_one,2,28,-0.4358899,-0,-0.899999976,1
16383,glass_ior_one,2,29,0,0,0,0
16383,glass_ior_one,2,31,0.0795774683,0.0795774683,0.0795774683,0
16383,glass_ior_one,3,0,1,0,0.0500000007,1.39999998
16383,glass_ior_one,3,6,1,1,1,0
16383,glass_ior_one,3,7,0.89442718,0.89442718,0.89442718,1
16383,glass_ior_one,3,8,0,0,0,0
16383,glass_ior_one,3,9,0,0,0,0
16383,glass_ior_one,3,10,0,0,0,0
16383,glass_ior_one,3,11,0,0,0,0
16383,glass_ior_one,3,12,0,0,0,0
16383,glass_ior_one,3,16,0.89442718,0.89442718,0.89442718,0
16383,glass_ior_one,3,18,85.4702911,150.582535,41.2175789,0
16383,glass_ior_one,3,19,0.121571071,0.810320497,0.96955806,0
16383,glass_ior_one,3,20,0,0,0,0
16383,glass_ior_one,3,21,0.5,0.5,0.5,0
16383,glass_ior_one,3,22,0.5,0.5,0.5,0
16383,glass_ior_one,3,23,0,0,0,0
16383,glass_ior_one,3,24,0.49658531,0.49658531,0.49658531,0
16383,glass_ior_one,3,25,0.251707345,0.251707345,0.251707345,0
16383,glass_ior_one,3,26,0.695866764,0.695866764,0.695866764,0
16383,glass_ior_one,3,28,-0,-0.994987428,-0.100000001,1
16383,glass_ior_one,3,29,0,0,0,0
16383,glass_ior_one,3,31,0.0795774683,0.0795774683,0.0795774683,0
16383,glass_ior_one,4,0,1,0,0.0500000007,1.39999998
16383,glass_ior_one,4,6,1,1,1,0
16383,glass_ior_one,4,7,0.89442718,0.89442718,0.89442718,1
16383,glass_ior_one,4,8,0,0,0,0
16383,glass_ior_one,4,9,0,0,0,0
16383,glass_ior_one,4,10,0,0,0,0
16383,glass_ior_one,4,11,0,0,0,0
16383,glass_ior_one,4,12,0,0,0,0
16383,glass_ior_one,4,16,0.89442718,0.89442718,0.89442718,0
16383,glass_ior_one,4,18,85.4702911,150.582535,41.2175789,0
16383,glass_ior_one,4,19,0.121571071,0.810320497,0.96955806,0
16383,glass_ior_one,4,20,0,0,0,0
16383,glass_ior_one,4,21,0.5,0.5,0.5,0
16383,glass_ior_one,4,22,0.5,0.5,0.5,0
16383,glass_ior_one,4,23,0,0,0,0
16383,glass_ior_one,4,24,0.49658531,0.49658531,0.49658531,0
16383,glass_ior_one,4,25,0.251707345,0.251707345,0.251707345,0
16383,glass_ior_one,4,26,0.695866764,0.695866764,0.695866764,0
16383,glass_ior_one,4,28,-0,-0.866025388,-0.5,1
16383,glass_ior_one,4,29,0,0,0,0
16383,glass_ior_one,4,31,0.0795774683,0.0795774683,0.0795774683,0
16383,glass_ior_one,5,0,1,0,0.0500000007,1.39999998
16383,glass_ior_one,5,6,1,1,1,0
16383,glass_ior_one,5,7,0.89442718,0.89442718,0.89442718,1
16383,glass_ior_one,5,8,0,0,0,0
16383,glass_ior_one,5,9,0,0,0,0
16383,glass_ior_one,5,10,0,0,0,0
16383,glass_ior_one,5,11,0,0,0,0
16383,glass_ior_one,5,12,0,0,0,0
16383,glass_ior_one,5,16,0.89442718,0.89442718,0.89442718,0
16383,glass_ior_one,5,18,85.4702911,150.582535,41.2175789,0
16383,glass_ior_one,5,19,0.121571071,0.810320497,0.96955806,0
16383,glass_ior_one,5,20,0,0,0,0
16383,glass_ior_one,5,21,0.5,0.5,0.5,0
16383,glass_ior_one,5,22,0.5,0.5,0.5,0
16383,glass_ior_one,5,23,0,0,0,0
16383,glass_ior_one,5,24,0.49658531,0.49658531,0.49658531,0
16383,glass_ior_one,5,25,0.251707345,0.251707345,0.251707345,0
16383,glass_ior_one,5,26,0.695866764,0.695866764,0.695866764,0
16383,glass_ior_one,5,28,-0,-0.4358899,-0.899999976,1
16383,glass_ior_one,5,29,0,0,0,0
16383,glass_ior_one,5,31,0.0795774683,0.0795774683,0.0795774683,0
16383,glass_ignores_base_specular_level,0,0,1,0,0.0500000007,1.39999998
16383,glass_ignores_base_specular_level,0,6,0.738163948,0.738163948,0.738163948,0
16383,glass_ignores_base_specular_level,0,7,0.738794148,0.738794148,0.738794148,1
16383,glass_ignores_base_specular_level,0,8,0,0,0,0
16383,glass_ignores_base_specular_level,0,9,0,0,0,0
16383,glass_ignores_base_specular_level,0,10,0.00288025523,0.00288025523,0.00288025523,0
16383,glass_ignores_base_specular_level,0,11,0,0,0,0
16383,glass_ignores_base_specular_level,0,12,0,0,0,0
16383,glass_ignores_base_specular_level,0,16,0.912797213,0.912797213,0.912797213,0
16383,glass_ignores_base_specular_level,0,18,85.4702911,150.582535,41.2175789,0
16383,glass_ignores_base_specular_level,0,19,0.121571071,0.810320497,0.96955806,0
16383,glass_ignores_base_specular_level,0,20,0,0,0,0
16383,glass_ignores_base_specular_level,0,21,0.5,0.5,0.5,0
16383,glass_ignores_base_specular_level,0,22,0.5,0.5,0.5,0
16383,glass_ignores_base_specular_level,0,23,0,0,0,0
16383,glass_ignores_base_specular_level,0,24,0.49658531,0.49658531,0.49658531,0
16383,glass_ignores_base_specular_level,0,25,0.251707345,0.251707345,0.251707345,0
16383,glass_ignores_base_specular_level,0,26,0.704989016,0.704989016,0.704989016,0
16383,glass_ignores_base_specular_level,0,28,-0.663324952,-0,-0.748331487,1
16383,glass_ignores_base_specular_level,0,29,0.57159251,0.57159251,0.57159251,0
16383,glass_ignores_base_specular_level,0,31,0.0795774683,0.0795774683,0.0795774683,0
16383,glass_ignores_base_specular_level,1,0,1,0,0.0500000007,1.39999998
16383,glass_ignores_base_specular_level,1,6,0.891611159,0.891611159,0.891611159,0
16383,glass_ignores_base_specular_level,1,7,0.833870292,0.833870292,0.833870292,1
16383,glass_ignores_base_specular_level,1,8,0,0,0,0
16383,glass_ignores_base_specular_level,1,9,0,0,0,0
16383,glass_ignores_base_specular_level,1,10,0.00188488967,0.00188488967,0.00188488967,0
16383,glass_ignores_base_specular_level,1,11,0,0,0,0
16383,glass_ignores_base_specular_level,1,12,0,0,0,0
16383,glass_ignores_base_specular_level,1,16,0.901574969,0.901574969,0.901574969,0
16383,glass_ignores_base_specular_level,1,18,85.4702911,150.582535,41.2175789,0
16383,glass_ignores_base_specular_level,1,19,0.121571071,0.810320497,0.96955806,0
16383,glass_ignores_base_specular_level,1,20,0,0,0,0
16383,glass_ignores_base_specular_level,1,21,0.5,0.5,0.5,0
16383,glass_ignores_base_specular_level,1,22,0.5,0.5,0.5,0
16383,glass_ignores_base_specular_level,1,23,0,0,0,0
16383,glass_ignores_base_specular_level,1,24,0.49658531,0.49658531,0.49658531,0
16383,glass_ignores_base_specular_level,1,25,0.251707345,0.251707345,0.251707345,0
16383,glass_ignores_base_specular_level,1,26,0.69941622,0.69941622,0.69941622,0
16383,glass_ignores_base_specular_level,1,28,-0.577350259,-0,-0.816496611,1
16383,glass_ignores_base_specular_level,1,29,0.0891867131,0.0891867131,0.0891867131,0
16383,glass_ignores_base_specular_level,1,31,0.0795774683,0.0795774683,0.0795774683,0
16383,glass_ignores_base_specular_level,2,0,1,0,0.0500000007,1.39999998
16383,glass_ignores_base_specular_level,2,6,0.950719893,0.950719893,0.950719893,0
16383,glass_ignores_base_specular_level,2,7,0.859770179,0.859770179,0.859770179,1
16383,glass_ignores_base_specular_level,2,8,0,0,0,0
16383,glass_ignores_base_specular_level,2,9,0,0,0,0
16383,glass_ignores_base_specular_level,2,10,0.00421805214,0.00421805214,0.00421805214,0
16383,glass_ignores_base_specular_level,2,11,0,0,0,0
16383,glass_ignores_base_specular_level,2,12,0,0,0,0
16383,glass_ignores_base_specular_level,2,16,0.898517907,0.898517907,0.898517907,0
16383,glass_ignores_base_specular_level,2,18,85.4702911,150.582535,41.2175789,0
16383,glass_ignores_base_specular_level,2,19,0.121571071,0.810320497,0.96955806,0
16383,glass_ignores_base_specular_level,2,20,0,0,0,0
16383,glass_ignores_base_specular_level,2,21,0.5,0.5,0.5,0
16383,glass_ignores_base_specular_level,2,22,0.5,0.5,0.5,0
16383,glass_ignores_base_specular_level,2,23,0,0,0,0
16383,glass_ignores_base_specular_level,2,24,0.49658531,0.49658531,0.49658531,0
16383,glass_ignores_base_specular_level,2,25,0.251707345,0.251707345,0.251707345,0
16383,glass_ignores_base_specular_level,2,26,0.697898149,0.697898149,0.697898149,0
16383,glass_ignores_base_specular_level,2,28,-0.290593266,-0,-0.956846654,1
16383,glass_ignores_base_specular_level,2,29,0.0407918878,0.0407918878,0.0407918878,0
16383,glass_ignores_base_specular_level,2,31,0.0795774683,0.0795774683,0.0795774683,0
16383,glass_ignores_base_specular_level,3,0,1,0,0.0500000007,1.39999998
16383,glass_ignores_base_specular_level,3,6,0.722193062,0.722193062,0.722193062,0
16383,glass_ignores_base_specular_level,3,7,0.739212751,0.739212751,0.739212751,1
16383,glass_ignores_base_specular_level,3,8,0,0,0,0
16383,glass_ignores_base_specular_level,3,9,0,0,0,0
16383,glass_ignores_base_specular_level,3,10,0.00561784161,0.00561784161,0.00561784161,0
16383,glass_ignores_base_specular_level,3,11,0,0,0,0
16383,glass_ignores_base_specular_level,3,12,0,0,0,0
16383,glass_ignores_base_specular_level,3,16,0.9127478,0.9127478,0.9127478,0
16383,glass_ignores_base_specular_level,3,18,85.4702911,150.582535,41.2175789,0
16383,glass_ignores_base_specular_level,3,19,0.121571071,0.810320497,0.96955806,0
16383,glass_ignores_base_specular_level,3,20,0,0,0,0
16383,glass_ignores_base_specular_level,3,21,0.5,0.5,0.5,0
16383,glass_ignores_base_specular_level,3,22,0.5,0.5,0.5,0
16383,glass_ignores_base_specular_level,3,23,0,0,0,0
16383,glass_ignores_base_specular_level,3,24,0.49658531,0.49658531,0.49658531,0
16383,glass_ignores_base_specular_level,3,25,0.251707345,0.251707345,0.251707345,0
16383,glass_ignores_base_specular_level,3,26,0.704964459,0.704964459,0.704964459,0
16383,glass_ignores_base_specular_level,3,28,-0,-0.663324952,-0.748331487,1
16383,glass_ignores_base_specular_level,3,29,0.57159251,0.57159251,0.57159251,0
16383,glass_ignores_base_specular_level,3,31,0.0795774683,0.0795774683,0.0795774683,0
16383,glass_ignores_base_specular_level,4,0,1,0,0.0500000007,1.39999998
16383,glass_ignores_base_specular_level,4,6,0.884354949,0.884354949,0.884354949,0
16383,glass_ignores_base_specular_level,4,7,0.833886087,0.833886087,0.833886087,1
16383,glass_ignores_base_specular_level,4,8,0,0,0,0
16383,glass_ignores_base_specular_level,4,9,0,0,0,0
16383,glass_ignores_base_specular_level,4,10,0.00424304185,0.00424304185,0.00424304185,0
16383,glass_ignores_base_specular_level,4,11,0,0,0,0
16383,glass_ignores_base_specular_level,4,12,0,0,0,0
16383,glass_ignores_base_specular_level,4,16,0.901573122,0.901573122,0.901573122,0
16383,glass_ignores_base_specular_level,4,18,85.4702911,150.582535,41.2175789,0
16383,glass_ignores_base_specular_level,4,19,0.121571071,0.810320497,0.96955806,0
16383,glass_ignores_base_specular_level,4,20,0,0,0,0
16383,glass_ignores_base_specular_level,4,21,0.5,0.5,0.5,0
16383,glass_ignores_base_specular_level,4,22,0.5,0.5,0.5,0
16383,glass_ignores_base_specular_level,4,23,0,0,0,0
16383,glass_ignores_base_specular_level,4,24,0.49658531,0.49658531,0.49658531,0
16383,glass_ignores_base_specular_level,4,25,0.251707345,0.251707345,0.251707345,0
16383,glass_ignores_base_specular_level,4,26,0.699415326,0.699415326,0.699415326,0
16383,glass_ignores_base_specular_level,4,28,-0,-0.577350259,-0.816496611,1
16383,glass_ignores_base_specular_level,4,29,0.0891867131,0.0891867131,0.0891867131,0
16383,glass_ignores_base_specular_level,4,31,0.0795774683,0.0795774683,0.0795774683,0
16383,glass_ignores_base_specular_level,5,0,1,0,0.0500000007,1.39999998
16383,glass_ignores_base_specular_level,5,6,0.948228776,0.948228776,0.948228776,0
16383,glass_ignores_base_specular_level,5,7,0.859778106,0.859778106,0.859778106,1
16383,glass_ignores_base_specular_level,5,8,0,0,0,0
16383,glass_ignores_base_specular_level,5,9,0,0,0,0
16383,glass_ignores_base_specular_level,5,10,0.0121668,0.0121668,0.0121668,0
16383,glass_ignores_base_specular_level,5,11,0,0,0,0
16383,glass_ignores_base_specular_level,5,12,0.033123184,0.033123184,0.033123184,0
16383,glass_ignores_base_specular_level,5,16,0.898516953,0.898516953,0.898516953,0
16383,glass_ignores_base_specular_level,5,18,85.4702911,150.582535,41.2175789,0
16383,glass_ignores_base_specular_level,5,19,0.121571071,0.810320497,0.96955806,0
16383,glass_ignores_base_specular_level,5,20,0,0,0,0
16383,glass_ignores_base_specular_level,5,21,0.5,0.5,0.5,0
16383,glass_ignores_base_specular_level,5,22,0.5,0.5,0.5,0
16383,glass_ignores_base_specular_level,5,23,0,0,0,0
16383,glass_ignores_base_specular_level,5,24,0.49658531,0.49658531,0.49658531,0
16383,glass_ignores_base_specular_level,5,25,0.251707345,0.251707345,0.251707345,0
16383,glass_ignores_base_specular_level,5,26,0.697897673,0.697897673,0.697897673,0
16383,glass_ignores_base_specular_level,5,28,-0,-0.290593266,-0.956846654,1
16383,glass_ignores_base_specular_level,5,29,0.0407918878,0.0407918878,0.0407918878,0
16383,glass_ignores_base_specular_level,5,31,0.0795774683,0.0795774683,0.0795774683,0
16383,backface_mirror_tir,0,0,1,0,0.0500000007,1.39999998
16383,backface_mirror_tir,0,6,0,0,0,0
16383,backface_mirror_tir,0,7,0,0,0,1
16383,backface_mirror_tir,0,8,0,0,0,0
16383,backface_mirror_tir,0,9,0,0,0,0
16383,backface_mirror_tir,0,10,1.02551184e-07,1.02551184e-07,1.02551184e-07,0
16383,backface_mirror_tir,0,11,0,0,0,0
16383,backface_mirror_tir,0,12,0,0,0,0
16383,backface_mirror_tir,0,16,1,1,1,0
16383,backface_mirror_tir,0,18,85.4702911,150.582535,41.2175789,0
16383,backface_mirror_tir,0,19,0.121571071,0.810320497,0.96955806,0
16383,backface_mirror_tir,0,20,0,0,0,0
16383,backface_mirror_tir,0,21,0.5,0.5,0.5,0
16383,backface_mirror_tir,0,22,0.5,0.5,0.5,0
16383,backface_mirror_tir,0,23,0,0,0,0
16383,backface_mirror_tir,0,24,0.49658531,0.49658531,0.49658531,0
16383,backface_mirror_tir,0,25,0.251707345,0.251707345,0.251707345,0
16383,backface_mirror_tir,0,26,0.748292685,0.748292685,0.748292685,0
16383,backface_mirror_tir,0,28,0,0,0,0
16383,backface_mirror_tir,0,29,1,1,1,0
16383,backface_mirror_tir,0,31,0.0795774683,0.0795774683,0.0795774683,0
16383,backface_mirror_tir,1,0,1,0,0.0500000007,1.39999998
16383,backface_mirror_tir,1,6,0,0,0,0
16383,backface_mirror_tir,1,7,0,0,0,1
16383,backface_mirror_tir,1,8,0,0,0,0
16383,backface_mirror_tir,1,9,0,0,0,0
16383,backface_mirror_tir,1,10,3.23448432e-08,3.23448432e-08,3.23448432e-08,0
16383,backface_mirror_tir,1,11,0,0,0,0
16383,backface_mirror_tir,1,12,0,0,0,0
16383,backface_mirror_tir,1,16,1,1,1,0
16383,backface_mirror_tir,1,18,85.4702911,150.582535,41.2175789,0
16383,backface_mirror_tir,1,19,0.121571071,0.810320497,0.96955806,0
16383,backface_mirror_tir,1,20,0,0,0,0
16383,backface_mirror_tir,1,21,0.5,0.5,0.5,0
16383,backface_mirror_tir,1,22,0.5,0.5,0.5,0
16383,backface_mirror_tir,1,23,0,0,0,0
16383,backface_mirror_tir,1,24,0.49658531,0.49658531,0.49658531,0
16383,backface_mirror_tir,1,25,0.251707345,0.251707345,0.251707345,0
16383,backface_mirror_tir,1,26,0.748292685,0.748292685,0.748292685,0
16383,backface_mirror_tir,1,28,0,0,0,0
16383,backface_mirror_tir,1,29,1,1,1,0
16383,backface_mirror_tir,1,31,0.0795774683,0.0795774683,0.0795774683,0
16383,backface_mirror_tir,2,0,1,0,0.0500000007,1.39999998
16383,backface_mirror_tir,2,6,0.953667343,0.953667343,0.953667343,0
16383,backface_mirror_tir,2,7,0.852986038,0.852986038,0.852986038,1
16383,backface_mirror_tir,2,8,0,0,0,0
16383,backface_mirror_tir,2,9,0,0,0,0
16383,backface_mirror_tir,2,10,1.09846226e-07,1.09846226e-07,1.09846226e-07,0
16383,backface_mirror_tir,2,11,0,0,0,0
16383,backface_mirror_tir,2,12,0,0,0,0
16383,backface_mirror_tir,2,16,0.899318635,0.899318635,0.899318635,0
16383,backface_mirror_tir,2,18,85.4702911,150.582535,41.2175789,0
16383,backface_mirror_tir,2,19,0.121571071,0.810320497,0.96955806,0
16383,backface_mirror_tir,2,20,0,0,0,0
16383,backface_mirror_tir,2,21,0.5,0.5,0.5,0
16383,backface_mirror_tir,2,22,0.5,0.5,0.5,0
16383,backface_mirror_tir,2,23,0,0,0,0
16383,backface_mirror_tir,2,24,0.49658531,0.49658531,0.49658531,0
16383,backface_mirror_tir,2,25,0.251707345,0.251707345,0.251707345,0
16383,backface_mirror_tir,2,26,0.698295772,0.698295772,0.698295772,0
16383,backface_mirror_tir,2,28,-0.65383482,-0,0.756637275,1
16383,backface_mirror_tir,2,29,0.0463326462,0.0463326462,0.0463326462,0
16383,backface_mirror_tir,2,31,0.0795774683,0.0795774683,0.0795774683,0
16383,backface_mirror_tir,3,0,1,0,0.0500000007,1.39999998
16383,backface_mirror_tir,3,6,0,0,0,0
16383,backface_mirror_tir,3,7,0,0,0,1
16383,backface_mirror_tir,3,8,0,0,0,0
16383,backface_mirror_tir,3,9,0,0,0,0
16383,backface_mirror_tir,3,10,3.37059168e-06,3.37059168e-06,3.37059168e-06,0
16383,backface_mirror_tir,3,11,0,0,0,0
16383,backface_mirror_tir,3,12,0,0,0,0
16383,backface_mirror_tir,3,16,1,1,1,0
16383,backface_mirror_tir,3,18,85.4702911,150.582535,41.2175789,0
16383,backface_mirror_tir,3,19,0.121571071,0.810320497,0.96955806,0
16383,backface_mirror_tir,3,20,0,0,0,0
16383,backface_mirror_tir,3,21,0.5,0.5,0.5,0
16383,backface_mirror_tir,3,22,0.5,0.5,0.5,0
16383,backface_mirror_tir,3,23,0,0,0,0
16383,backface_mirror_tir,3,24,0.49658531,0.49658531,0.49658531,0
16383,backface_mirror_tir,3,25,0.251707345,0.251707345,0.251707345,0
16383,backface_mirror_tir,3,26,0.748292685,0.748292685,0.748292685,0
16383,backface_mirror_tir,3,28,0,0,0,0
16383,backface_mirror_tir,3,29,1,1,1,0
16383,backface_mirror_tir,3,31,0.0795774683,0.0795774683,0.0795774683,0
16383,backface_mirror_tir,4,0,1,0,0.0500000007,1.39999998
16383,backface_mirror_tir,4,6,0,0,0,0
16383,backface_mirror_tir,4,7,0,0,0,1
16383,backface_mirror_tir,4,8,0,0,0,0
16383,backface_mirror_tir,4,9,0,0,0,0
16383,backface_mirror_tir,4,10,1.6665895e-07,1.6665895e-07,1.6665895e-07,0
16383,backface_mirror_tir,4,11,0,0,0,0
16383,backface_mirror_tir,4,12,0,0,0,0
16383,backface_mirror_tir,4,16,1,1,1,0
16383,backface_mirror_tir,4,18,85.4702911,150.582535,41.2175789,0
16383,backface_mirror_tir,4,19,0.121571071,0.810320497,0.96955806,0
16383,backface_mirror_tir,4,20,0,0,0,0
16383,backface_mirror_tir,4,21,0.5,0.5,0.5,0
16383,backface_mirror_tir,4,22,0.5,0.5,0.5,0
16383,backface_mirror_tir,4,23,0,0,0,0
16383,backface_mirror_tir,4,24,0.49658531,0.49658531,0.49658531,0
16383,backface_mirror_tir,4,25,0.251707345,0.251707345,0.251707345,0
16383,backface_mirror_tir,4,26,0.748292685,0.748292685,0.748292685,0
16383,backface_mirror_tir,4,28,0,0,0,0
16383,backface_mirror_tir,4,29,1,1,1,0
16383,backface_mirror_tir,4,31,0.0795774683,0.0795774683,0.0795774683,0
16383,backface_mirror_tir,5,0,1,0,0.0500000007,1.39999998
16383,backface_mirror_tir,5,6,0.953667343,0.953667343,0.953667343,0
16383,backface_mirror_tir,5,7,0.852986038,0.852986038,0.852986038,1
16383,backface_mirror_tir,5,8,0,0,0,0
16383,backface_mirror_tir,5,9,0,0,0,0
16383,backface_mirror_tir,5,10,6.10341885e-07,6.10341885e-07,6.10341885e-07,0
16383,backface_mirror_tir,5,11,0,0,0,0
16383,backface_mirror_tir,5,12,2.26803024e-07,2.26803024e-07,2.26803024e-07,0
16383,backface_mirror_tir,5,16,0.899318635,0.899318635,0.899318635,0
16383,backface_mirror_tir,5,18,85.4702911,150.582535,41.2175789,0
16383,backface_mirror_tir,5,19,0.121571071,0.810320497,0.96955806,0
16383,backface_mirror_tir,5,20,0,0,0,0
16383,backface_mirror_tir,5,21,0.5,0.5,0.5,0
16383,backface_mirror_tir,5,22,0.5,0.5,0.5,0
16383,backface_mirror_tir,5,23,0,0,0,0
16383,backface_mirror_tir,5,24,0.49658531,0.49658531,0.49658531,0
16383,backface_mirror_tir,5,25,0.251707345,0.251707345,0.251707345,0
16383,backface_mirror_tir,5,26,0.698295772,0.698295772,0.698295772,0
16383,backface_mirror_tir,5,28,-0,-0.65383482,0.756637275,1
16383,backface_mirror_tir,5,29,0.0463326462,0.0463326462,0.0463326462,0
16383,backface_mirror_tir,5,31,0.0795774683,0.0795774683,0.0795774683,0
16383,backface_rough_glass,0,0,1,0,0.0500000007,1.39999998
16383,backface_rough_glass,0,6,0.0265710428,0.0265710428,0.0265710428,0
16383,backface_rough_glass,0,7,0.138777718,0.138777718,0.138777718,1
16383,backface_rough_glass,0,8,0,0,0,0
16383,backface_rough_glass,0,9,0,0,0,0
16383,backface_rough_glass,0,10,0.0178070925,0.0178070925,0.0178070925,0
16383,backface_rough_glass,0,11,0,0,0,0
16383,backface_rough_glass,0,12,0,0,0,0
16383,backface_rough_glass,0,16,0.983619511,0.983619511,0.983619511,0
16383,backface_rough_glass,0,18,85.4702911,150.582535,41.2175789,0
16383,backface_rough_glass,0,19,0.121571071,0.810320497,0.96955806,0
16383,backface_rough_glass,0,20,0,0,0,0
16383,backface_rough_glass,0,21,0.5,0.5,0.5,0
16383,backface_rough_glass,0,22,0.5,0.5,0.5,0
16383,backface_rough_glass,0,23,0,0,0,0
16383,backface_rough_glass,0,24,0.49658531,0.49658531,0.49658531,0
16383,backface_rough_glass,0,25,0.251707345,0.251707345,0.251707345,0
16383,backface_rough_glass,0,26,0.740158319,0.740158319,0.740158319,0
16383,backface_rough_glass,0,28,0,0,0,0
16383,backface_rough_glass,0,29,1,1,1,0
16383,backface_rough_glass,0,31,0.0795774683,0.0795774683,0.0795774683,0
16383,backface_rough_glass,1,0,1,0,0.0500000007,1.39999998
16383,backface_rough_glass,1,6,0.101194352,0.101194352,0.101194352,0
16383,backface_rough_glass,1,7,0.183322117,0.183322117,0.183322117,1
16383,backface_rough_glass,1,8,0,0,0,0
16383,backface_rough_glass,1,9,0,0,0,0
16383,backface_rough_glass,1,10,0.0215640645,0.0215640645,0.0215640645,0
16383,backface_rough_glass,1,11,0,0,0,0
16383,backface_rough_glass,1,12,0,0,0,0
16383,backface_rough_glass,1,16,0.978361785,0.978361785,0.978361785,0
16383,backface_rough_glass,1,18,85.4702911,150.582535,41.2175789,0
16383,backface_rough_glass,1,19,0.121571071,0.810320497,0.96955806,0
16383,backface_rough_glass,1,20,0,0,0,0
16383,backface_rough_glass,1,21,0.5,0.5,0.5,0
16383,backface_rough_glass,1,22,0.5,0.5,0.5,0
16383,backface_rough_glass,1,23,0,0,0,0
16383,backface_rough_glass,1,24,0.49658531,0.49658531,0.49658531,0
16383,backface_rough_glass,1,25,0.251707345,0.251707345,0.251707345,0
16383,backface_rough_glass,1,26,0.737547398,0.737547398,0.737547398,0
16383,backface_rough_glass,1,28,0,0,0,0
16383,backface_rough_glass,1,29,1,1,1,0
16383,backface_rough_glass,1,31,0.0795774683,0.0795774683,0.0795774683,0
16383,backface_rough_glass,2,0,1,0,0.0500000007,1.39999998
16383,backface_rough_glass,2,6,0.786201179,0.786201179,0.786201179,0
16383,backface_rough_glass,2,7,0.771787703,0.771787703,0.771787703,1
16383,backface_rough_glass,2,8,0,0,0,0
16383,backface_rough_glass,2,9,0,0,0,0
16383,backface_rough_glass,2,10,0.00630836375,0.00630836375,0.00630836375,0
16383,backface_rough_glass,2,11,0,0,0,0
16383,backface_rough_glass,2,12,0,0,0,0
16383,backface_rough_glass,2,16,0.908902824,0.908902824,0.908902824,0
16383,backface_rough_glass,2,18,85.4702911,150.582535,41.2175789,0
16383,backface_rough_glass,2,19,0.121571071,0.810320497,0.96955806,0
16383,backface_rough_glass,2,20,0,0,0,0
16383,backface_rough_glass,2,21,0.5,0.5,0.5,0
16383,backface_rough_glass,2,22,0.5,0.5,0.5,0
16383,backface_rough_glass,2,23,0,0,0,0
16383,backface_rough_glass,2,24,0.49658531,0.49658531,0.49658531,0
16383,backface_rough_glass,2,25,0.251707345,0.251707345,0.251707345,0
16383,backface_rough_glass,2,26,0.703055143,0.703055143,0.703055143,0
16383,backface_rough_glass,2,28,-0.65383482,-0,0.756637275,1
16383,backface_rough_glass,2,29,0.0463326462,0.0463326462,0.0463326462,0
16383,backface_rough_glass,2,31,0.0795774683,0.0795774683,0.0795774683,0
16383,backface_rough_glass,3,0,1,0,0.0500000007,1.39999998
16383,backface_rough_glass,3,6,0.0102547202,0.0102547202,0.0102547202,0
16383,backface_rough_glass,3,7,0.130344406,0.130344406,0.130344406,1
16383,backface_rough_glass,3,8,0,0,0,0
16383,backface_rough_glass,3,9,0,0,0,0
16383,backface_rough_glass,3,10,0.116534129,0.116534129,0.116534129,0
16383,backface_rough_glass,3,11,0,0,0,0
16383,backface_rough_glass,3,12,0,0,0,0
16383,backface_rough_glass,3,16,0.984614909,0.984614909,0.984614909,0
16383,backface_rough_glass,3,18,85.4702911,150.582535,41.2175789,0
16383,backface_rough_glass,3,19,0.121571071,0.810320497,0.96955806,0
16383,backface_rough_glass,3,20,0,0,0,0
16383,backface_rough_glass,3,21,0.5,0.5,0.5,0
16383,backface_rough_glass,3,22,0.5,0.5,0.5,0
16383,backface_rough_glass,3,23,0,0,0,0
16383,backface_rough_glass,3,24,0.49658531,0.49658531,0.49658531,0
16383,backface_rough_glass,3,25,0.251707345,0.251707345,0.251707345,0
16383,backface_rough_glass,3,26,0.74065268,0.74065268,0.74065268,0
16383,backface_rough_glass,3,28,0,0,0,0
16383,backface_rough_glass,3,29,1,1,1,0
16383,backface_rough_glass,3,31,0.0795774683,0.0795774683,0.0795774683,0
16383,backface_rough_glass,4,0,1,0,0.0500000007,1.39999998
16383,backface_rough_glass,4,6,0.0945774466,0.0945774466,0.0945774466,0
16383,backface_rough_glass,4,7,0.183561772,0.183561772,0.183561772,1
16383,backface_rough_glass,4,8,0,0,0,0
16383,backface_rough_glass,4,9,0,0,0,0
16383,backface_rough_glass,4,10,0.0270882342,0.0270882342,0.0270882342,0
16383,backface_rough_glass,4,11,0,0,0,0
16383,backface_rough_glass,4,12,0,0,0,0
16383,backface_rough_glass,4,16,0.978333473,0.978333473,0.978333473,0
16383,backface_rough_glass,4,18,85.4702911,150.582535,41.2175789,0
16383,backface_rough_glass,4,19,0.121571071,0.810320497,0.96955806,0
16383,backface_rough_glass,4,20,0,0,0,0
16383,backface_rough_glass,4,21,0.5,0.5,0.5,0
16383,backface_rough_glass,4,22,0.5,0.5,0.5,0
16383,backface_rough_glass,4,23,0,0,0,0
16383,backface_rough_glass,4,24,0.49658531,0.49658531,0.49658531,0
16383,backface_rough_glass,4,25,0.251707345,0.251707345,0.251707345,0
16383,backface_rough_glass,4,26,0.737533391,0.737533391,0.737533391,0
16383,backface_rough_glass,4,28,0,0,0,0
16383,backface_rough_glass,4,29,1,1,1,0
16383,backface_rough_glass,4,31,0.0795774683,0.0795774683,0.0795774683,0
16383,backface_rough_glass,5,0,1,0,0.0500000007,1.39999998
16383,backface_rough_glass,5,6,0.785112381,0.785112381,0.785112381,0
16383,backface_rough_glass,5,7,0.772143066,0.772143066,0.772143066,1
16383,backface_rough_glass,5,8,0,0,0,0
16383,backface_rough_glass,5,9,0,0,0,0
16383,backface_rough_glass,5,10,0.0146577796,0.0146577796,0.0146577796,0
16383,backface_rough_glass,5,11,0,0,0,0
16383,backface_rough_glass,5,12,0.0147074871,0.0147074871,0.0147074871,0
16383,backface_rough_glass,5,16,0.908860862,0.908860862,0.908860862,0
16383,backface_rough_glass,5,18,85.4702911,150.582535,41.2175789,0
16383,backface_rough_glass,5,19,0.121571071,0.810320497,0.96955806,0
16383,backface_rough_glass,5,20,0,0,0,0
16383,backface_rough_glass,5,21,0.5,0.5,0.5,0
16383,backface_rough_glass,5,22,0.5,0.5,0.5,0
16383,backface_rough_glass,5,23,0,0,0,0
16383,backface_rough_glass,5,24,0.49658531,0.49658531,0.49658531,0
16383,backface_rough_glass,5,25,0.251707345,0.251707345,0.251707345,0
16383,backface_rough_glass,5,26,0.703034282,0.703034282,0.703034282,0
16383,backface_rough_glass,5,28,-0,-0.65383482,0.756637275,1
16383,backface_rough_glass,5,29,0.0463326462,0.0463326462,0.0463326462,0
16383,backface_rough_glass,5,31,0.0795774683,0.0795774683,0.0795774683,0
16383,metal_ignores_transmission_sss,0,0,1,1,0.0500000007,1.39999998
16383,metal_ignores_transmission_sss,0,6,0,0,0,0
16383,metal_ignores_transmission_sss,0,7,0,0,0,0
16383,metal_ignores_transmission_sss,0,8,0,0,0,0
16383,metal_ignores_transmission_sss,0,9,0,0,0,0
16383,metal_ignores_transmission_sss,0,10,0.065582186,0.065582186,0.065582186,0
16383,metal_ignores_transmission_sss,0,11,0,0,0,0
16383,metal_ignores_transmission_sss,0,12,0,0,0,0
16383,metal_ignores_transmission_sss,0,16,0.813963175,0.813963175,0.813963175,0
16383,metal_ignores_transmission_sss,0,18,85.4702911,150.582535,41.2175789,0
16383,metal_ignores_transmission_sss,0,19,0.121571071,0.810320497,0.96955806,0
16383,metal_ignores_transmission_sss,0,20,0,0,0,0
16383,metal_ignores_transmission_sss,0,21,0.5,0.5,0.5,0
16383,metal_ignores_transmission_sss,0,22,0.5,0.5,0.5,0
16383,metal_ignores_transmission_sss,0,23,0,0,0,0
16383,metal_ignores_transmission_sss,0,24,0.49658531,0.49658531,0.49658531,0
16383,metal_ignores_transmission_sss,0,25,0.251707345,0.251707345,0.251707345,0
16383,metal_ignores_transmission_sss,0,26,0.655909538,0.655909538,0.655909538,0
16383,metal_ignores_transmission_sss,0,28,-0.663324952,-0,-0.748331487,1
16383,metal_ignores_transmission_sss,0,29,0.57159251,0.57159251,0.57159251,0
16383,metal_ignores_transmission_sss,0,31,0.0795774683,0.0795774683,0.0795774683,0
16383,metal_ignores_transmission_sss,1,0,1,1,0.0500000007,1.39999998
16383,metal_ignores_transmission_sss,1,6,0,0,0,0
16383,metal_ignores_transmission_sss,1,7,0,0,0,0
16383,metal_ignores_transmission_sss,1,8,0,0,0,0
16383,metal_ignores_transmission_sss,1,9,0,0,0,0
16383,metal_ignores_transmission_sss,1,10,0.058785364,0.058785364,0.058785364,0
16383,metal_ignores_transmission_sss,1,11,0,0,0,0
16383,metal_ignores_transmission_sss,1,12,0,0,0,0
16383,metal_ignores_transmission_sss,1,16,0.780115008,0.780115008,0.780115008,0
16383,metal_ignores_transmission_sss,1,18,85.4702911,150.582535,41.2175789,0
16383,metal_ignores_transmission_sss,1,19,0.121571071,0.810320497,0.96955806,0
16383,metal_ignores_transmission_sss,1,20,0,0,0,0
16383,metal_ignores_transmission_sss,1,21,0.5,0.5,0.5,0
16383,metal_ignores_transmission_sss,1,22,0.5,0.5,0.5,0
16383,metal_ignores_transmission_sss,1,23,0,0,0,0
16383,metal_ignores_transmission_sss,1,24,0.49658531,0.49658531,0.49658531,0
16383,metal_ignores_transmission_sss,1,25,0.251707345,0.251707345,0.251707345,0
16383,metal_ignores_transmission_sss,1,26,0.639100969,0.639100969,0.639100969,0
16383,metal_ignores_transmission_sss,1,28,-0.577350259,-0,-0.816496611,1
16383,metal_ignores_transmission_sss,1,29,0.0891867131,0.0891867131,0.0891867131,0
16383,metal_ignores_transmission_sss,1,31,0.0795774683,0.0795774683,0.0795774683,0
16383,metal_ignores_transmission_sss,2,0,1,1,0.0500000007,1.39999998
16383,metal_ignores_transmission_sss,2,6,0,0,0,0
16383,metal_ignores_transmission_sss,2,7,0,0,0,0
16383,metal_ignores_transmission_sss,2,8,0,0,0,0
16383,metal_ignores_transmission_sss,2,9,0,0,0,0
16383,metal_ignores_transmission_sss,2,10,0.0993855596,0.0993855596,0.0993855596,0
16383,metal_ignores_transmission_sss,2,11,0,0,0,0
16383,metal_ignores_transmission_sss,2,12,0,0,0,0
16383,metal_ignores_transmission_sss,2,16,0.784928679,0.784928679,0.784928679,0
16383,metal_ignores_transmission_sss,2,18,85.4702911,150.582535,41.2175789,0
16383,metal_ignores_transmission_sss,2,19,0.121571071,0.810320497,0.96955806,0
16383,metal_ignores_transmission_sss,2,20,0,0,0,0
16383,metal_ignores_transmission_sss,2,21,0.5,0.5,0.5,0
16383,metal_ignores_transmission_sss,2,22,0.5,0.5,0.5,0
16383,metal_ignores_transmission_sss,2,23,0,0,0,0
16383,metal_ignores_transmission_sss,2,24,0.49658531,0.49658531,0.49658531,0
16383,metal_ignores_transmission_sss,2,25,0.251707345,0.251707345,0.251707345,0
16383,metal_ignores_transmission_sss,2,26,0.641491413,0.641491413,0.641491413,0
16383,metal_ignores_transmission_sss,2,28,-0.290593266,-0,-0.956846654,1
16383,metal_ignores_transmission_sss,2,29,0.0407918878,0.0407918878,0.0407918878,0
16383,metal_ignores_transmission_sss,2,31,0.0795774683,0.0795774683,0.0795774683,0
16383,metal_ignores_transmission_sss,3,0,1,1,0.0500000007,1.39999998
16383,metal_ignores_transmission_sss,3,6,0,0,0,0
16383,metal_ignores_transmission_sss,3,7,0,0,0,0
16383,metal_ignores_transmission_sss,3,8,0,0,0,0
16383,metal_ignores_transmission_sss,3,9,0,0,0,0
16383,metal_ignores_transmission_sss,3,10,0.102660842,0.102660842,0.102660842,0
16383,metal_ignores_transmission_sss,3,11,0,0,0,0
16383,metal_ignores_transmission_sss,3,12,0,0,0,0
16383,metal_ignores_transmission_sss,3,16,0.811240673,0.811240673,0.811240673,0
16383,metal_ignores_transmission_sss,3,18,85.4702911,150.582535,41.2175789,0
16383,metal_ignores_transmission_sss,3,19,0.121571071,0.810320497,0.96955806,0
16383,metal_ignores_transmission_sss,3,20,0,0,0,0
16383,metal_ignores_transmission_sss,3,21,0.5,0.5,0.5,0
16383,metal_ignores_transmission_sss,3,22,0.5,0.5,0.5,0
16383,metal_ignores_transmission_sss,3,23,0,0,0,0
16383,metal_ignores_transmission_sss,3,24,0.49658531,0.49658531,0.49658531,0
16383,metal_ignores_transmission_sss,3,25,0.251707345,0.251707345,0.251707345,0
16383,metal_ignores_transmission_sss,3,26,0.654557526,0.654557526,0.654557526,0
16383,metal_ignores_transmission_sss,3,28,-0,-0.663324952,-0.748331487,1
16383,metal_ignores_transmission_sss,3,29,0.57159251,0.57159251,0.57159251,0
16383,metal_ignores_transmission_sss,3,31,0.0795774683,0.0795774683,0.0795774683,0
16383,metal_ignores_transmission_sss,4,0,1,1,0.0500000007,1.39999998
16383,metal_ignores_transmission_sss,4,6,0,0,0,0
16383,metal_ignores_transmission_sss,4,7,0,0,0,0
16383,metal_ignores_transmission_sss,4,8,0,0,0,0
16383,metal_ignores_transmission_sss,4,9,0,0,0,0
16383,metal_ignores_transmission_sss,4,10,0.100994349,0.100994349,0.100994349,0
16383,metal_ignores_transmission_sss,4,11,0,0,0,0
16383,metal_ignores_transmission_sss,4,12,0,0,0,0
16383,metal_ignores_transmission_sss,4,16,0.780057311,0.780057311,0.780057311,0
16383,metal_ignores_transmission_sss,4,18,85.4702911,150.582535,41.2175789,0
16383,metal_ignores_transmission_sss,4,19,0.121571071,0.810320497,0.96955806,0
16383,metal_ignores_transmission_sss,4,20,0,0,0,0
16383,metal_ignores_transmission_sss,4,21,0.5,0.5,0.5,0
16383,metal_ignores_transmission_sss,4,22,0.5,0.5,0.5,0
16383,metal_ignores_transmission_sss,4,23,0,0,0,0
16383,metal_ignores_transmission_sss,4,24,0.49658531,0.49658531,0.49658531,0
16383,metal_ignores_transmission_sss,4,25,0.251707345,0.251707345,0.251707345,0
16383,metal_ignores_transmission_sss,4,26,0.639072359,0.639072359,0.639072359,0
16383,metal_ignores_transmission_sss,4,28,-0,-0.577350259,-0.816496611,1
16383,metal_ignores_transmission_sss,4,29,0.0891867131,0.0891867131,0.0891867131,0
16383,metal_ignores_transmission_sss,4,31,0.0795774683,0.0795774683,0.0795774683,0
16383,metal_ignores_transmission_sss,5,0,1,1,0.0500000007,1.39999998
16383,metal_ignores_transmission_sss,5,6,0,0,0,0
16383,metal_ignores_transmission_sss,5,7,0,0,0,0
16383,metal_ignores_transmission_sss,5,8,0,0,0,0
16383,metal_ignores_transmission_sss,5,9,0,0,0,0
16383,metal_ignores_transmission_sss,5,10,0.256917477,0.256917477,0.256917477,0
16383,metal_ignores_transmission_sss,5,11,0,0,0,0
16383,metal_ignores_transmission_sss,5,12,0,0,0,0
16383,metal_ignores_transmission_sss,5,16,0.784890175,0.784890175,0.784890175,0
16383,metal_ignores_transmission_sss,5,18,85.4702911,150.582535,41.2175789,0
16383,metal_ignores_transmission_sss,5,19,0.121571071,0.810320497,0.96955806,0
16383,metal_ignores_transmission_sss,5,20,0,0,0,0
16383,metal_ignores_transmission_sss,5,21,0.5,0.5,0.5,0
16383,metal_ignores_transmission_sss,5,22,0.5,0.5,0.5,0
16383,metal_ignores_transmission_sss,5,23,0,0,0,0
16383,metal_ignores_transmission_sss,5,24,0.49658531,0.49658531,0.49658531,0
16383,metal_ignores_transmission_sss,5,25,0.251707345,0.251707345,0.251707345,0
16383,metal_ignores_transmission_sss,5,26,0.64147228,0.64147228,0.64147228,0
16383,metal_ignores_transmission_sss,5,28,-0,-0.290593266,-0.956846654,1
16383,metal_ignores_transmission_sss,5,29,0.0407918878,0.0407918878,0.0407918878,0
16383,metal_ignores_transmission_sss,5,31,0.0795774683,0.0795774683,0.0795774683,0
16383,mixed_metal_transmission_sss,0,0,1,1,0.0500000007,1.39999998
16383,mixed_metal_transmission_sss,0,6,0.738163948,0.738163948,0.738163948,0
16383,mixed_metal_transmission_sss,0,7,0.443276495,0.443276495,0.443276495,0.600000024
16383,mixed_metal_transmission_sss,0,8,0,0,0,0
16383,mixed_metal_transmission_sss,0,9,0,0,0,0
16383,mixed_metal_transmission_sss,0,10,0.0279610269,0.0279610269,0.0279610269,0
16383,mixed_metal_transmission_sss,0,11,0,0,0,0
16383,mixed_metal_transmission_sss,0,12,0,0,0,0
16383,mixed_metal_transmission_sss,0,16,0.873263597,0.873263597,0.873263597,0
16383,mixed_metal_transmission_sss,0,18,85.4702911,150.582535,41.2175789,0
16383,mixed_metal_transmission_sss,0,19,0.121571071,0.810320497,0.96955806,0
16383,mixed_metal_transmission_sss,0,20,0,0,0,0
16383,mixed_metal_transmission_sss,0,21,0.5,0.5,0.5,0
16383,mixed_metal_transmission_sss,0,22,0.5,0.5,0.5,0
16383,mixed_metal_transmission_sss,0,23,0,0,0,0
16383,mixed_metal_transmission_sss,0,24,0.49658531,0.49658531,0.49658531,0
16383,mixed_metal_transmission_sss,0,25,0.251707345,0.251707345,0.251707345,0
16383,mixed_metal_transmission_sss,0,26,0.685357213,0.685357213,0.685357213,0
16383,mixed_metal_transmission_sss,0,28,-0.663324952,-0,-0.748331487,1
16383,mixed_metal_transmission_sss,0,29,0.57159251,0.57159251,0.57159251,0
16383,mixed_metal_transmission_sss,0,31,0.0795774683,0.0795774683,0.0795774683,0
16383,mixed_metal_transmission_sss,1,0,1,1,0.0500000007,1.39999998
16383,mixed_metal_transmission_sss,1,6,0.891611159,0.891611159,0.891611159,0
16383,mixed_metal_transmission_sss,1,7,0.500322163,0.500322163,0.500322163,0.600000024
16383,mixed_metal_transmission_sss,1,8,0,0,0,0
16383,mixed_metal_transmission_sss,1,9,0,0,0,0
16383,mixed_metal_transmission_sss,1,10,0.0246450789,0.0246450789,0.0246450789,0
16383,mixed_metal_transmission_sss,1,11,0,0,0,0
16383,mixed_metal_transmission_sss,1,12,0,0,0,0
16383,mixed_metal_transmission_sss,1,16,0.852990985,0.852990985,0.852990985,0
16383,mixed_metal_transmission_sss,1,18,85.4702911,150.582535,41.2175789,0
16383,mixed_metal_transmission_sss,1,19,0.121571071,0.810320497,0.96955806,0
16383,mixed_metal_transmission_sss,1,20,0,0,0,0
16383,mixed_metal_transmission_sss,1,21,0.5,0.5,0.5,0
16383,mixed_metal_transmission_sss,1,22,0.5,0.5,0.5,0
16383,mixed_metal_transmission_sss,1,23,0,0,0,0
16383,mixed_metal_transmission_sss,1,24,0.49658531,0.49658531,0.49658531,0
16383,mixed_metal_transmission_sss,1,25,0.251707345,0.251707345,0.251707345,0
16383,mixed_metal_transmission_sss,1,26,0.675290108,0.675290108,0.675290108,0
16383,mixed_metal_transmission_sss,1,28,-0.577350259,-0,-0.816496611,1
16383,mixed_metal_transmission_sss,1,29,0.0891867131,0.0891867131,0.0891867131,0
16383,mixed_metal_transmission_sss,1,31,0.0795774683,0.0795774683,0.0795774683,0
16383,mixed_metal_transmission_sss,2,0,1,1,0.0500000007,1.39999998
16383,mixed_metal_transmission_sss,2,6,0.950719893,0.950719893,0.950719893,0
16383,mixed_metal_transmission_sss,2,7,0.515862107,0.515862107,0.515862107,0.600000024
16383,mixed_metal_transmission_sss,2,8,0,0,0,0
16383,mixed_metal_transmission_sss,2,9,0,0,0,0
16383,mixed_metal_transmission_sss,2,10,0.0422850586,0.0422850586,0.0422850586,0
16383,mixed_metal_transmission_sss,2,11,0,0,0,0
16383,mixed_metal_transmission_sss,2,12,0,0,0,0
16383,mixed_metal_transmission_sss,2,16,0.85308218,0.85308218,0.85308218,0
16383,mixed_metal_transmission_sss,2,18,85.4702911,150.582535,41.2175789,0
16383,mixed_metal_transmission_sss,2,19,0.121571071,0.810320497,0.96955806,0
16383,mixed_metal_transmission_sss,2,20,0,0,0,0
16383,mixed_metal_transmission_sss,2,21,0.5,0.5,0.5,0
16383,mixed_metal_transmission_sss,2,22,0.5,0.5,0.5,0
16383,mixed_metal_transmission_sss,2,23,0,0,0,0
16383,mixed_metal_transmission_sss,2,24,0.49658531,0.49658531,0.49658531,0
16383,mixed_metal_transmission_sss,2,25,0.251707345,0.251707345,0.251707345,0
16383,mixed_metal_transmission_sss,2,26,0.675335467,0.675335467,0.675335467,0
16383,mixed_metal_transmission_sss,2,28,-0.290593266,-0,-0.956846654,1
16383,mixed_metal_transmission_sss,2,29,0.0407918878,0.0407918878,0.0407918878,0
16383,mixed_metal_transmission_sss,2,31,0.0795774683,0.0795774683,0.0795774683,0
16383,mixed_metal_transmission_sss,3,0,1,1,0.0500000007,1.39999998
16383,mixed_metal_transmission_sss,3,6,0.722193062,0.722193062,0.722193062,0
16383,mixed_metal_transmission_sss,3,7,0.443527639,0.443527639,0.443527639,0.600000024
16383,mixed_metal_transmission_sss,3,8,0,0,0,0
16383,mixed_metal_transmission_sss,3,9,0,0,0,0
16383,mixed_metal_transmission_sss,3,10,0.0444350429,0.0444350429,0.0444350429,0
16383,mixed_metal_transmission_sss,3,11,0,0,0,0
16383,mixed_metal_transmission_sss,3,12,0,0,0,0
16383,mixed_metal_transmission_sss,3,16,0.872144938,0.872144938,0.872144938,0
16383,mixed_metal_transmission_sss,3,18,85.4702911,150.582535,41.2175789,0
16383,mixed_metal_transmission_sss,3,19,0.121571071,0.810320497,0.96955806,0
16383,mixed_metal_transmission_sss,3,20,0,0,0,0
16383,mixed_metal_transmission_sss,3,21,0.5,0.5,0.5,0
16383,mixed_metal_transmission_sss,3,22,0.5,0.5,0.5,0
16383,mixed_metal_transmission_sss,3,23,0,0,0,0
16383,mixed_metal_transmission_sss,3,24,0.49658531,0.49658531,0.49658531,0
16383,mixed_metal_transmission_sss,3,25,0.251707345,0.251707345,0.251707345,0
16383,mixed_metal_transmission_sss,3,26,0.684801698,0.684801698,0.684801698,0
16383,mixed_metal_transmission_sss,3,28,-0,-0.663324952,-0.748331487,1
16383,mixed_metal_transmission_sss,3,29,0.57159251,0.57159251,0.57159251,0
16383,mixed_metal_transmission_sss,3,31,0.0795774683,0.0795774683,0.0795774683,0
16383,mixed_metal_transmission_sss,4,0,1,1,0.0500000007,1.39999998
16383,mixed_metal_transmission_sss,4,6,0.884354949,0.884354949,0.884354949,0
16383,mixed_metal_transmission_sss,4,7,0.50033164,0.50033164,0.50033164,0.600000024
16383,mixed_metal_transmission_sss,4,8,0,0,0,0
16383,mixed_metal_transmission_sss,4,9,0,0,0,0
16383,mixed_metal_transmission_sss,4,10,0.042943567,0.042943567,0.042943567,0
16383,mixed_metal_transmission_sss,4,11,0,0,0,0
16383,mixed_metal_transmission_sss,4,12,0,0,0,0
16383,mixed_metal_transmission_sss,4,16,0.852966785,0.852966785,0.852966785,0
16383,mixed_metal_transmission_sss,4,18,85.4702911,150.582535,41.2175789,0
16383,mixed_metal_transmission_sss,4,19,0.121571071,0.810320497,0.96955806,0
16383,mixed_metal_transmission_sss,4,20,0,0,0,0
16383,mixed_metal_transmission_sss,4,21,0.5,0.5,0.5,0
16383,mixed_metal_transmission_sss,4,22,0.5,0.5,0.5,0
16383,mixed_metal_transmission_sss,4,23,0,0,0,0
16383,mixed_metal_transmission_sss,4,24,0.49658531,0.49658531,0.49658531,0
16383,mixed_metal_transmission_sss,4,25,0.251707345,0.251707345,0.251707345,0
16383,mixed_metal_transmission_sss,4,26,0.675278127,0.675278127,0.675278127,0
16383,mixed_metal_transmission_sss,4,28,-0,-0.577350259,-0.816496611,1
16383,mixed_metal_transmission_sss,4,29,0.0891867131,0.0891867131,0.0891867131,0
16383,mixed_metal_transmission_sss,4,31,0.0795774683,0.0795774683,0.0795774683,0
16383,mixed_metal_transmission_sss,5,0,1,1,0.0500000007,1.39999998
16383,mixed_metal_transmission_sss,5,6,0.948228776,0.948228776,0.948228776,0
16383,mixed_metal_transmission_sss,5,7,0.515866876,0.515866876,0.515866876,0.600000024
16383,mixed_metal_transmission_sss,5,8,0,0,0,0
16383,mixed_metal_transmission_sss,5,9,0,0,0,0
16383,mixed_metal_transmission_sss,5,10,0.110067077,0.110067077,0.110067077,0
16383,mixed_metal_transmission_sss,5,11,0,0,0,0
16383,mixed_metal_transmission_sss,5,12,0.0198739115,0.0198739115,0.0198739115,0
16383,mixed_metal_transmission_sss,5,16,0.853066266,0.853066266,0.853066266,0
16383,mixed_metal_transmission_sss,5,18,85.4702911,150.582535,41.2175789,0
16383,mixed_metal_transmission_sss,5,19,0.121571071,0.810320497,0.96955806,0
16383,mixed_metal_transmission_sss,5,20,0,0,0,0
16383,mixed_metal_transmission_sss,5,21,0.5,0.5,0.5,0
16383,mixed_metal_transmission_sss,5,22,0.5,0.5,0.5,0
16383,mixed_metal_transmission_sss,5,23,0,0,0,0
16383,mixed_metal_transmission_sss,5,24,0.49658531,0.49658531,0.49658531,0
16383,mixed_metal_transmission_sss,5,25,0.251707345,0.251707345,0.251707345,0
16383,mixed_metal_transmission_sss,5,26,0.675327539,0.675327539,0.675327539,0
16383,mixed_metal_transmission_sss,5,28,-0,-0.290593266,-0.956846654,1
16383,mixed_metal_transmission_sss,5,29,0.0407918878,0.0407918878,0.0407918878,0
16383,mixed_metal_transmission_sss,5,31,0.0795774683,0.0795774683,0.0795774683,0
16383,subsurface_one,0,0,0,1,0.0500000007,1.39999998
16383,subsurface_one,0,6,0,0,0,0
16383,subsurface_one,0,7,0,0,0,0
16383,subsurface_one,0,8,0,0,0,0
16383,subsurface_one,0,9,0.660797596,0.660797596,0.660797596,0
16383,subsurface_one,0,10,0.00288025523,0.00288025523,0.00288025523,0
16383,subsurface_one,0,11,0.289387375,0.289387375,0.289387375,0
16383,subsurface_one,0,12,0,0,0,0
16383,subsurface_one,0,16,0.834800601,0.834800601,0.834800601,0
16383,subsurface_one,0,18,85.4702911,150.582535,41.2175789,0
16383,subsurface_one,0,19,0.121571071,0.810320497,0.96955806,0
16383,subsurface_one,0,20,0,0,0,0
16383,subsurface_one,0,21,0.5,0.5,0.5,0
16383,subsurface_one,0,22,0.5,0.5,0.5,0
16383,subsurface_one,0,23,0,0,0,0
16383,subsurface_one,0,24,0.49658531,0.49658531,0.49658531,0
16383,subsurface_one,0,25,0.251707345,0.251707345,0.251707345,0
16383,subsurface_one,0,26,0.666257083,0.666257083,0.666257083,0
16383,subsurface_one,0,28,-0.663324952,-0,-0.748331487,1
16383,subsurface_one,0,29,0.57159251,0.57159251,0.57159251,0
16383,subsurface_one,0,31,0.0795774683,0.0795774683,0.0795774683,0
16383,subsurface_one,1,0,0,1,0.0500000007,1.39999998
16383,subsurface_one,1,6,0,0,0,0
16383,subsurface_one,1,7,0,0,0,0
16383,subsurface_one,1,8,0,0,0,0
16383,subsurface_one,1,9,0.745836258,0.745836258,0.745836258,0
16383,subsurface_one,1,10,0.00188488967,0.00188488967,0.00188488967,0
16383,subsurface_one,1,11,0.289387375,0.289387375,0.289387375,0
16383,subsurface_one,1,12,0,0,0,0
16383,subsurface_one,1,16,0.813540936,0.813540936,0.813540936,0
16383,subsurface_one,1,18,85.4702911,150.582535,41.2175789,0
16383,subsurface_one,1,19,0.121571071,0.810320497,0.96955806,0
16383,subsurface_one,1,20,0,0,0,0
16383,subsurface_one,1,21,0.5,0.5,0.5,0
16383,subsurface_one,1,22,0.5,0.5,0.5,0
16383,subsurface_one,1,23,0,0,0,0
16383,subsurface_one,1,24,0.49658531,0.49658531,0.49658531,0
16383,subsurface_one,1,25,0.251707345,0.251707345,0.251707345,0
16383,subsurface_one,1,26,0.655699849,0.655699849,0.655699849,0
16383,subsurface_one,1,28,-0.577350259,-0,-0.816496611,1
16383,subsurface_one,1,29,0.0891867131,0.0891867131,0.0891867131,0
16383,subsurface_one,1,31,0.0795774683,0.0795774683,0.0795774683,0
16383,subsurface_one,2,0,0,1,0.0500000007,1.39999998
16383,subsurface_one,2,6,0,0,0,0
16383,subsurface_one,2,7,0,0,0,0
16383,subsurface_one,2,8,0,0,0,0
16383,subsurface_one,2,9,0.769001842,0.769001842,0.769001842,0
16383,subsurface_one,2,10,0.00421805214,0.00421805214,0.00421805214,0
16383,subsurface_one,2,11,0.289387375,0.289387375,0.289387375,0
16383,subsurface_one,2,12,0,0,0,0
16383,subsurface_one,2,16,0.807749569,0.807749569,0.807749569,0
16383,subsurface_one,2,18,85.4702911,150.582535,41.2175789,0
16383,subsurface_one,2,19,0.121571071,0.810320497,0.96955806,0
16383,subsurface_one,2,20,0,0,0,0
16383,subsurface_one,2,21,0.5,0.5,0.5,0
16383,subsurface_one,2,22,0.5,0.5,0.5,0
16383,subsurface_one,2,23,0,0,0,0
16383,subsurface_one,2,24,0.49658531,0.49658531,0.49658531,0
16383,subsurface_one,2,25,0.251707345,0.251707345,0.251707345,0
16383,subsurface_one,2,26,0.652823925,0.652823925,0.652823925,0
16383,subsurface_one,2,28,-0.290593266,-0,-0.956846654,1
16383,subsurface_one,2,29,0.0407918878,0.0407918878,0.0407918878,0
16383,subsurface_one,2,31,0.0795774683,0.0795774683,0.0795774683,0
16383,subsurface_one,3,0,0,1,0.0500000007,1.39999998
16383,subsurface_one,3,6,0,0,0,0
16383,subsurface_one,3,7,0,0,0,0
16383,subsurface_one,3,8,0,0,0,0
16383,subsurface_one,3,9,0.661171973,0.661171973,0.661171973,0
16383,subsurface_one,3,10,0.00561784161,0.00561784161,0.00561784161,0
16383,subsurface_one,3,11,0.289387375,0.289387375,0.289387375,0
16383,subsurface_one,3,12,0,0,0,0
16383,subsurface_one,3,16,0.834707022,0.834707022,0.834707022,0
16383,subsurface_one,3,18,85.4702911,150.582535,41.2175789,0
16383,subsurface_one,3,19,0.121571071,0.810320497,0.96955806,0
16383,subsurface_one,3,20,0,0,0,0
16383,subsurface_one,3,21,0.5,0.5,0.5,0
16383,subsurface_one,3,22,0.5,0.5,0.5,0
16383,subsurface_one,3,23,0,0,0,0
16383,subsurface_one,3,24,0.49658531,0.49658531,0.49658531,0
16383,subsurface_one,3,25,0.251707345,0.251707345,0.251707345,0
16383,subsurface_one,3,26,0.666210592,0.666210592,0.666210592,0
16383,subsurface_one,3,28,-0,-0.663324952,-0.748331487,1
16383,subsurface_one,3,29,0.57159251,0.57159251,0.57159251,0
16383,subsurface_one,3,31,0.0795774683,0.0795774683,0.0795774683,0
16383,subsurface_one,4,0,0,1,0.0500000007,1.39999998
16383,subsurface_one,4,6,0,0,0,0
16383,subsurface_one,4,7,0,0,0,0
16383,subsurface_one,4,8,0,0,0,0
16383,subsurface_one,4,9,0.745850444,0.745850444,0.745850444,0
16383,subsurface_one,4,10,0.00424304185,0.00424304185,0.00424304185,0
16383,subsurface_one,4,11,0.289387375,0.289387375,0.289387375,0
16383,subsurface_one,4,12,0,0,0,0
16383,subsurface_one,4,16,0.813537419,0.813537419,0.813537419,0
16383,subsurface_one,4,18,85.4702911,150.582535,41.2175789,0
16383,subsurface_one,4,19,0.121571071,0.810320497,0.96955806,0
16383,subsurface_one,4,20,0,0,0,0
16383,subsurface_one,4,21,0.5,0.5,0.5,0
16383,subsurface_one,4,22,0.5,0.5,0.5,0
16383,subsurface_one,4,23,0,0,0,0
16383,subsurface_one,4,24,0.49658531,0.49658531,0.49658531,0
16383,subsurface_one,4,25,0.251707345,0.251707345,0.251707345,0
16383,subsurface_one,4,26,0.655698061,0.655698061,0.655698061,0
16383,subsurface_one,4,28,-0,-0.577350259,-0.816496611,1
16383,subsurface_one,4,29,0.0891867131,0.0891867131,0.0891867131,0
16383,subsurface_one,4,31,0.0795774683,0.0795774683,0.0795774683,0
16383,subsurface_one,5,0,0,1,0.0500000007,1.39999998
16383,subsurface_one,5,6,0,0,0,0
16383,subsurface_one,5,7,0,0,0,0
16383,subsurface_one,5,8,0,0,0,0
16383,subsurface_one,5,9,0.769008934,0.769008934,0.769008934,0
16383,subsurface_one,5,10,0.0121668,0.0121668,0.0121668,0
16383,subsurface_one,5,11,0.289387375,0.289387375,0.289387375,0
16383,subsurface_one,5,12,0,0,0,0
16383,subsurface_one,5,16,0.807747781,0.807747781,0.807747781,0
16383,subsurface_one,5,18,85.4702911,150.582535,41.2175789,0
16383,subsurface_one,5,19,0.121571071,0.810320497,0.96955806,0
16383,subsurface_one,5,20,0,0,0,0
16383,subsurface_one,5,21,0.5,0.5,0.5,0
16383,subsurface_one,5,22,0.5,0.5,0.5,0
16383,subsurface_one,5,23,0,0,0,0
16383,subsurface_one,5,24,0.49658531,0.49658531,0.49658531,0
16383,subsurface_one,5,25,0.251707345,0.251707345,0.251707345,0
16383,subsurface_one,5,26,0.652823031,0.652823031,0.652823031,0
16383,subsurface_one,5,28,-0,-0.290593266,-0.956846654,1
16383,subsurface_one,5,29,0.0407918878,0.0407918878,0.0407918878,0
16383,subsurface_one,5,31,0.0795774683,0.0795774683,0.0795774683,0
16383,subsurface_color_radius,0,0,0,1,0.0500000007,1.39999998
16383,subsurface_color_radius,0,6,0,0,0,0
16383,subsurface_color_radius,0,7,0,0,0,0
16383,subsurface_color_radius,0,8,0,0,0,0
16383,subsurface_color_radius,0,9,0.702097416,0.330398798,0.165199399,0
16383,subsurface_color_radius,0,10,0.00288025523,0.00288025523,0.00288025523,0
16383,subsurface_color_radius,0,11,0.289387375,0.289387375,0.289387375,0
16383,subsurface_color_radius,0,12,0,0,0,0
16383,subsurface_color_radius,0,16,0.876100481,0.504401803,0.339202434,0
16383,subsurface_color_radius,0,18,79.5585327,225.693771,150.66481,0
16383,subsurface_color_radius,0,19,0.112823196,0.463000804,0.865193665,0
16383,subsurface_color_radius,0,20,0,0,0,0
16383,subsurface_color_radius,0,21,0.5,0.5,0.5,0
16383,subsurface_color_radius,0,22,0.5,0.5,0.5,0
16383,subsurface_color_radius,0,23,0,0,0,0
16383,subsurface_color_radius,0,24,0.49658531,0.49658531,0.49658531,0
16383,subsurface_color_radius,0,25,0.251707345,0.251707345,0.251707345,0
16383,subsurface_color_radius,0,26,0.686765969,0.502185881,0.42015028,0
16383,subsurface_color_radius,0,28,-0.663324952,-0,-0.748331487,1
16383,subsurface_color_radius,0,29,0.57159251,0.57159251,0.57159251,0
16383,subsurface_color_radius,0,31,0.0795774683,0.0795774683,0.0795774683,0
16383,subsurface_color_radius,1,0,0,1,0.0500000007,1.39999998
16383,subsurface_color_radius,1,6,0,0,0,0
16383,subsurface_color_radius,1,7,0,0,0,0
16383,subsurface_color_radius,1,8,0,0,0,0
16383,subsurface_color_radius,1,9,0.792451024,0.372918129,0.186459064,0
16383,subsurface_color_radius,1,10,0.00188488967,0.00188488967,0.00188488967,0
16383,subsurface_color_radius,1,11,0.289387375,0.289387375,0.289387375,0
16383,subsurface_color_radius,1,12,0,0,0,0
16383,subsurface_color_radius,1,16,0.860155702,0.440622807,0.254163742,0
16383,subsurface_color_radius,1,18,79.5585327,225.693771,150.66481,0
16383,subsurface_color_radius,1,19,0.112823196,0.463000804,0.865193665,0
16383,subsurface_color_radius,1,20,0,0,0,0
16383,subsurface_color_radius,1,21,0.5,0.5,0.5,0
16383,subsurface_color_radius,1,22,0.5,0.5,0.5,0
16383,subsurface_color_radius,1,23,0,0,0,0
16383,subsurface_color_radius,1,24,0.49658531,0.49658531,0.49658531,0
16383,subsurface_color_radius,1,25,0.251707345,0.251707345,0.251707345,0
16383,subsurface_color_radius,1,26,0.678848028,0.470514148,0.377921343,0
16383,subsurface_color_radius,1,28,-0.577350259,-0,-0.816496611,1
16383,subsurface_color_radius,1,29,0.0891867131,0.0891867131,0.0891867131,0
16383,subsurface_color_radius,1,31,0.0795774683,0.0795774683,0.0795774683,0
16383,subsurface_color_radius,2,0,0,1,0.0500000007,1.39999998
16383,subsurface_color_radius,2,6,0,0,0,0
16383,subsurface_color_radius,2,7,0,0,0,0
16383,subsurface_color_radius,2,8,0,0,0,0
16383,subsurface_color_radius,2,9,0.817064464,0.384500921,0.19225046,0
16383,subsurface_color_radius,2,10,0.00421805214,0.00421805214,0.00421805214,0
16383,subsurface_color_radius,2,11,0.289387375,0.289387375,0.289387375,0
16383,subsurface_color_radius,2,12,0,0,0,0
16383,subsurface_color_radius,2,16,0.855812192,0.423248649,0.230998173,0
16383,subsurface_color_radius,2,18,79.5585327,225.693771,150.66481,0
16383,subsurface_color_radius,2,19,0.112823196,0.463000804,0.865193665,0
16383,subsurface_color_radius,2,20,0,0,0,0
16383,subsurface_color_radius,2,21,0.5,0.5,0.5,0
16383,subsurface_color_radius,2,22,0.5,0.5,0.5,0
16383,subsurface_color_radius,2,23,0,0,0,0
16383,subsurface_color_radius,2,24,0.49658531,0.49658531,0.49658531,0
16383,subsurface_color_radius,2,25,0.251707345,0.251707345,0.251707345,0
16383,subsurface_color_radius,2,26,0.676691115,0.461886406,0.366417646,0
16383,subsurface_color_radius,2,28,-0.290593266,-0,-0.956846654,1
16383,subsurface_color_radius,2,29,0.0407918878,0.0407918878,0.0407918878,0
16383,subsurface_color_radius,2,31,0.0795774683,0.0795774683,0.0795774683,0
16383,subsurface_color_radius,3,0,0,1,0.0500000007,1.39999998
16383,subsurface_color_radius,3,6,0,0,0,0
16383,subsurface_color_radius,3,7,0,0,0,0
16383,subsurface_color_radius,3,8,0,0,0,0
16383,subsurface_color_radius,3,9,0.702495277,0.330585986,0.165292993,0
16383,subsurface_color_radius,3,10,0.00561784161,0.00561784161,0.00561784161,0
16383,subsurface_color_radius,3,11,0.289387375,0.289387375,0.289387375,0
16383,subsurface_color_radius,3,12,0,0,0,0
16383,subsurface_color_radius,3,16,0.876030266,0.504121006,0.338828027,0
16383,subsurface_color_radius,3,18,79.5585327,225.693771,150.66481,0
16383,subsurface_color_radius,3,19,0.112823196,0.463000804,0.865193665,0
16383,subsurface_color_radius,3,20,0,0,0,0
16383,subsurface_color_radius,3,21,0.5,0.5,0.5,0
16383,subsurface_color_radius,3,22,0.5,0.5,0.5,0
16383,subsurface_color_radius,3,23,0,0,0,0
16383,subsurface_color_radius,3,24,0.49658531,0.49658531,0.49658531,0
16383,subsurface_color_radius,3,25,0.251707345,0.251707345,0.251707345,0
16383,subsurface_color_radius,3,26,0.6867311,0.502046466,0.419964373,0
16383,subsurface_color_radius,3,28,-0,-0.663324952,-0.748331487,1
16383,subsurface_color_radius,3,29,0.57159251,0.57159251,0.57159251,0
16383,subsurface_color_radius,3,31,0.0795774683,0.0795774683,0.0795774683,0
16383,subsurface_color_radius,4,0,0,1,0.0500000007,1.39999998
16383,subsurface_color_radius,4,6,0,0,0,0
16383,subsurface_color_radius,4,7,0,0,0,0
16383,subsurface_color_radius,4,8,0,0,0,0
16383,subsurface_color_radius,4,9,0.792466104,0.372925222,0.186462611,0
16383,subsurface_color_radius,4,10,0.00424304185,0.00424304185,0.00424304185,0
16383,subsurface_color_radius,4,11,0.289387375,0.289387375,0.289387375,0
16383,subsurface_color_radius,4,12,0,0,0,0
16383,subsurface_color_radius,4,16,0.860153079,0.440612197,0.254149586,0
16383,subsurface_color_radius,4,18,79.5585327,225.693771,150.66481,0
16383,subsurface_color_radius,4,19,0.112823196,0.463000804,0.865193665,0
16383,subsurface_color_radius,4,20,0,0,0,0
16383,subsurface_color_radius,4,21,0.5,0.5,0.5,0
16383,subsurface_color_radius,4,22,0.5,0.5,0.5,0
16383,subsurface_color_radius,4,23,0,0,0,0
16383,subsurface_color_radius,4,24,0.49658531,0.49658531,0.49658531,0
16383,subsurface_color_radius,4,25,0.251707345,0.251707345,0.251707345,0
16383,subsurface_color_radius,4,26,0.678846717,0.470508903,0.37791431,0
16383,subsurface_color_radius,4,28,-0,-0.577350259,-0.816496611,1
16383,subsurface_color_radius,4,29,0.0891867131,0.0891867131,0.0891867131,0
16383,subsurface_color_radius,4,31,0.0795774683,0.0795774683,0.0795774683,0
16383,subsurface_color_radius,5,0,0,1,0.0500000007,1.39999998
16383,subsurface_color_radius,5,6,0,0,0,0
16383,subsurface_color_radius,5,7,0,0,0,0
16383,subsurface_color_radius,5,8,0,0,0,0
16383,subsurface_color_radius,5,9,0.817071974,0.384504467,0.192252234,0
16383,subsurface_color_radius,5,10,0.0121668,0.0121668,0.0121668,0
16383,subsurface_color_radius,5,11,0.289387375,0.289387375,0.289387375,0
16383,subsurface_color_radius,5,12,0,0,0,0
16383,subsurface_color_radius,5,16,0.855810881,0.423243314,0.230991095,0
16383,subsurface_color_radius,5,18,79.5585327,225.693771,150.66481,0
16383,subsurface_color_radius,5,19,0.112823196,0.463000804,0.865193665,0
16383,subsurface_color_radius,5,20,0,0,0,0
16383,subsurface_color_radius,5,21,0.5,0.5,0.5,0
16383,subsurface_color_radius,5,22,0.5,0.5,0.5,0
16383,subsurface_color_radius,5,23,0,0,0,0
16383,subsurface_color_radius,5,24,0.49658531,0.49658531,0.49658531,0
16383,subsurface_color_radius,5,25,0.251707345,0.251707345,0.251707345,0
16383,subsurface_color_radius,5,26,0.676690459,0.461883754,0.36641413,0
16383,subsurface_color_radius,5,28,-0,-0.290593266,-0.956846654,1
16383,subsurface_color_radius,5,29,0.0407918878,0.0407918878,0.0407918878,0
16383,subsurface_color_radius,5,31,0.0795774683,0.0795774683,0.0795774683,0
16383,subsurface_zero_scale,0,0,0,1,0,1.39999998
16383,subsurface_zero_scale,0,6,0,0,0,0
16383,subsurface_zero_scale,0,7,0,0,0,0
16383,subsurface_zero_scale,0,8,0,0,0,0
16383,subsurface_zero_scale,0,9,0.702097416,0.330398798,0.165199399,0
16383,subsurface_zero_scale,0,10,0.00288025523,0.00288025523,0.00288025523,0
16383,subsurface_zero_scale,0,11,0.289387375,0.289387375,0.289387375,0
16383,subsurface_zero_scale,0,12,0,0,0,0
16383,subsurface_zero_scale,0,16,0.876100481,0.504401803,0.339202434,0
16383,subsurface_zero_scale,0,18,0,0,0,0
16383,subsurface_zero_scale,0,19,1,1,1,0
16383,subsurface_zero_scale,0,20,1,1,1,0
16383,subsurface_zero_scale,0,21,0.5,0.5,0.5,0
16383,subsurface_zero_scale,0,22,0.5,0.5,0.5,0
16383,subsurface_zero_scale,0,23,0,0,0,0
16383,subsurface_zero_scale,0,24,0.49658531,0.49658531,0.49658531,0
16383,subsurface_zero_scale,0,25,0.251707345,0.251707345,0.251707345,0
16383,subsurface_zero_scale,0,26,0.686765969,0.502185881,0.42015028,0
16383,subsurface_zero_scale,0,28,-0.663324952,-0,-0.748331487,1
16383,subsurface_zero_scale,0,29,0.57159251,0.57159251,0.57159251,0
16383,subsurface_zero_scale,0,31,0.0795774683,0.0795774683,0.0795774683,0
16383,subsurface_zero_scale,1,0,0,1,0,1.39999998
16383,subsurface_zero_scale,1,6,0,0,0,0
16383,subsurface_zero_scale,1,7,0,0,0,0
16383,subsurface_zero_scale,1,8,0,0,0,0
16383,subsurface_zero_scale,1,9,0.792451024,0.372918129,0.186459064,0
16383,subsurface_zero_scale,1,10,0.00188488967,0.00188488967,0.00188488967,0
16383,subsurface_zero_scale,1,11,0.289387375,0.289387375,0.289387375,0
16383,subsurface_zero_scale,1,12,0,0,0,0
16383,subsurface_zero_scale,1,16,0.860155702,0.440622807,0.254163742,0
16383,subsurface_zero_scale,1,18,0,0,0,0
16383,subsurface_zero_scale,1,19,1,1,1,0
16383,subsurface_zero_scale,1,20,1,1,1,0
16383,subsurface_zero_scale,1,21,0.5,0.5,0.5,0
16383,subsurface_zero_scale,1,22,0.5,0.5,0.5,0
16383,subsurface_zero_scale,1,23,0,0,0,0
16383,subsurface_zero_scale,1,24,0.49658531,0.49658531,0.49658531,0
16383,subsurface_zero_scale,1,25,0.251707345,0.251707345,0.251707345,0
16383,subsurface_zero_scale,1,26,0.678848028,0.470514148,0.377921343,0
16383,subsurface_zero_scale,1,28,-0.577350259,-0,-0.816496611,1
16383,subsurface_zero_scale,1,29,0.0891867131,0.0891867131,0.0891867131,0
16383,subsurface_zero_scale,1,31,0.0795774683,0.0795774683,0.0795774683,0
16383,subsurface_zero_scale,2,0,0,1,0,1.39999998
16383,subsurface_zero_scale,2,6,0,0,0,0
16383,subsurface_zero_scale,2,7,0,0,0,0
16383,subsurface_zero_scale,2,8,0,0,0,0
16383,subsurface_zero_scale,2,9,0.817064464,0.384500921,0.19225046,0
16383,subsurface_zero_scale,2,10,0.00421805214,0.00421805214,0.00421805214,0
16383,subsurface_zero_scale,2,11,0.289387375,0.289387375,0.289387375,0
16383,subsurface_zero_scale,2,12,0,0,0,0
16383,subsurface_zero_scale,2,16,0.855812192,0.423248649,0.230998173,0
16383,subsurface_zero_scale,2,18,0,0,0,0
16383,subsurface_zero_scale,2,19,1,1,1,0
16383,subsurface_zero_scale,2,20,1,1,1,0
16383,subsurface_zero_scale,2,21,0.5,0.5,0.5,0
16383,subsurface_zero_scale,2,22,0.5,0.5,0.5,0
16383,subsurface_zero_scale,2,23,0,0,0,0
16383,subsurface_zero_scale,2,24,0.49658531,0.49658531,0.49658531,0
16383,subsurface_zero_scale,2,25,0.251707345,0.251707345,0.251707345,0
16383,subsurface_zero_scale,2,26,0.676691115,0.461886406,0.366417646,0
16383,subsurface_zero_scale,2,28,-0.290593266,-0,-0.956846654,1
16383,subsurface_zero_scale,2,29,0.0407918878,0.0407918878,0.0407918878,0
16383,subsurface_zero_scale,2,31,0.0795774683,0.0795774683,0.0795774683,0
16383,subsurface_zero_scale,3,0,0,1,0,1.39999998
16383,subsurface_zero_scale,3,6,0,0,0,0
16383,subsurface_zero_scale,3,7,0,0,0,0
16383,subsurface_zero_scale,3,8,0,0,0,0
16383,subsurface_zero_scale,3,9,0.702495277,0.330585986,0.165292993,0
16383,subsurface_zero_scale,3,10,0.00561784161,0.00561784161,0.00561784161,0
16383,subsurface_zero_scale,3,11,0.289387375,0.289387375,0.289387375,0
16383,subsurface_zero_scale,3,12,0,0,0,0
16383,subsurface_zero_scale,3,16,0.876030266,0.504121006,0.338828027,0
16383,subsurface_zero_scale,3,18,0,0,0,0
16383,subsurface_zero_scale,3,19,1,1,1,0
16383,subsurface_zero_scale,3,20,1,1,1,0
16383,subsurface_zero_scale,3,21,0.5,0.5,0.5,0
16383,subsurface_zero_scale,3,22,0.5,0.5,0.5,0
16383,subsurface_zero_scale,3,23,0,0,0,0
16383,subsurface_zero_scale,3,24,0.49658531,0.49658531,0.49658531,0
16383,subsurface_zero_scale,3,25,0.251707345,0.251707345,0.251707345,0
16383,subsurface_zero_scale,3,26,0.6867311,0.502046466,0.419964373,0
16383,subsurface_zero_scale,3,28,-0,-0.663324952,-0.748331487,1
16383,subsurface_zero_scale,3,29,0.57159251,0.57159251,0.57159251,0
16383,subsurface_zero_scale,3,31,0.0795774683,0.0795774683,0.0795774683,0
16383,subsurface_zero_scale,4,0,0,1,0,1.39999998
16383,subsurface_zero_scale,4,6,0,0,0,0
16383,subsurface_zero_scale,4,7,0,0,0,0
16383,subsurface_zero_scale,4,8,0,0,0,0
16383,subsurface_zero_scale,4,9,0.792466104,0.372925222,0.186462611,0
16383,subsurface_zero_scale,4,10,0.00424304185,0.00424304185,0.00424304185,0
16383,subsurface_zero_scale,4,11,0.289387375,0.289387375,0.289387375,0
16383,subsurface_zero_scale,4,12,0,0,0,0
16383,subsurface_zero_scale,4,16,0.860153079,0.440612197,0.254149586,0
16383,subsurface_zero_scale,4,18,0,0,0,0
16383,subsurface_zero_scale,4,19,1,1,1,0
16383,subsurface_zero_scale,4,20,1,1,1,0
16383,subsurface_zero_scale,4,21,0.5,0.5,0.5,0
16383,subsurface_zero_scale,4,22,0.5,0.5,0.5,0
16383,subsurface_zero_scale,4,23,0,0,0,0
16383,subsurface_zero_scale,4,24,0.49658531,0.49658531,0.49658531,0
16383,subsurface_zero_scale,4,25,0.251707345,0.251707345,0.251707345,0
16383,subsurface_zero_scale,4,26,0.678846717,0.470508903,0.37791431,0
16383,subsurface_zero_scale,4,28,-0,-0.577350259,-0.816496611,1
16383,subsurface_zero_scale,4,29,0.0891867131,0.0891867131,0.0891867131,0
16383,subsurface_zero_scale,4,31,0.0795774683,0.0795774683,0.0795774683,0
16383,subsurface_zero_scale,5,0,0,1,0,1.39999998
16383,subsurface_zero_scale,5,6,0,0,0,0
16383,subsurface_zero_scale,5,7,0,0,0,0
16383,subsurface_zero_scale,5,8,0,0,0,0
16383,subsurface_zero_scale,5,9,0.817071974,0.384504467,0.192252234,0
16383,subsurface_zero_scale,5,10,0.0121668,0.0121668,0.0121668,0
16383,subsurface_zero_scale,5,11,0.289387375,0.289387375,0.289387375,0
16383,subsurface_zero_scale,5,12,0,0,0,0
16383,subsurface_zero_scale,5,16,0.855810881,0.423243314,0.230991095,0
16383,subsurface_zero_scale,5,18,0,0,0,0
16383,subsurface_zero_scale,5,19,1,1,1,0
16383,subsurface_zero_scale,5,20,1,1,1,0
16383,subsurface_zero_scale,5,21,0.5,0.5,0.5,0
16383,subsurface_zero_scale,5,22,0.5,0.5,0.5,0
16383,subsurface_zero_scale,5,23,0,0,0,0
16383,subsurface_zero_scale,5,24,0.49658531,0.49658531,0.49658531,0
16383,subsurface_zero_scale,5,25,0.251707345,0.251707345,0.251707345,0
16383,subsurface_zero_scale,5,26,0.676690459,0.461883754,0.36641413,0
16383,subsurface_zero_scale,5,28,-0,-0.290593266,-0.956846654,1
16383,subsurface_zero_scale,5,29,0.0407918878,0.0407918878,0.0407918878,0
16383,subsurface_zero_scale,5,31,0.0795774683,0.0795774683,0.0795774683,0
16383,subsurface_local_channel,0,0,0,1,0.0500000007,1.39999998
16383,subsurface_local_channel,0,6,0,0,0,0
16383,subsurface_local_channel,0,7,0,0,0,0
16383,subsurface_local_channel,0,8,0,0,0,0
16383,subsurface_local_channel,0,9,0.702097416,0.330398798,0.165199399,0
16383,subsurface_local_channel,0,10,0.00288025523,0.00288025523,0.00288025523,0
16383,subsurface_local_channel,0,11,0.289387375,0.289387375,0.289387375,0
16383,subsurface_local_channel,0,12,0,0,0,0
16383,subsurface_local_channel,0,16,0.876100481,0.504401803,0.339202434,0
16383,subsurface_local_channel,0,18,0,225.693771,150.66481,0
16383,subsurface_local_channel,0,19,1,0.463000804,0.865193665,0
16383,subsurface_local_channel,0,20,1,0,0,0
16383,subsurface_local_channel,0,21,0.5,0.5,0.5,0
16383,subsurface_local_channel,0,22,0.5,0.5,0.5,0
16383,subsurface_local_channel,0,23,0,0,0,0
16383,subsurface_local_channel,0,24,0.49658531,0.49658531,0.49658531,0
16383,subsurface_local_channel,0,25,0.251707345,0.251707345,0.251707345,0
16383,subsurface_local_channel,0,26,0.686765969,0.502185881,0.42015028,0
16383,subsurface_local_channel,0,28,-0.663324952,-0,-0.748331487,1
16383,subsurface_local_channel,0,29,0.57159251,0.57159251,0.57159251,0
16383,subsurface_local_channel,0,31,0.0795774683,0.0795774683,0.0795774683,0
16383,subsurface_local_channel,1,0,0,1,0.0500000007,1.39999998
16383,subsurface_local_channel,1,6,0,0,0,0
16383,subsurface_local_channel,1,7,0,0,0,0
16383,subsurface_local_channel,1,8,0,0,0,0
16383,subsurface_local_channel,1,9,0.792451024,0.372918129,0.186459064,0
16383,subsurface_local_channel,1,10,0.00188488967,0.00188488967,0.00188488967,0
16383,subsurface_local_channel,1,11,0.289387375,0.289387375,0.289387375,0
16383,subsurface_local_channel,1,12,0,0,0,0
16383,subsurface_local_channel,1,16,0.860155702,0.440622807,0.254163742,0
16383,subsurface_local_channel,1,18,0,225.693771,150.66481,0
16383,subsurface_local_channel,1,19,1,0.463000804,0.865193665,0
16383,subsurface_local_channel,1,20,1,0,0,0
16383,subsurface_local_channel,1,21,0.5,0.5,0.5,0
16383,subsurface_local_channel,1,22,0.5,0.5,0.5,0
16383,subsurface_local_channel,1,23,0,0,0,0
16383,subsurface_local_channel,1,24,0.49658531,0.49658531,0.49658531,0
16383,subsurface_local_channel,1,25,0.251707345,0.251707345,0.251707345,0
16383,subsurface_local_channel,1,26,0.678848028,0.470514148,0.377921343,0
16383,subsurface_local_channel,1,28,-0.577350259,-0,-0.816496611,1
16383,subsurface_local_channel,1,29,0.0891867131,0.0891867131,0.0891867131,0
16383,subsurface_local_channel,1,31,0.0795774683,0.0795774683,0.0795774683,0
16383,subsurface_local_channel,2,0,0,1,0.0500000007,1.39999998
16383,subsurface_local_channel,2,6,0,0,0,0
16383,subsurface_local_channel,2,7,0,0,0,0
16383,subsurface_local_channel,2,8,0,0,0,0
16383,subsurface_local_channel,2,9,0.817064464,0.384500921,0.19225046,0
16383,subsurface_local_channel,2,10,0.00421805214,0.00421805214,0.00421805214,0
16383,subsurface_local_channel,2,11,0.289387375,0.289387375,0.289387375,0
16383,subsurface_local_channel,2,12,0,0,0,0
16383,subsurface_local_channel,2,16,0.855812192,0.423248649,0.230998173,0
16383,subsurface_local_channel,2,18,0,225.693771,150.66481,0
16383,subsurface_local_channel,2,19,1,0.463000804,0.865193665,0
16383,subsurface_local_channel,2,20,1,0,0,0
16383,subsurface_local_channel,2,21,0.5,0.5,0.5,0
16383,subsurface_local_channel,2,22,0.5,0.5,0.5,0
16383,subsurface_local_channel,2,23,0,0,0,0
16383,subsurface_local_channel,2,24,0.49658531,0.49658531,0.49658531,0
16383,subsurface_local_channel,2,25,0.251707345,0.251707345,0.251707345,0
16383,subsurface_local_channel,2,26,0.676691115,0.461886406,0.366417646,0
16383,subsurface_local_channel,2,28,-0.290593266,-0,-0.956846654,1
16383,subsurface_local_channel,2,29,0.0407918878,0.0407918878,0.0407918878,0
16383,subsurface_local_channel,2,31,0.0795774683,0.0795774683,0.0795774683,0
16383,subsurface_local_channel,3,0,0,1,0.0500000007,1.39999998
16383,subsurface_local_channel,3,6,0,0,0,0
16383,subsurface_local_channel,3,7,0,0,0,0
16383,subsurface_local_channel,3,8,0,0,0,0
16383,subsurface_local_channel,3,9,0.702495277,0.330585986,0.165292993,0
16383,subsurface_local_channel,3,10,0.00561784161,0.00561784161,0.00561784161,0
16383,subsurface_local_channel,3,11,0.289387375,0.289387375,0.289387375,0
16383,subsurface_local_channel,3,12,0,0,0,0
16383,subsurface_local_channel,3,16,0.876030266,0.504121006,0.338828027,0
16383,subsurface_local_channel,3,18,0,225.693771,150.66481,0
16383,subsurface_local_channel,3,19,1,0.463000804,0.865193665,0
16383,subsurface_local_channel,3,20,1,0,0,0
16383,subsurface_local_channel,3,21,0.5,0.5,0.5,0
16383,subsurface_local_channel,3,22,0.5,0.5,0.5,0
16383,subsurface_local_channel,3,23,0,0,0,0
16383,subsurface_local_channel,3,24,0.49658531,0.49658531,0.49658531,0
16383,subsurface_local_channel,3,25,0.251707345,0.251707345,0.251707345,0
16383,subsurface_local_channel,3,26,0.6867311,0.502046466,0.419964373,0
16383,subsurface_local_channel,3,28,-0,-0.663324952,-0.748331487,1
16383,subsurface_local_channel,3,29,0.57159251,0.57159251,0.57159251,0
16383,subsurface_local_channel,3,31,0.0795774683,0.0795774683,0.0795774683,0
16383,subsurface_local_channel,4,0,0,1,0.0500000007,1.39999998
16383,subsurface_local_channel,4,6,0,0,0,0
16383,subsurface_local_channel,4,7,0,0,0,0
16383,subsurface_local_channel,4,8,0,0,0,0
16383,subsurface_local_channel,4,9,0.792466104,0.372925222,0.186462611,0
16383,subsurface_local_channel,4,10,0.00424304185,0.00424304185,0.00424304185,0
16383,subsurface_local_channel,4,11,0.289387375,0.289387375,0.289387375,0
16383,subsurface_local_channel,4,12,0,0,0,0
16383,subsurface_local_channel,4,16,0.860153079,0.440612197,0.254149586,0
16383,subsurface_local_channel,4,18,0,225.693771,150.66481,0
16383,subsurface_local_channel,4,19,1,0.463000804,0.865193665,0
16383,subsurface_local_channel,4,20,1,0,0,0
16383,subsurface_local_channel,4,21,0.5,0.5,0.5,0
16383,subsurface_local_channel,4,22,0.5,0.5,0.5,0
16383,subsurface_local_channel,4,23,0,0,0,0
16383,subsurface_local_channel,4,24,0.49658531,0.49658531,0.49658531,0
16383,subsurface_local_channel,4,25,0.251707345,0.251707345,0.251707345,0
16383,subsurface_local_channel,4,26,0.678846717,0.470508903,0.37791431,0
16383,subsurface_local_channel,4,28,-0,-0.577350259,-0.816496611,1
16383,subsurface_local_channel,4,29,0.0891867131,0.0891867131,0.0891867131,0
16383,subsurface_local_channel,4,31,0.0795774683,0.0795774683,0.0795774683,0
16383,subsurface_local_channel,5,0,0,1,0.0500000007,1.39999998
16383,subsurface_local_channel,5,6,0,0,0,0
16383,subsurface_local_channel,5,7,0,0,0,0
16383,subsurface_local_channel,5,8,0,0,0,0
16383,subsurface_local_channel,5,9,0.817071974,0.384504467,0.192252234,0
16383,subsurface_local_channel,5,10,0.0121668,0.0121668,0.0121668,0
16383,subsurface_local_channel,5,11,0.289387375,0.289387375,0.289387375,0
16383,subsurface_local_channel,5,12,0,0,0,0
16383,subsurface_local_channel,5,16,0.855810881,0.423243314,0.230991095,0
16383,subsurface_local_channel,5,18,0,225.693771,150.66481,0
16383,subsurface_local_channel,5,19,1,0.463000804,0.865193665,0
16383,subsurface_local_channel,5,20,1,0,0,0
16383,subsurface_local_channel,5,21,0.5,0.5,0.5,0
16383,subsurface_local_channel,5,22,0.5,0.5,0.5,0
16383,subsurface_local_channel,5,23,0,0,0,0
16383,subsurface_local_channel,5,24,0.49658531,0.49658531,0.49658531,0
16383,subsurface_local_channel,5,25,0.251707345,0.251707345,0.251707345,0
16383,subsurface_local_channel,5,26,0.676690459,0.461883754,0.36641413,0
16383,subsurface_local_channel,5,28,-0,-0.290593266,-0.956846654,1
16383,subsurface_local_channel,5,29,0.0407918878,0.0407918878,0.0407918878,0
16383,subsurface_local_channel,5,31,0.0795774683,0.0795774683,0.0795774683,0
16383,subsurface_anisotropic_transport,0,0,0,1,0.0500000007,1.39999998
16383,subsurface_anisotropic_transport,0,6,0,0,0,0
16383,subsurface_anisotropic_transport,0,7,0,0,0,0
16383,subsurface_anisotropic_transport,0,8,0,0,0,0
16383,subsurface_anisotropic_transport,0,9,0.702097416,0.330398798,0.165199399,0
16383,subsurface_anisotropic_transport,0,10,0.00288025523,0.00288025523,0.00288025523,0
16383,subsurface_anisotropic_transport,0,11,0.289387375,0.289387375,0.289387375,0
16383,subsurface_anisotropic_transport,0,12,0,0,0,0
16383,subsurface_anisotropic_transport,0,16,0.876100481,0.504401803,0.339202434,0
16383,subsurface_anisotropic_transport,0,18,8.2238245,172.380981,191.893921,0
16383,subsurface_anisotropic_transport,0,19,0.0104212128,0.276184171,0.800183535,0
16383,subsurface_anisotropic_transport,0,20,0,0,0,0
16383,subsurface_anisotropic_transport,0,21,0.5,0.5,0.5,0
16383,subsurface_anisotropic_transport,0,22,0.5,0.5,0.5,0
16383,subsurface_anisotropic_transport,0,23,0,0,0,0
16383,subsurface_anisotropic_transport,0,24,0.49658531,0.49658531,0.49658531,0
16383,subsurface_anisotropic_transport,0,25,0.251707345,0.251707345,0.251707345,0
16383,subsurface_anisotropic_transport,0,26,0.686765969,0.502185881,0.42015028,0
16383,subsurface_anisotropic_transport,0,28,-0.663324952,-0,-0.748331487,1
16383,subsurface_anisotropic_transport,0,29,0.57159251,0.57159251,0.57159251,0
16383,subsurface_anisotropic_transport,0,31,0.0795774683,0.0795774683,0.0795774683,0
16383,subsurface_anisotropic_transport,1,0,0,1,0.0500000007,1.39999998
16383,subsurface_anisotropic_transport,1,6,0,0,0,0
16383,subsurface_anisotropic_transport,1,7,0,0,0,0
16383,subsurface_anisotropic_transport,1,8,0,0,0,0
16383,subsurface_anisotropic_transport,1,9,0.792451024,0.372918129,0.186459064,0
16383,subsurface_anisotropic_transport,1,10,0.00188488967,0.00188488967,0.00188488967,0
16383,subsurface_anisotropic_transport,1,11,0.289387375,0.289387375,0.289387375,0
16383,subsurface_anisotropic_transport,1,12,0,0,0,0
16383,subsurface_anisotropic_transport,1,16,0.860155702,0.440622807,0.254163742,0
16383,subsurface_anisotropic_transport,1,18,8.2238245,172.380981,191.893921,0
16383,subsurface_anisotropic_transport,1,19,0.0104212128,0.276184171,0.800183535,0
16383,subsurface_anisotropic_transport,1,20,0,0,0,0
16383,subsurface_anisotropic_transport,1,21,0.5,0.5,0.5,0
16383,subsurface_anisotropic_transport,1,22,0.5,0.5,0.5,0
16383,subsurface_anisotropic_transport,1,23,0,0,0,0
16383,subsurface_anisotropic_transport,1,24,0.49658531,0.49658531,0.49658531,0
16383,subsurface_anisotropic_transport,1,25,0.251707345,0.251707345,0.251707345,0
16383,subsurface_anisotropic_transport,1,26,0.678848028,0.470514148,0.377921343,0
16383,subsurface_anisotropic_transport,1,28,-0.577350259,-0,-0.816496611,1
16383,subsurface_anisotropic_transport,1,29,0.0891867131,0.0891867131,0.0891867131,0
16383,subsurface_anisotropic_transport,1,31,0.0795774683,0.0795774683,0.0795774683,0
16383,subsurface_anisotropic_transport,2,0,0,1,0.0500000007,1.39999998
16383,subsurface_anisotropic_transport,2,6,0,0,0,0
16383,subsurface_anisotropic_transport,2,7,0,0,0,0
16383,subsurface_anisotropic_transport,2,8,0,0,0,0
16383,subsurface_anisotropic_transport,2,9,0.817064464,0.384500921,0.19225046,0
16383,subsurface_anisotropic_transport,2,10,0.00421805214,0.00421805214,0.00421805214,0
16383,subsurface_anisotropic_transport,2,11,0.289387375,0.289387375,0.289387375,0
16383,subsurface_anisotropic_transport,2,12,0,0,0,0
16383,subsurface_anisotropic_transport,2,16,0.855812192,0.423248649,0.230998173,0
16383,subsurface_anisotropic_transport,2,18,8.2238245,172.380981,191.893921,0
16383,subsurface_anisotropic_transport,2,19,0.0104212128,0.276184171,0.800183535,0
16383,subsurface_anisotropic_transport,2,20,0,0,0,0
16383,subsurface_anisotropic_transport,2,21,0.5,0.5,0.5,0
16383,subsurface_anisotropic_transport,2,22,0.5,0.5,0.5,0
16383,subsurface_anisotropic_transport,2,23,0,0,0,0
16383,subsurface_anisotropic_transport,2,24,0.49658531,0.49658531,0.49658531,0
16383,subsurface_anisotropic_transport,2,25,0.251707345,0.251707345,0.251707345,0
16383,subsurface_anisotropic_transport,2,26,0.676691115,0.461886406,0.366417646,0
16383,subsurface_anisotropic_transport,2,28,-0.290593266,-0,-0.956846654,1
16383,subsurface_anisotropic_transport,2,29,0.0407918878,0.0407918878,0.0407918878,0
16383,subsurface_anisotropic_transport,2,31,0.0795774683,0.0795774683,0.0795774683,0
16383,subsurface_anisotropic_transport,3,0,0,1,0.0500000007,1.39999998
16383,subsurface_anisotropic_transport,3,6,0,0,0,0
16383,subsurface_anisotropic_transport,3,7,0,0,0,0
16383,subsurface_anisotropic_transport,3,8,0,0,0,0
16383,subsurface_anisotropic_transport,3,9,0.702495277,0.330585986,0.165292993,0
16383,subsurface_anisotropic_transport,3,10,0.00561784161,0.00561784161,0.00561784161,0
16383,subsurface_anisotropic_transport,3,11,0.289387375,0.289387375,0.289387375,0
16383,subsurface_anisotropic_transport,3,12,0,0,0,0
16383,subsurface_anisotropic_transport,3,16,0.876030266,0.504121006,0.338828027,0
16383,subsurface_anisotropic_transport,3,18,8.2238245,172.380981,191.893921,0
16383,subsurface_anisotropic_transport,3,19,0.0104212128,0.276184171,0.800183535,0
16383,subsurface_anisotropic_transport,3,20,0,0,0,0
16383,subsurface_anisotropic_transport,3,21,0.5,0.5,0.5,0
16383,subsurface_anisotropic_transport,3,22,0.5,0.5,0.5,0
16383,subsurface_anisotropic_transport,3,23,0,0,0,0
16383,subsurface_anisotropic_transport,3,24,0.49658531,0.49658531,0.49658531,0
16383,subsurface_anisotropic_transport,3,25,0.251707345,0.251707345,0.251707345,0
16383,subsurface_anisotropic_transport,3,26,0.6867311,0.502046466,0.419964373,0
16383,subsurface_anisotropic_transport,3,28,-0,-0.663324952,-0.748331487,1
16383,subsurface_anisotropic_transport,3,29,0.57159251,0.57159251,0.57159251,0
16383,subsurface_anisotropic_transport,3,31,0.0795774683,0.0795774683,0.0795774683,0
16383,subsurface_anisotropic_transport,4,0,0,1,0.0500000007,1.39999998
16383,subsurface_anisotropic_transport,4,6,0,0,0,0
16383,subsurface_anisotropic_transport,4,7,0,0,0,0
16383,subsurface_anisotropic_transport,4,8,0,0,0,0
16383,subsurface_anisotropic_transport,4,9,0.792466104,0.372925222,0.186462611,0
16383,subsurface_anisotropic_transport,4,10,0.00424304185,0.00424304185,0.00424304185,0
16383,subsurface_anisotropic_transport,4,11,0.289387375,0.289387375,0.289387375,0
16383,subsurface_anisotropic_transport,4,12,0,0,0,0
16383,subsurface_anisotropic_transport,4,16,0.860153079,0.440612197,0.254149586,0
16383,subsurface_anisotropic_transport,4,18,8.2238245,172.380981,191.893921,0
16383,subsurface_anisotropic_transport,4,19,0.0104212128,0.276184171,0.800183535,0
16383,subsurface_anisotropic_transport,4,20,0,0,0,0
16383,subsurface_anisotropic_transport,4,21,0.5,0.5,0.5,0
16383,subsurface_anisotropic_transport,4,22,0.5,0.5,0.5,0
16383,subsurface_anisotropic_transport,4,23,0,0,0,0
16383,subsurface_anisotropic_transport,4,24,0.49658531,0.49658531,0.49658531,0
16383,subsurface_anisotropic_transport,4,25,0.251707345,0.251707345,0.251707345,0
16383,subsurface_anisotropic_transport,4,26,0.678846717,0.470508903,0.37791431,0
16383,subsurface_anisotropic_transport,4,28,-0,-0.577350259,-0.816496611,1
16383,subsurface_anisotropic_transport,4,29,0.0891867131,0.0891867131,0.0891867131,0
16383,subsurface_anisotropic_transport,4,31,0.0795774683,0.0795774683,0.0795774683,0
16383,subsurface_anisotropic_transport,5,0,0,1,0.0500000007,1.39999998
16383,subsurface_anisotropic_transport,5,6,0,0,0,0
16383,subsurface_anisotropic_transport,5,7,0,0,0,0
16383,subsurface_anisotropic_transport,5,8,0,0,0,0
16383,subsurface_anisotropic_transport,5,9,0.817071974,0.384504467,0.192252234,0
16383,subsurface_anisotropic_transport,5,10,0.0121668,0.0121668,0.0121668,0
16383,subsurface_anisotropic_transport,5,11,0.289387375,0.289387375,0.289387375,0
16383,subsurface_anisotropic_transport,5,12,0,0,0,0
16383,subsurface_anisotropic_transport,5,16,0.855810881,0.423243314,0.230991095,0
16383,subsurface_anisotropic_transport,5,18,8.2238245,172.380981,191.893921,0
16383,subsurface_anisotropic_transport,5,19,0.0104212128,0.276184171,0.800183535,0
16383,subsurface_anisotropic_transport,5,20,0,0,0,0
16383,subsurface_anisotropic_transport,5,21,0.5,0.5,0.5,0
16383,subsurface_anisotropic_transport,5,22,0.5,0.5,0.5,0
16383,subsurface_anisotropic_transport,5,23,0,0,0,0
16383,subsurface_anisotropic_transport,5,24,0.49658531,0.49658531,0.49658531,0
16383,subsurface_anisotropic_transport,5,25,0.251707345,0.251707345,0.251707345,0
16383,subsurface_anisotropic_transport,5,26,0.676690459,0.461883754,0.36641413,0
16383,subsurface_anisotropic_transport,5,28,-0,-0.290593266,-0.956846654,1
16383,subsurface_anisotropic_transport,5,29,0.0407918878,0.0407918878,0.0407918878,0
16383,subsurface_anisotropic_transport,5,31,0.0795774683,0.0795774683,0.0795774683,0
16383,subsurface_boundary_ior,0,0,0,1,0.0500000007,2
16383,subsurface_boundary_ior,0,6,0,0,0,0
16383,subsurface_boundary_ior,0,7,0,0,0,0
16383,subsurface_boundary_ior,0,8,0,0,0,0
16383,subsurface_boundary_ior,0,9,0.702097416,0.330398798,0.165199399,0
16383,subsurface_boundary_ior,0,10,0.00288025523,0.00288025523,0.00288025523,0
16383,subsurface_boundary_ior,0,11,0.289387375,0.289387375,0.289387375,0
16383,subsurface_boundary_ior,0,12,0,0,0,0
16383,subsurface_boundary_ior,0,16,0.876100481,0.504401803,0.339202434,0
16383,subsurface_boundary_ior,0,18,8.24166203,172.476822,191.904343,0
16383,subsurface_boundary_ior,0,19,0.010443842,0.276345283,0.800508201,0
16383,subsurface_boundary_ior,0,20,0,0,0,0
16383,subsurface_boundary_ior,0,21,0.5,0.5,0.5,0
16383,subsurface_boundary_ior,0,22,0.5,0.5,0.5,0
16383,subsurface_boundary_ior,0,23,0,0,0,0
16383,subsurface_boundary_ior,0,24,0.49658531,0.49658531,0.49658531,0
16383,subsurface_boundary_ior,0,25,0.251707345,0.251707345,0.251707345,0
16383,subsurface_boundary_ior,0,26,0.686765969,0.502185881,0.42015028,0
16383,subsurface_boundary_ior,0,28,-0.663324952,-0,-0.748331487,1
16383,subsurface_boundary_ior,0,29,0.57159251,0.57159251,0.57159251,0
16383,subsurface_boundary_ior,0,31,0.0795774683,0.0795774683,0.0795774683,0
16383,subsurface_boundary_ior,1,0,0,1,0.0500000007,2
16383,subsurface_boundary_ior,1,6,0,0,0,0
16383,subsurface_boundary_ior,1,7,0,0,0,0
16383,subsurface_boundary_ior,1,8,0,0,0,0
16383,subsurface_boundary_ior,1,9,0.792451024,0.372918129,0.186459064,0
16383,subsurface_boundary_ior,1,10,0.00188488967,0.00188488967,0.00188488967,0
16383,subsurface_boundary_ior,1,11,0.289387375,0.289387375,0.289387375,0
16383,subsurface_boundary_ior,1,12,0,0,0,0
16383,subsurface_boundary_ior,1,16,0.860155702,0.440622807,0.254163742,0
16383,subsurface_boundary_ior,1,18,8.24166203,172.476822,191.904343,0
16383,subsurface_boundary_ior,1,19,0.010443842,0.276345283,0.800508201,0
16383,subsurface_boundary_ior,1,20,0,0,0,0
16383,subsurface_boundary_ior,1,21,0.5,0.5,0.5,0
16383,subsurface_boundary_ior,1,22,0.5,0.5,0.5,0
16383,subsurface_boundary_ior,1,23,0,0,0,0
16383,subsurface_boundary_ior,1,24,0.49658531,0.49658531,0.49658531,0
16383,subsurface_boundary_ior,1,25,0.251707345,0.251707345,0.251707345,0
16383,subsurface_boundary_ior,1,26,0.678848028,0.470514148,0.377921343,0
16383,subsurface_boundary_ior,1,28,-0.577350259,-0,-0.816496611,1
16383,subsurface_boundary_ior,1,29,0.0891867131,0.0891867131,0.0891867131,0
16383,subsurface_boundary_ior,1,31,0.0795774683,0.0795774683,0.0795774683,0
16383,subsurface_boundary_ior,2,0,0,1,0.0500000007,2
16383,subsurface_boundary_ior,2,6,0,0,0,0
16383,subsurface_boundary_ior,2,7,0,0,0,0
16383,subsurface_boundary_ior,2,8,0,0,0,0
16383,subsurface_boundary_ior,2,9,0.817064464,0.384500921,0.19225046,0
16383,subsurface_boundary_ior,2,10,0.00421805214,0.00421805214,0.00421805214,0
16383,subsurface_boundary_ior,2,11,0.289387375,0.289387375,0.289387375,0
16383,subsurface_boundary_ior,2,12,0,0,0,0
16383,subsurface_boundary_ior,2,16,0.855812192,0.423248649,0.230998173,0
16383,subsurface_boundary_ior,2,18,8.24166203,172.476822,191.904343,0
16383,subsurface_boundary_ior,2,19,0.010443842,0.276345283,0.800508201,0
16383,subsurface_boundary_ior,2,20,0,0,0,0
16383,subsurface_boundary_ior,2,21,0.5,0.5,0.5,0
16383,subsurface_boundary_ior,2,22,0.5,0.5,0.5,0
16383,subsurface_boundary_ior,2,23,0,0,0,0
16383,subsurface_boundary_ior,2,24,0.49658531,0.49658531,0.49658531,0
16383,subsurface_boundary_ior,2,25,0.251707345,0.251707345,0.251707345,0
16383,subsurface_boundary_ior,2,26,0.676691115,0.461886406,0.366417646,0
16383,subsurface_boundary_ior,2,28,-0.290593266,-0,-0.956846654,1
16383,subsurface_boundary_ior,2,29,0.0407918878,0.0407918878,0.0407918878,0
16383,subsurface_boundary_ior,2,31,0.0795774683,0.0795774683,0.0795774683,0
16383,subsurface_boundary_ior,3,0,0,1,0.0500000007,2
16383,subsurface_boundary_ior,3,6,0,0,0,0
16383,subsurface_boundary_ior,3,7,0,0,0,0
16383,subsurface_boundary_ior,3,8,0,0,0,0
16383,subsurface_boundary_ior,3,9,0.702495277,0.330585986,0.165292993,0
16383,subsurface_boundary_ior,3,10,0.00561784161,0.00561784161,0.00561784161,0
16383,subsurface_boundary_ior,3,11,0.289387375,0.289387375,0.289387375,0
16383,subsurface_boundary_ior,3,12,0,0,0,0
16383,subsurface_boundary_ior,3,16,0.876030266,0.504121006,0.338828027,0
16383,subsurface_boundary_ior,3,18,8.24166203,172.476822,191.904343,0
16383,subsurface_boundary_ior,3,19,0.010443842,0.276345283,0.800508201,0
16383,subsurface_boundary_ior,3,20,0,0,0,0
16383,subsurface_boundary_ior,3,21,0.5,0.5,0.5,0
16383,subsurface_boundary_ior,3,22,0.5,0.5,0.5,0
16383,subsurface_boundary_ior,3,23,0,0,0,0
16383,subsurface_boundary_ior,3,24,0.49658531,0.49658531,0.49658531,0
16383,subsurface_boundary_ior,3,25,0.251707345,0.251707345,0.251707345,0
16383,subsurface_boundary_ior,3,26,0.6867311,0.502046466,0.419964373,0
16383,subsurface_boundary_ior,3,28,-0,-0.663324952,-0.748331487,1
16383,subsurface_boundary_ior,3,29,0.57159251,0.57159251,0.57159251,0
16383,subsurface_boundary_ior,3,31,0.0795774683,0.0795774683,0.0795774683,0
16383,subsurface_boundary_ior,4,0,0,1,0.0500000007,2
16383,subsurface_boundary_ior,4,6,0,0,0,0
16383,subsurface_boundary_ior,4,7,0,0,0,0
16383,subsurface_boundary_ior,4,8,0,0,0,0
16383,subsurface_boundary_ior,4,9,0.792466104,0.372925222,0.186462611,0
16383,subsurface_boundary_ior,4,10,0.00424304185,0.00424304185,0.00424304185,0
16383,subsurface_boundary_ior,4,11,0.289387375,0.289387375,0.289387375,0
16383,subsurface_boundary_ior,4,12,0,0,0,0
16383,subsurface_boundary_ior,4,16,0.860153079,0.440612197,0.254149586,0
16383,subsurface_boundary_ior,4,18,8.24166203,172.476822,191.904343,0
16383,subsurface_boundary_ior,4,19,0.010443842,0.276345283,0.800508201,0
16383,subsurface_boundary_ior,4,20,0,0,0,0
16383,subsurface_boundary_ior,4,21,0.5,0.5,0.5,0
16383,subsurface_boundary_ior,4,22,0.5,0.5,0.5,0
16383,subsurface_boundary_ior,4,23,0,0,0,0
16383,subsurface_boundary_ior,4,24,0.49658531,0.49658531,0.49658531,0
16383,subsurface_boundary_ior,4,25,0.251707345,0.251707345,0.251707345,0
16383,subsurface_boundary_ior,4,26,0.678846717,0.470508903,0.37791431,0
16383,subsurface_boundary_ior,4,28,-0,-0.577350259,-0.816496611,1
16383,subsurface_boundary_ior,4,29,0.0891867131,0.0891867131,0.0891867131,0
16383,subsurface_boundary_ior,4,31,0.0795774683,0.0795774683,0.0795774683,0
16383,subsurface_boundary_ior,5,0,0,1,0.0500000007,2
16383,subsurface_boundary_ior,5,6,0,0,0,0
16383,subsurface_boundary_ior,5,7,0,0,0,0
16383,subsurface_boundary_ior,5,8,0,0,0,0
16383,subsurface_boundary_ior,5,9,0.817071974,0.384504467,0.192252234,0
16383,subsurface_boundary_ior,5,10,0.0121668,0.0121668,0.0121668,0
16383,subsurface_boundary_ior,5,11,0.289387375,0.289387375,0.289387375,0
16383,subsurface_boundary_ior,5,12,0,0,0,0
16383,subsurface_boundary_ior,5,16,0.855810881,0.423243314,0.230991095,0
16383,subsurface_boundary_ior,5,18,8.24166203,172.476822,191.904343,0
16383,subsurface_boundary_ior,5,19,0.010443842,0.276345283,0.800508201,0
16383,subsurface_boundary_ior,5,20,0,0,0,0
16383,subsurface_boundary_ior,5,21,0.5,0.5,0.5,0
16383,subsurface_boundary_ior,5,22,0.5,0.5,0.5,0
16383,subsurface_boundary_ior,5,23,0,0,0,0
16383,subsurface_boundary_ior,5,24,0.49658531,0.49658531,0.49658531,0
16383,subsurface_boundary_ior,5,25,0.251707345,0.251707345,0.251707345,0
16383,subsurface_boundary_ior,5,26,0.676690459,0.461883754,0.36641413,0
16383,subsurface_boundary_ior,5,28,-0,-0.290593266,-0.956846654,1
16383,subsurface_boundary_ior,5,29,0.0407918878,0.0407918878,0.0407918878,0
16383,subsurface_boundary_ior,5,31,0.0795774683,0.0795774683,0.0795774683,0
16383,glass_removes_subsurface,0,0,1,1,0.0500000007,2
16383,glass_removes_subsurface,0,6,0.738163948,0.738163948,0.738163948,0
16383,glass_removes_subsurface,0,7,0.761531591,0.52240634,0.369397074,1
16383,glass_removes_subsurface,0,8,0,0,0,0
16383,glass_removes_subsurface,0,9,0,0,0,0
16383,glass_removes_subsurface,0,10,0.00288025523,0.00288025523,0.00288025523,0
16383,glass_removes_subsurface,0,11,0,0,0,0
16383,glass_removes_subsurface,0,12,0,0,0,0
16383,glass_removes_subsurface,0,16,0.935534596,0.696409404,0.543400109,0
16383,glass_removes_subsurface,0,18,8.24166203,172.476822,191.904343,0
16383,glass_removes_subsurface,0,19,0.010443842,0.276345283,0.800508201,0
16383,glass_removes_subsurface,0,20,0,0,0,0
16383,glass_removes_subsurface,0,21,0.5,0.5,0.5,0
16383,glass_removes_subsurface,0,22,0.5,0.5,0.5,0
16383,glass_removes_subsurface,0,23,0,0,0,0
16383,glass_removes_subsurface,0,24,0.49658531,0.49658531,0.49658531,0
16383,glass_removes_subsurface,0,25,0.251707345,0.251707345,0.251707345,0
16383,glass_removes_subsurface,0,26,0.716280103,0.597534001,0.521551847,0
16383,glass_removes_subsurface,0,28,-0.663324952,-0,-0.748331487,1
16383,glass_removes_subsurface,0,29,0.57159251,0.57159251,0.57159251,0
16383,glass_removes_subsurface,0,31,0.0795774683,0.0795774683,0.0795774683,0
16383,glass_removes_subsurface,1,0,1,1,0.0500000007,2
16383,glass_removes_subsurface,1,6,0.891611159,0.891611159,0.891611159,0
16383,glass_removes_subsurface,1,7,0.859533846,0.589635313,0.416935146,1
16383,glass_removes_subsurface,1,8,0,0,0,0
16383,glass_removes_subsurface,1,9,0,0,0,0
16383,glass_removes_subsurface,1,10,0.00188488967,0.00188488967,0.00188488967,0
16383,glass_removes_subsurface,1,11,0,0,0,0
16383,glass_removes_subsurface,1,12,0,0,0,0
16383,glass_removes_subsurface,1,16,0.927238524,0.65733999,0.484639823,0
16383,glass_removes_subsurface,1,18,8.24166203,172.476822,191.904343,0
16383,glass_removes_subsurface,1,19,0.010443842,0.276345283,0.800508201,0
16383,glass_removes_subsurface,1,20,0,0,0,0
16383,glass_removes_subsurface,1,21,0.5,0.5,0.5,0
16383,glass_removes_subsurface,1,22,0.5,0.5,0.5,0
16383,glass_removes_subsurface,1,23,0,0,0,0
16383,glass_removes_subsurface,1,24,0.49658531,0.49658531,0.49658531,0
16383,glass_removes_subsurface,1,25,0.251707345,0.251707345,0.251707345,0
16383,glass_removes_subsurface,1,26,0.712160349,0.578132749,0.492372364,0
16383,glass_removes_subsurface,1,28,-0.577350259,-0,-0.816496611,1
16383,glass_removes_subsurface,1,29,0.0891867131,0.0891867131,0.0891867131,0
16383,glass_removes_subsurface,1,31,0.0795774683,0.0795774683,0.0795774683,0
16383,glass_removes_subsurface,2,0,1,1,0.0500000007,2
16383,glass_removes_subsurface,2,6,0.950719893,0.950719893,0.950719893,0
16383,glass_removes_subsurface,2,7,0.886230826,0.607949317,0.429885089,1
16383,glass_removes_subsurface,2,8,0,0,0,0
16383,glass_removes_subsurface,2,9,0,0,0,0
16383,glass_removes_subsurface,2,10,0.00421805214,0.00421805214,0.00421805214,0
16383,glass_removes_subsurface,2,11,0,0,0,0
16383,glass_removes_subsurface,2,12,0,0,0,0
16383,glass_removes_subsurface,2,16,0.924978554,0.646697044,0.468632817,0
16383,glass_removes_subsurface,2,18,8.24166203,172.476822,191.904343,0
16383,glass_removes_subsurface,2,19,0.010443842,0.276345283,0.800508201,0
16383,glass_removes_subsurface,2,20,0,0,0,0
16383,glass_removes_subsurface,2,21,0.5,0.5,0.5,0
16383,glass_removes_subsurface,2,22,0.5,0.5,0.5,0
16383,glass_removes_subsurface,2,23,0,0,0,0
16383,glass_removes_subsurface,2,24,0.49658531,0.49658531,0.49658531,0
16383,glass_removes_subsurface,2,25,0.251707345,0.251707345,0.251707345,0
16383,glass_removes_subsurface,2,26,0.711038113,0.572847605,0.484423518,0
16383,glass_removes_subsurface,2,28,-0.290593266,-0,-0.956846654,1
16383,glass_removes_subsurface,2,29,0.0407918878,0.0407918878,0.0407918878,0
16383,glass_removes_subsurface,2,31,0.0795774683,0.0795774683,0.0795774683,0
16383,glass_removes_subsurface,3,0,1,1,0.0500000007,2
16383,glass_removes_subsurface,3,6,0.722193062,0.722193062,0.722193062,0
16383,glass_removes_subsurface,3,7,0.761963069,0.522702336,0.369606376,1
16383,glass_removes_subsurface,3,8,0,0,0,0
16383,glass_removes_subsurface,3,9,0,0,0,0
16383,glass_removes_subsurface,3,10,0.00561784161,0.00561784161,0.00561784161,0
16383,glass_removes_subsurface,3,11,0,0,0,0
16383,glass_removes_subsurface,3,12,0,0,0,0
16383,glass_removes_subsurface,3,16,0.935498118,0.696237385,0.543141425,0
16383,glass_removes_subsurface,3,18,8.24166203,172.476822,191.904343,0
16383,glass_removes_subsurface,3,19,0.010443842,0.276345283,0.800508201,0
16383,glass_removes_subsurface,3,20,0,0,0,0
16383,glass_removes_subsurface,3,21,0.5,0.5,0.5,0
16383,glass_removes_subsurface,3,22,0.5,0.5,0.5,0
16383,glass_removes_subsurface,3,23,0,0,0,0
16383,glass_removes_subsurface,3,24,0.49658531,0.49658531,0.49658531,0
16383,glass_removes_subsurface,3,25,0.251707345,0.251707345,0.251707345,0
16383,glass_removes_subsurface,3,26,0.716261983,0.597448587,0.521423399,0
16383,glass_removes_subsurface,3,28,-0,-0.663324952,-0.748331487,1
16383,glass_removes_subsurface,3,29,0.57159251,0.57159251,0.57159251,0
16383,glass_removes_subsurface,3,31,0.0795774683,0.0795774683,0.0795774683,0
16383,glass_removes_subsurface,4,0,1,1,0.0500000007,2
16383,glass_removes_subsurface,4,6,0.884354949,0.884354949,0.884354949,0
16383,glass_removes_subsurface,4,7,0.859550118,0.589646518,0.416943043,1
16383,glass_removes_subsurface,4,8,0,0,0,0
16383,glass_removes_subsurface,4,9,0,0,0,0
16383,glass_removes_subsurface,4,10,0.00424304185,0.00424304185,0.00424304185,0
16383,glass_removes_subsurface,4,11,0,0,0,0
16383,glass_removes_subsurface,4,12,0,0,0,0
16383,glass_removes_subsurface,4,16,0.927237153,0.657333493,0.484630048,0
16383,glass_removes_subsurface,4,18,8.24166203,172.476822,191.904343,0
16383,glass_removes_subsurface,4,19,0.010443842,0.276345283,0.800508201,0
16383,glass_removes_subsurface,4,20,0,0,0,0
16383,glass_removes_subsurface,4,21,0.5,0.5,0.5,0
16383,glass_removes_subsurface,4,22,0.5,0.5,0.5,0
16383,glass_removes_subsurface,4,23,0,0,0,0
16383,glass_removes_subsurface,4,24,0.49658531,0.49658531,0.49658531,0
16383,glass_removes_subsurface,4,25,0.251707345,0.251707345,0.251707345,0
16383,glass_removes_subsurface,4,26,0.712159693,0.57812953,0.492367506,0
16383,glass_removes_subsurface,4,28,-0,-0.577350259,-0.816496611,1
16383,glass_removes_subsurface,4,29,0.0891867131,0.0891867131,0.0891867131,0
16383,glass_removes_subsurface,4,31,0.0795774683,0.0795774683,0.0795774683,0
16383,glass_removes_subsurface,5,0,1,1,0.0500000007,2
16383,glass_removes_subsurface,5,6,0.948228776,0.948228776,0.948228776,0
16383,glass_removes_subsurface,5,7,0.886238992,0.607954919,0.429889053,1
16383,glass_removes_subsurface,5,8,0,0,0,0
16383,glass_removes_subsurface,5,9,0,0,0,0
16383,glass_removes_subsurface,5,10,0.0121668,0.0121668,0.0121668,0
16383,glass_removes_subsurface,5,11,0,0,0,0
16383,glass_removes_subsurface,5,12,0.0341425985,0.0234216284,0.016561592,0
16383,glass_removes_subsurface,5,16,0.924977839,0.646693766,0.46862793,0
16383,glass_removes_subsurface,5,18,8.24166203,172.476822,191.904343,0
16383,glass_removes_subsurface,5,19,0.010443842,0.276345283,0.800508201,0
16383,glass_removes_subsurface,5,20,0,0,0,0
16383,glass_removes_subsurface,5,21,0.5,0.5,0.5,0
16383,glass_removes_subsurface,5,22,0.5,0.5,0.5,0
16383,glass_removes_subsurface,5,23,0,0,0,0
16383,glass_removes_subsurface,5,24,0.49658531,0.49658531,0.49658531,0
16383,glass_removes_subsurface,5,25,0.251707345,0.251707345,0.251707345,0
16383,glass_removes_subsurface,5,26,0.711037755,0.572845995,0.484421074,0
16383,glass_removes_subsurface,5,28,-0,-0.290593266,-0.956846654,1
16383,glass_removes_subsurface,5,29,0.0407918878,0.0407918878,0.0407918878,0
16383,glass_removes_subsurface,5,31,0.0795774683,0.0795774683,0.0795774683,0
16383,all_layers_special,0,0,0.400000006,0.699999988,0.100000001,1.39999998
16383,all_layers_special,0,6,0.764933944,0.746941924,0.744329154,0
16383,all_layers_special,0,7,0.304371715,0.298410356,0.298049867,0.400000006
16383,all_layers_special,0,8,0.126929268,0.126929268,0.126929268,0
16383,all_layers_special,0,9,0.296168268,0.296168268,0.296168268,0
16383,all_layers_special,0,10,0.0273550898,0.0293467566,0.0297222696,0
16383,all_layers_special,0,11,0.145122424,0.161894679,0.179388613,0
16383,all_layers_special,0,12,0,0,0,0
16383,all_layers_special,0,16,0.744355202,0.797911763,0.847833097,0
16383,all_layers_special,0,18,25.6576881,208.838455,150.582535,0
16383,all_layers_special,0,19,0.0333125331,0.473463476,0.810320497,0
16383,all_layers_special,0,20,0,0,0,0
16383,all_layers_special,0,21,0.5,0.5,0.5,0
16383,all_layers_special,0,22,0.5,0.5,0.5,0
16383,all_layers_special,0,23,0,0,0,0
16383,all_layers_special,0,24,0.49658531,0.49658531,0.49658531,0
16383,all_layers_special,0,25,0.251707345,0.251707345,0.251707345,0
16383,all_layers_special,0,26,1.11939991,0.925747931,0.795860291,0
16383,all_layers_special,0,28,-0.663324952,-0,-0.748331487,1
16383,all_layers_special,0,29,0.530680358,0.555567861,0.572764695,0
16383,all_layers_special,0,31,0.0795774683,0.0795774683,0.0795774683,0
16383,all_layers_special,1,0,0.400000006,0.699999988,0.100000001,1.39999998
16383,all_layers_special,1,6,0.905955613,0.894760251,0.904445827,0
16383,all_layers_special,1,7,0.337391227,0.334251761,0.337973803,0.400000006
16383,all_layers_special,1,8,0.136138141,0.136138141,0.136138141,0
16383,all_layers_special,1,9,0.317655653,0.317655653,0.317655653,0
16383,all_layers_special,1,10,0.0331188589,0.035366863,0.0365039259,0
16383,all_layers_special,1,11,0.198134705,0.219299003,0.241067737,0
16383,all_layers_special,1,12,0,0,0,0
16383,all_layers_special,1,16,0.667706132,0.731777966,0.788576186,0
16383,all_layers_special,1,18,25.6576881,208.838455,150.582535,0
16383,all_layers_special,1,19,0.0333125331,0.473463476,0.810320497,0
16383,all_layers_special,1,20,0,0,0,0
16383,all_layers_special,1,21,0.5,0.5,0.5,0
16383,all_layers_special,1,22,0.5,0.5,0.5,0
16383,all_layers_special,1,23,0,0,0,0
16383,all_layers_special,1,24,0.49658531,0.49658531,0.49658531,0
16383,all_layers_special,1,25,0.251707345,0.251707345,0.251707345,0
16383,all_layers_special,1,26,1.26327395,0.991411984,0.808770418,0
16383,all_layers_special,1,28,-0.577350259,-0,-0.816496611,1
16383,all_layers_special,1,29,0.0715601891,0.0877946764,0.0814673901,0
16383,all_layers_special,1,31,0.0795774683,0.0795774683,0.0795774683,0
16383,all_layers_special,2,0,0.400000006,0.699999988,0.100000001,1.39999998
16383,all_layers_special,2,6,0.95096612,0.956996024,0.97935164,0
16383,all_layers_special,2,7,0.343579084,0.346091002,0.353799492,0.400000006
16383,all_layers_special,2,8,0.138499469,0.138499469,0.138499469,0
16383,all_layers_special,2,9,0.323165417,0.323165417,0.323165417,0
16383,all_layers_special,2,10,0.0382668227,0.0389597416,0.0382864103,0
16383,all_layers_special,2,11,0.218574822,0.238753855,0.25904724,0
16383,all_layers_special,2,12,0,0,0,0
16383,all_layers_special,2,16,0.671861589,0.726773381,0.77389282,0
16383,all_layers_special,2,18,25.6576881,208.838455,150.582535,0
16383,all_layers_special,2,19,0.0333125331,0.473463476,0.810320497,0
16383,all_layers_special,2,20,0,0,0,0
16383,all_layers_special,2,21,0.5,0.5,0.5,0
16383,all_layers_special,2,22,0.5,0.5,0.5,0
16383,all_layers_special,2,23,0,0,0,0
16383,all_layers_special,2,24,0.49658531,0.49658531,0.49658531,0
16383,all_layers_special,2,25,0.251707345,0.251707345,0.251707345,0
16383,all_layers_special,2,26,1.33548748,1.02231109,0.813819945,0
16383,all_layers_special,2,28,-0.290593266,-0,-0.956846654,1
16383,all_layers_special,2,29,0.0427682102,0.0335375629,0.00901468471,0
16383,all_layers_special,2,31,0.0795774683,0.0795774683,0.0795774683,0
16383,all_layers_special,3,0,0.400000006,0.699999988,0.100000001,1.39999998
16383,all_layers_special,3,6,0.7489748,0.730751157,0.727811933,0
16383,all_layers_special,3,7,0.304567903,0.298505098,0.298034966,0.400000006
16383,all_layers_special,3,8,0.111180112,0.111180112,0.111180112,0
16383,all_layers_special,3,9,0.259420246,0.259420246,0.259420246,0
16383,all_layers_special,3,10,0.0237538293,0.0260180403,0.0273224022,0
16383,all_layers_special,3,11,0.145141914,0.161916405,0.179412693,0
16383,all_layers_special,3,12,0,0,0,0
16383,all_layers_special,3,16,0.745975554,0.80277431,0.857983947,0
16383,all_layers_special,3,18,25.6576881,208.838455,150.582535,0
16383,all_layers_special,3,19,0.0333125331,0.473463476,0.810320497,0
16383,all_layers_special,3,20,0,0,0,0
16383,all_layers_special,3,21,0.5,0.5,0.5,0
16383,all_layers_special,3,22,0.5,0.5,0.5,0
16383,all_layers_special,3,23,0,0,0,0
16383,all_layers_special,3,24,0.49658531,0.49658531,0.49658531,0
16383,all_layers_special,3,25,0.251707345,0.251707345,0.251707345,0
16383,all_layers_special,3,26,1.12027144,0.928199887,0.800917566,0
16383,all_layers_special,3,28,-0,-0.663324952,-0.748331487,1
16383,all_layers_special,3,29,0.530680358,0.555567861,0.572764695,0
16383,all_layers_special,3,31,0.0795774683,0.0795774683,0.0795774683,0
16383,all_layers_special,4,0,0.400000006,0.699999988,0.100000001,1.39999998
16383,all_layers_special,4,6,0.898692787,0.88746047,0.89696908,0
16383,all_layers_special,4,7,0.337397099,0.334257483,0.337977827,0.400000006
16383,all_layers_special,4,8,0.133418679,0.133418679,0.133418679,0
16383,all_layers_special,4,9,0.311310232,0.311310232,0.311310232,0
16383,all_layers_special,4,10,0.0314289071,0.034303043,0.036151778,0
16383,all_layers_special,4,11,0.198159531,0.219326511,0.241097972,0
16383,all_layers_special,4,12,0,0,0,0
16383,all_layers_special,4,16,0.66624403,0.73346138,0.793231905,0
16383,all_layers_special,4,18,25.6576881,208.838455,150.582535,0
16383,all_layers_special,4,19,0.0333125331,0.473463476,0.810320497,0
16383,all_layers_special,4,20,0,0,0,0
16383,all_layers_special,4,21,0.5,0.5,0.5,0
16383,all_layers_special,4,22,0.5,0.5,0.5,0
16383,all_layers_special,4,23,0,0,0,0
16383,all_layers_special,4,24,0.49658531,0.49658531,0.49658531,0
16383,all_layers_special,4,25,0.251707345,0.251707345,0.251707345,0
16383,all_layers_special,4,26,1.2626332,0.992295146,0.811103165,0
16383,all_layers_special,4,28,-0,-0.577350259,-0.816496611,1
16383,all_layers_special,4,29,0.0715601891,0.0877946764,0.0814673901,0
16383,all_layers_special,4,31,0.0795774683,0.0795774683,0.0795774683,0
16383,all_layers_special,5,0,0.400000006,0.699999988,0.100000001,1.39999998
16383,all_layers_special,5,6,0.948418677,0.954503059,0.976853132,0
16383,all_layers_special,5,7,0.343582273,0.346094221,0.353800833,0.400000006
16383,all_layers_special,5,8,0.138433874,0.138433874,0.138433874,0
16383,all_layers_special,5,9,0.323012352,0.323012352,0.323012352,0
16383,all_layers_special,5,10,0.0424193591,0.0433324389,0.0410297997,0
16383,all_layers_special,5,11,0.218566045,0.238744259,0.259036839,0
16383,all_layers_special,5,12,0.0103858002,0.0110359481,0.0118662259,0
16383,all_layers_special,5,16,0.67191577,0.727493107,0.774125218,0
16383,all_layers_special,5,18,25.6576881,208.838455,150.582535,0
16383,all_layers_special,5,19,0.0333125331,0.473463476,0.810320497,0
16383,all_layers_special,5,20,0,0,0,0
16383,all_layers_special,5,21,0.5,0.5,0.5,0
16383,all_layers_special,5,22,0.5,0.5,0.5,0
16383,all_layers_special,5,23,0,0,0,0
16383,all_layers_special,5,24,0.49658531,0.49658531,0.49658531,0
16383,all_layers_special,5,25,0.251707345,0.251707345,0.251707345,0
16383,all_layers_special,5,26,1.33548427,1.02265203,0.813928187,0
16383,all_layers_special,5,28,-0,-0.290593266,-0.956846654,1
16383,all_layers_special,5,29,0.0427682102,0.0335375629,0.00901468471,0
16383,all_layers_special,5,31,0.0795774683,0.0795774683,0.0795774683,0
16383,all_layers_alpha_zero,0,0,0.400000006,0.699999988,0.100000001,1.39999998
16383,all_layers_alpha_zero,0,6,0.764933944,0.746941924,0.744329154,0
16383,all_layers_alpha_zero,0,7,0.304371715,0.298410356,0.298049867,0.400000006
16383,all_layers_alpha_zero,0,8,0.126929268,0.126929268,0.126929268,0
16383,all_layers_alpha_zero,0,9,0.296168268,0.296168268,0.296168268,0
16383,all_layers_alpha_zero,0,10,0.0273550898,0.0293467566,0.0297222696,0
16383,all_layers_alpha_zero,0,11,0.145122424,0.161894679,0.179388613,0
16383,all_layers_alpha_zero,0,12,0,0,0,0
16383,all_layers_alpha_zero,0,16,0.744355202,0.797911763,0.847833097,0
16383,all_layers_alpha_zero,0,18,25.6576881,208.838455,150.582535,0
16383,all_layers_alpha_zero,0,19,0.0333125331,0.473463476,0.810320497,0
16383,all_layers_alpha_zero,0,20,0,0,0,0
16383,all_layers_alpha_zero,0,21,0.5,0.5,0.5,0
16383,all_layers_alpha_zero,0,22,0.5,0.5,0.5,0
16383,all_layers_alpha_zero,0,23,0,0,0,0
16383,all_layers_alpha_zero,0,24,0.49658531,0.49658531,0.49658531,0
16383,all_layers_alpha_zero,0,25,0.251707345,0.251707345,0.251707345,0
16383,all_layers_alpha_zero,0,26,0.351024419,0.450341463,0.549658537,0
16383,all_layers_alpha_zero,0,28,-0.663324952,-0,-0.748331487,1
16383,all_layers_alpha_zero,0,29,0.530680358,0.555567861,0.572764695,0
16383,all_layers_alpha_zero,0,31,0.0795774683,0.0795774683,0.0795774683,0
16383,all_layers_alpha_zero,1,0,0.400000006,0.699999988,0.100000001,1.39999998
16383,all_layers_alpha_zero,1,6,0.905955613,0.894760251,0.904445827,0
16383,all_layers_alpha_zero,1,7,0.337391227,0.334251761,0.337973803,0.400000006
16383,all_layers_alpha_zero,1,8,0.136138141,0.136138141,0.136138141,0
16383,all_layers_alpha_zero,1,9,0.317655653,0.317655653,0.317655653,0
16383,all_layers_alpha_zero,1,10,0.0331188589,0.035366863,0.0365039259,0
16383,all_layers_alpha_zero,1,11,0.198134705,0.219299003,0.241067737,0
16383,all_layers_alpha_zero,1,12,0,0,0,0
16383,all_layers_alpha_zero,1,16,0.667706132,0.731777966,0.788576186,0
16383,all_layers_alpha_zero,1,18,25.6576881,208.838455,150.582535,0
16383,all_layers_alpha_zero,1,19,0.0333125331,0.473463476,0.810320497,0
16383,all_layers_alpha_zero,1,20,0,0,0,0
16383,all_layers_alpha_zero,1,21,0.5,0.5,0.5,0
16383,all_layers_alpha_zero,1,22,0.5,0.5,0.5,0
16383,all_layers_alpha_zero,1,23,0,0,0,0
16383,all_layers_alpha_zero,1,24,0.49658531,0.49658531,0.49658531,0
16383,all_layers_alpha_zero,1,25,0.251707345,0.251707345,0.251707345,0
16383,all_layers_alpha_zero,1,26,0.351024419,0.450341463,0.549658537,0
16383,all_layers_alpha_zero,1,28,-0.577350259,-0,-0.816496611,1
16383,all_layers_alpha_zero,1,29,0.0715601891,0.0877946764,0.0814673901,0
16383,all_layers_alpha_zero,1,31,0.0795774683,0.0795774683,0.0795774683,0
16383,all_layers_alpha_zero,2,0,0.400000006,0.699999988,0.100000001,1.39999998
16383,all_layers_alpha_zero,2,6,0.95096612,0.956996024,0.97935164,0
16383,all_layers_alpha_zero,2,7,0.343579084,0.346091002,0.353799492,0.400000006
16383,all_layers_alpha_zero,2,8,0.138499469,0.138499469,0.138499469,0
16383,all_layers_alpha_zero,2,9,0.323165417,0.323165417,0.323165417,0
16383,all_layers_alpha_zero,2,10,0.0382668227,0.0389597416,0.0382864103,0
16383,all_layers_alpha_zero,2,11,0.218574822,0.238753855,0.25904724,0
16383,all_layers_alpha_zero,2,12,0,0,0,0
16383,all_layers_alpha_zero,2,16,0.671861589,0.726773381,0.77389282,0
16383,all_layers_alpha_zero,2,18,25.6576881,208.838455,150.582535,0
16383,all_layers_alpha_zero,2,19,0.0333125331,0.473463476,0.810320497,0
16383,all_layers_alpha_zero,2,20,0,0,0,0
16383,all_layers_alpha_zero,2,21,0.5,0.5,0.5,0
16383,all_layers_alpha_zero,2,22,0.5,0.5,0.5,0
16383,all_layers_alpha_zero,2,23,0,0,0,0
16383,all_layers_alpha_zero,2,24,0.49658531,0.49658531,0.49658531,0
16383,all_layers_alpha_zero,2,25,0.251707345,0.251707345,0.251707345,0
16383,all_layers_alpha_zero,2,26,0.351024419,0.450341463,0.549658537,0
16383,all_layers_alpha_zero,2,28,-0.290593266,-0,-0.956846654,1
16383,all_layers_alpha_zero,2,29,0.0427682102,0.0335375629,0.00901468471,0
16383,all_layers_alpha_zero,2,31,0.0795774683,0.0795774683,0.0795774683,0
16383,all_layers_alpha_zero,3,0,0.400000006,0.699999988,0.100000001,1.39999998
16383,all_layers_alpha_zero,3,6,0.7489748,0.730751157,0.727811933,0
16383,all_layers_alpha_zero,3,7,0.304567903,0.298505098,0.298034966,0.400000006
16383,all_layers_alpha_zero,3,8,0.111180112,0.111180112,0.111180112,0
16383,all_layers_alpha_zero,3,9,0.259420246,0.259420246,0.259420246,0
16383,all_layers_alpha_zero,3,10,0.0237538293,0.0260180403,0.0273224022,0
16383,all_layers_alpha_zero,3,11,0.145141914,0.161916405,0.179412693,0
16383,all_layers_alpha_zero,3,12,0,0,0,0
16383,all_layers_alpha_zero,3,16,0.745975554,0.80277431,0.857983947,0
16383,all_layers_alpha_zero,3,18,25.6576881,208.838455,150.582535,0
16383,all_layers_alpha_zero,3,19,0.0333125331,0.473463476,0.810320497,0
16383,all_layers_alpha_zero,3,20,0,0,0,0
16383,all_layers_alpha_zero,3,21,0.5,0.5,0.5,0
16383,all_layers_alpha_zero,3,22,0.5,0.5,0.5,0
16383,all_layers_alpha_zero,3,23,0,0,0,0
16383,all_layers_alpha_zero,3,24,0.49658531,0.49658531,0.49658531,0
16383,all_layers_alpha_zero,3,25,0.251707345,0.251707345,0.251707345,0
16383,all_layers_alpha_zero,3,26,0.351024419,0.450341463,0.549658537,0
16383,all_layers_alpha_zero,3,28,-0,-0.663324952,-0.748331487,1
16383,all_layers_alpha_zero,3,29,0.530680358,0.555567861,0.572764695,0
16383,all_layers_alpha_zero,3,31,0.0795774683,0.0795774683,0.0795774683,0
16383,all_layers_alpha_zero,4,0,0.400000006,0.699999988,0.100000001,1.39999998
16383,all_layers_alpha_zero,4,6,0.898692787,0.88746047,0.89696908,0
16383,all_layers_alpha_zero,4,7,0.337397099,0.334257483,0.337977827,0.400000006
16383,all_layers_alpha_zero,4,8,0.133418679,0.133418679,0.133418679,0
16383,all_layers_alpha_zero,4,9,0.311310232,0.311310232,0.311310232,0
16383,all_layers_alpha_zero,4,10,0.0314289071,0.034303043,0.036151778,0
16383,all_layers_alpha_zero,4,11,0.198159531,0.219326511,0.241097972,0
16383,all_layers_alpha_zero,4,12,0,0,0,0
16383,all_layers_alpha_zero,4,16,0.66624403,0.73346138,0.793231905,0
16383,all_layers_alpha_zero,4,18,25.6576881,208.838455,150.582535,0
16383,all_layers_alpha_zero,4,19,0.0333125331,0.473463476,0.810320497,0
16383,all_layers_alpha_zero,4,20,0,0,0,0
16383,all_layers_alpha_zero,4,21,0.5,0.5,0.5,0
16383,all_layers_alpha_zero,4,22,0.5,0.5,0.5,0
16383,all_layers_alpha_zero,4,23,0,0,0,0
16383,all_layers_alpha_zero,4,24,0.49658531,0.49658531,0.49658531,0
16383,all_layers_alpha_zero,4,25,0.251707345,0.251707345,0.251707345,0
16383,all_layers_alpha_zero,4,26,0.351024419,0.450341463,0.549658537,0
16383,all_layers_alpha_zero,4,28,-0,-0.577350259,-0.816496611,1
16383,all_layers_alpha_zero,4,29,0.0715601891,0.0877946764,0.0814673901,0
16383,all_layers_alpha_zero,4,31,0.0795774683,0.0795774683,0.0795774683,0
16383,all_layers_alpha_zero,5,0,0.400000006,0.699999988,0.100000001,1.39999998
16383,all_layers_alpha_zero,5,6,0.948418677,0.954503059,0.976853132,0
16383,all_layers_alpha_zero,5,7,0.343582273,0.346094221,0.353800833,0.400000006
16383,all_layers_alpha_zero,5,8,0.138433874,0.138433874,0.138433874,0
16383,all_layers_alpha_zero,5,9,0.323012352,0.323012352,0.323012352,0
16383,all_layers_alpha_zero,5,10,0.0424193591,0.0433324389,0.0410297997,0
16383,all_layers_alpha_zero,5,11,0.218566045,0.238744259,0.259036839,0
16383,all_layers_alpha_zero,5,12,0.0103858002,0.0110359481,0.0118662259,0
16383,all_layers_alpha_zero,5,16,0.67191577,0.727493107,0.774125218,0
16383,all_layers_alpha_zero,5,18,25.6576881,208.838455,150.582535,0
16383,all_layers_alpha_zero,5,19,0.0333125331,0.473463476,0.810320497,0
16383,all_layers_alpha_zero,5,20,0,0,0,0
16383,all_layers_alpha_zero,5,21,0.5,0.5,0.5,0
16383,all_layers_alpha_zero,5,22,0.5,0.5,0.5,0
16383,all_layers_alpha_zero,5,23,0,0,0,0
16383,all_layers_alpha_zero,5,24,0.49658531,0.49658531,0.49658531,0
16383,all_layers_alpha_zero,5,25,0.251707345,0.251707345,0.251707345,0
16383,all_layers_alpha_zero,5,26,0.351024419,0.450341463,0.549658537,0
16383,all_layers_alpha_zero,5,28,-0,-0.290593266,-0.956846654,1
16383,all_layers_alpha_zero,5,29,0.0427682102,0.0335375629,0.00901468471,0
16383,all_layers_alpha_zero,5,31,0.0795774683,0.0795774683,0.0795774683,0
16383,all_layers_ao_zero,0,0,0.400000006,0.699999988,0.100000001,1.39999998
16383,all_layers_ao_zero,0,6,0.764933944,0.746941924,0.744329154,0
16383,all_layers_ao_zero,0,7,0.304371715,0.298410356,0.298049867,0.400000006
16383,all_layers_ao_zero,0,8,0.126929268,0.126929268,0.126929268,0
16383,all_layers_ao_zero,0,9,0.296168268,0.296168268,0.296168268,0
16383,all_layers_ao_zero,0,10,0.0273550898,0.0293467566,0.0297222696,0
16383,all_layers_ao_zero,0,11,0.145122424,0.161894679,0.179388613,0
16383,all_layers_ao_zero,0,12,0,0,0,0
16383,all_layers_ao_zero,0,16,0.30115971,0.332630634,0.368350446,0
16383,all_layers_ao_zero,0,18,25.6576881,208.838455,150.582535,0
16383,all_layers_ao_zero,0,19,0.0333125331,0.473463476,0.810320497,0
16383,all_layers_ao_zero,0,20,0,0,0,0
16383,all_layers_ao_zero,0,21,0.5,0.5,0.5,0
16383,all_layers_ao_zero,0,22,0.5,0.5,0.5,0
16383,all_layers_ao_zero,0,23,0,0,0,0
16383,all_layers_ao_zero,0,24,0.49658531,0.49658531,0.49658531,0
16383,all_layers_ao_zero,0,25,0.251707345,0.251707345,0.251707345,0
16383,all_layers_ao_zero,0,26,0.899315536,0.694696188,0.557756245,0
16383,all_layers_ao_zero,0,28,-0.663324952,-0,-0.748331487,1
16383,all_layers_ao_zero,0,29,0.530680358,0.555567861,0.572764695,0
16383,all_layers_ao_zero,0,31,0.0795774683,0.0795774683,0.0795774683,0
16383,all_layers_ao_zero,1,0,0.400000006,0.699999988,0.100000001,1.39999998
16383,all_layers_ao_zero,1,6,0.905955613,0.894760251,0.904445827,0
16383,all_layers_ao_zero,1,7,0.337391227,0.334251761,0.337973803,0.400000006
16383,all_layers_ao_zero,1,8,0.136138141,0.136138141,0.136138141,0
16383,all_layers_ao_zero,1,9,0.317655653,0.317655653,0.317655653,0
16383,all_layers_ao_zero,1,10,0.0331188589,0.035366863,0.0365039259,0
16383,all_layers_ao_zero,1,11,0.198134705,0.219299003,0.241067737,0
16383,all_layers_ao_zero,1,12,0,0,0,0
16383,all_layers_ao_zero,1,16,0.44849056,0.494018227,0.546157539,0
16383,all_layers_ao_zero,1,18,25.6576881,208.838455,150.582535,0
16383,all_layers_ao_zero,1,19,0.0333125331,0.473463476,0.810320497,0
16383,all_layers_ao_zero,1,20,0,0,0,0
16383,all_layers_ao_zero,1,21,0.5,0.5,0.5,0
16383,all_layers_ao_zero,1,22,0.5,0.5,0.5,0
16383,all_layers_ao_zero,1,23,0,0,0,0
16383,all_layers_ao_zero,1,24,0.49658531,0.49658531,0.49658531,0
16383,all_layers_ao_zero,1,25,0.251707345,0.251707345,0.251707345,0
16383,all_layers_ao_zero,1,26,1.15441477,0.873344004,0.688388884,0
16383,all_layers_ao_zero,1,28,-0.577350259,-0,-0.816496611,1
16383,all_layers_ao_zero,1,29,0.0715601891,0.0877946764,0.0814673901,0
16383,all_layers_ao_zero,1,31,0.0795774683,0.0795774683,0.0795774683,0
16383,all_layers_ao_zero,2,0,0.400000006,0.699999988,0.100000001,1.39999998
16383,all_layers_ao_zero,2,6,0.95096612,0.956996024,0.97935164,0
16383,all_layers_ao_zero,2,7,0.343579084,0.346091002,0.353799492,0.400000006
16383,all_layers_ao_zero,2,8,0.138499469,0.138499469,0.138499469,0
16383,all_layers_ao_zero,2,9,0.323165417,0.323165417,0.323165417,0
16383,all_layers_ao_zero,2,10,0.0382668227,0.0389597416,0.0382864103,0
16383,all_layers_ao_zero,2,11,0.218574822,0.238753855,0.25904724,0
16383,all_layers_ao_zero,2,12,0,0,0,0
16383,all_layers_ao_zero,2,16,0.503593326,0.552157938,0.605990112,0
16383,all_layers_ao_zero,2,18,25.6576881,208.838455,150.582535,0
16383,all_layers_ao_zero,2,19,0.0333125331,0.473463476,0.810320497,0
16383,all_layers_ao_zero,2,20,0,0,0,0
16383,all_layers_ao_zero,2,21,0.5,0.5,0.5,0
16383,all_layers_ao_zero,2,22,0.5,0.5,0.5,0
16383,all_layers_ao_zero,2,23,0,0,0,0
16383,all_layers_ao_zero,2,24,0.49658531,0.49658531,0.49658531,0
16383,all_layers_ao_zero,2,25,0.251707345,0.251707345,0.251707345,0
16383,all_layers_ao_zero,2,26,1.25192797,0.935599625,0.730441928,0
16383,all_layers_ao_zero,2,28,-0.290593266,-0,-0.956846654,1
16383,all_layers_ao_zero,2,29,0.0427682102,0.0335375629,0.00901468471,0
16383,all_layers_ao_zero,2,31,0.0795774683,0.0795774683,0.0795774683,0
16383,all_layers_ao_zero,3,0,0.400000006,0.699999988,0.100000001,1.39999998
16383,all_layers_ao_zero,3,6,0.7489748,0.730751157,0.727811933,0
16383,all_layers_ao_zero,3,7,0.304567903,0.298505098,0.298034966,0.400000006
16383,all_layers_ao_zero,3,8,0.111180112,0.111180112,0.111180112,0
16383,all_layers_ao_zero,3,9,0.259420246,0.259420246,0.259420246,0
16383,all_layers_ao_zero,3,10,0.0237538293,0.0260180403,0.0273224022,0
16383,all_layers_ao_zero,3,11,0.145141914,0.161916405,0.179412693,0
16383,all_layers_ao_zero,3,12,0,0,0,0
16383,all_layers_ao_zero,3,16,0.28286764,0.312167257,0.345607817,0
16383,all_layers_ao_zero,3,18,25.6576881,208.838455,150.582535,0
16383,all_layers_ao_zero,3,19,0.0333125331,0.473463476,0.810320497,0
16383,all_layers_ao_zero,3,20,0,0,0,0
16383,all_layers_ao_zero,3,21,0.5,0.5,0.5,0
16383,all_layers_ao_zero,3,22,0.5,0.5,0.5,0
16383,all_layers_ao_zero,3,23,0,0,0,0
16383,all_layers_ao_zero,3,24,0.49658531,0.49658531,0.49658531,0
16383,all_layers_ao_zero,3,25,0.251707345,0.251707345,0.251707345,0
16383,all_layers_ao_zero,3,26,0.890298843,0.684571683,0.546479106,0
16383,all_layers_ao_zero,3,28,-0,-0.663324952,-0.748331487,1
16383,all_layers_ao_zero,3,29,0.530680358,0.555567861,0.572764695,0
16383,all_layers_ao_zero,3,31,0.0795774683,0.0795774683,0.0795774683,0
16383,all_layers_ao_zero,4,0,0.400000006,0.699999988,0.100000001,1.39999998
16383,all_layers_ao_zero,4,6,0.898692787,0.88746047,0.89696908,0
16383,all_layers_ao_zero,4,7,0.337397099,0.334257483,0.337977827,0.400000006
16383,all_layers_ao_zero,4,8,0.133418679,0.133418679,0.133418679,0
16383,all_layers_ao_zero,4,9,0.311310232,0.311310232,0.311310232,0
16383,all_layers_ao_zero,4,10,0.0314289071,0.034303043,0.036151778,0
16383,all_layers_ao_zero,4,11,0.198159531,0.219326511,0.241097972,0
16383,all_layers_ao_zero,4,12,0,0,0,0
16383,all_layers_ao_zero,4,16,0.444205761,0.489275366,0.540942848,0
16383,all_layers_ao_zero,4,18,25.6576881,208.838455,150.582535,0
16383,all_layers_ao_zero,4,19,0.0333125331,0.473463476,0.810320497,0
16383,all_layers_ao_zero,4,20,0,0,0,0
16383,all_layers_ao_zero,4,21,0.5,0.5,0.5,0
16383,all_layers_ao_zero,4,22,0.5,0.5,0.5,0
16383,all_layers_ao_zero,4,23,0,0,0,0
16383,all_layers_ao_zero,4,24,0.49658531,0.49658531,0.49658531,0
16383,all_layers_ao_zero,4,25,0.251707345,0.251707345,0.251707345,0
16383,all_layers_ao_zero,4,26,1.15237224,0.871035993,0.685820103,0
16383,all_layers_ao_zero,4,28,-0,-0.577350259,-0.816496611,1
16383,all_layers_ao_zero,4,29,0.0715601891,0.0877946764,0.0814673901,0
16383,all_layers_ao_zero,4,31,0.0795774683,0.0795774683,0.0795774683,0
16383,all_layers_ao_zero,5,0,0.400000006,0.699999988,0.100000001,1.39999998
16383,all_layers_ao_zero,5,6,0.948418677,0.954503059,0.976853132,0
16383,all_layers_ao_zero,5,7,0.343582273,0.346094221,0.353800833,0.400000006
16383,all_layers_ao_zero,5,8,0.138433874,0.138433874,0.138433874,0
16383,all_layers_ao_zero,5,9,0.323012352,0.323012352,0.323012352,0
16383,all_layers_ao_zero,5,10,0.0424193591,0.0433324389,0.0410297997,0
16383,all_layers_ao_zero,5,11,0.218566045,0.238744259,0.259036839,0
16383,all_layers_ao_zero,5,12,0.0103858002,0.0110359481,0.0118662259,0
16383,all_layers_ao_zero,5,16,0.50345993,0.552012146,0.605829954,0
16383,all_layers_ao_zero,5,18,25.6576881,208.838455,150.582535,0
16383,all_layers_ao_zero,5,19,0.0333125331,0.473463476,0.810320497,0
16383,all_layers_ao_zero,5,20,0,0,0,0
16383,all_layers_ao_zero,5,21,0.5,0.5,0.5,0
16383,all_layers_ao_zero,5,22,0.5,0.5,0.5,0
16383,all_layers_ao_zero,5,23,0,0,0,0
16383,all_layers_ao_zero,5,24,0.49658531,0.49658531,0.49658531,0
16383,all_layers_ao_zero,5,25,0.251707345,0.251707345,0.251707345,0
16383,all_layers_ao_zero,5,26,1.25183165,0.935510814,0.730355263,0
16383,all_layers_ao_zero,5,28,-0,-0.290593266,-0.956846654,1
16383,all_layers_ao_zero,5,29,0.0427682102,0.0335375629,0.00901468471,0
16383,all_layers_ao_zero,5,31,0.0795774683,0.0795774683,0.0795774683,0
16383,empty_medium,0,0,0,0,0.0500000007,1.39999998
16383,empty_medium,0,6,0,0,0,0
16383,empty_medium,0,7,0,0,0,0
16383,empty_medium,0,8,0.660797596,0.660797596,0.660797596,0
16383,empty_medium,0,9,0,0,0,0
16383,empty_medium,0,10,0.194106743,0.194106743,0.194106743,0
16383,empty_medium,0,11,0,0,0,0
16383,empty_medium,0,12,0,0,0,0
16383,empty_medium,0,16,0.834800601,0.834800601,0.834800601,0
16383,empty_medium,0,18,85.4702911,150.582535,41.2175789,0
16383,empty_medium,0,19,0.121571071,0.810320497,0.96955806,0
16383,empty_medium,0,20,0,0,0,0
16383,empty_medium,0,21,0,0,0,0
16383,empty_medium,0,22,0,0,0,0
16383,empty_medium,0,23,0,0,0,0
16383,empty_medium,0,24,1,1,1,0
16383,empty_medium,0,25,0,0,0,0
16383,empty_medium,0,26,0.834800601,0.834800601,0.834800601,0
16383,empty_medium,0,28,-0.663324952,-0,-0.748331487,1
16383,empty_medium,0,29,0.57159251,0.57159251,0.57159251,0
16383,empty_medium,0,31,0.0795774683,0.0795774683,0.0795774683,0
16383,empty_medium,1,0,0,0,0.0500000007,1.39999998
16383,empty_medium,1,6,0,0,0,0
16383,empty_medium,1,7,0,0,0,0
16383,empty_medium,1,8,0.745836258,0.745836258,0.745836258,0
16383,empty_medium,1,9,0,0,0,0
16383,empty_medium,1,10,0.217720494,0.217720494,0.217720494,0
16383,empty_medium,1,11,0,0,0,0
16383,empty_medium,1,12,0,0,0,0
16383,empty_medium,1,16,0.813540936,0.813540936,0.813540936,0
16383,empty_medium,1,18,85.4702911,150.582535,41.2175789,0
16383,empty_medium,1,19,0.121571071,0.810320497,0.96955806,0
16383,empty_medium,1,20,0,0,0,0
16383,empty_medium,1,21,0,0,0,0
16383,empty_medium,1,22,0,0,0,0
16383,empty_medium,1,23,0,0,0,0
16383,empty_medium,1,24,1,1,1,0
16383,empty_medium,1,25,0,0,0,0
16383,empty_medium,1,26,0.813540936,0.813540936,0.813540936,0
16383,empty_medium,1,28,-0.577350259,-0,-0.816496611,1
16383,empty_medium,1,29,0.0891867131,0.0891867131,0.0891867131,0
16383,empty_medium,1,31,0.0795774683,0.0795774683,0.0795774683,0
16383,empty_medium,2,0,0,0,0.0500000007,1.39999998
16383,empty_medium,2,6,0,0,0,0
16383,empty_medium,2,7,0,0,0,0
16383,empty_medium,2,8,0.769001842,0.769001842,0.769001842,0
16383,empty_medium,2,9,0,0,0,0
16383,empty_medium,2,10,0.226757482,0.226757482,0.226757482,0
16383,empty_medium,2,11,0,0,0,0
16383,empty_medium,2,12,0,0,0,0
16383,empty_medium,2,16,0.807749569,0.807749569,0.807749569,0
16383,empty_medium,2,18,85.4702911,150.582535,41.2175789,0
16383,empty_medium,2,19,0.121571071,0.810320497,0.96955806,0
16383,empty_medium,2,20,0,0,0,0
16383,empty_medium,2,21,0,0,0,0
16383,empty_medium,2,22,0,0,0,0
16383,empty_medium,2,23,0,0,0,0
16383,empty_medium,2,24,1,1,1,0
16383,empty_medium,2,25,0,0,0,0
16383,empty_medium,2,26,0.807749569,0.807749569,0.807749569,0
16383,empty_medium,2,28,-0.290593266,-0,-0.956846654,1
16383,empty_medium,2,29,0.0407918878,0.0407918878,0.0407918878,0
16383,empty_medium,2,31,0.0795774683,0.0795774683,0.0795774683,0
16383,empty_medium,3,0,0,0,0.0500000007,1.39999998
16383,empty_medium,3,6,0,0,0,0
16383,empty_medium,3,7,0,0,0,0
16383,empty_medium,3,8,0.661171973,0.661171973,0.661171973,0
16383,empty_medium,3,9,0,0,0,0
16383,empty_medium,3,10,0.196952671,0.196952671,0.196952671,0
16383,empty_medium,3,11,0,0,0,0
16383,empty_medium,3,12,0,0,0,0
16383,empty_medium,3,16,0.834707022,0.834707022,0.834707022,0
16383,empty_medium,3,18,85.4702911,150.582535,41.2175789,0
16383,empty_medium,3,19,0.121571071,0.810320497,0.96955806,0
16383,empty_medium,3,20,0,0,0,0
16383,empty_medium,3,21,0,0,0,0
16383,empty_medium,3,22,0,0,0,0
16383,empty_medium,3,23,0,0,0,0
16383,empty_medium,3,24,1,1,1,0
16383,empty_medium,3,25,0,0,0,0
16383,empty_medium,3,26,0.834707022,0.834707022,0.834707022,0
16383,empty_medium,3,28,-0,-0.663324952,-0.748331487,1
16383,empty_medium,3,29,0.57159251,0.57159251,0.57159251,0
16383,empty_medium,3,31,0.0795774683,0.0795774683,0.0795774683,0
16383,empty_medium,4,0,0,0,0.0500000007,1.39999998
16383,empty_medium,4,6,0,0,0,0
16383,empty_medium,4,7,0,0,0,0
16383,empty_medium,4,8,0.745850444,0.745850444,0.745850444,0
16383,empty_medium,4,9,0,0,0,0
16383,empty_medium,4,10,0.220082745,0.220082745,0.220082745,0
16383,empty_medium,4,11,0,0,0,0
16383,empty_medium,4,12,0,0,0,0
16383,empty_medium,4,16,0.813537419,0.813537419,0.813537419,0
16383,empty_medium,4,18,85.4702911,150.582535,41.2175789,0
16383,empty_medium,4,19,0.121571071,0.810320497,0.96955806,0
16383,empty_medium,4,20,0,0,0,0
16383,empty_medium,4,21,0,0,0,0
16383,empty_medium,4,22,0,0,0,0
16383,empty_medium,4,23,0,0,0,0
16383,empty_medium,4,24,1,1,1,0
16383,empty_medium,4,25,0,0,0,0
16383,empty_medium,4,26,0.813537419,0.813537419,0.813537419,0
16383,empty_medium,4,28,-0,-0.577350259,-0.816496611,1
16383,empty_medium,4,29,0.0891867131,0.0891867131,0.0891867131,0
16383,empty_medium,4,31,0.0795774683,0.0795774683,0.0795774683,0
16383,empty_medium,5,0,0,0,0.0500000007,1.39999998
16383,empty_medium,5,6,0,0,0,0
16383,empty_medium,5,7,0,0,0,0
16383,empty_medium,5,8,0.769008934,0.769008934,0.769008934,0
16383,empty_medium,5,9,0,0,0,0
16383,empty_medium,5,10,0.234708279,0.234708279,0.234708279,0
16383,empty_medium,5,11,0,0,0,0
16383,empty_medium,5,12,0,0,0,0
16383,empty_medium,5,16,0.807747781,0.807747781,0.807747781,0
16383,empty_medium,5,18,85.4702911,150.582535,41.2175789,0
16383,empty_medium,5,19,0.121571071,0.810320497,0.96955806,0
16383,empty_medium,5,20,0,0,0,0
16383,empty_medium,5,21,0,0,0,0
16383,empty_medium,5,22,0,0,0,0
16383,empty_medium,5,23,0,0,0,0
16383,empty_medium,5,24,1,1,1,0
16383,empty_medium,5,25,0,0,0,0
16383,empty_medium,5,26,0.807747781,0.807747781,0.807747781,0
16383,empty_medium,5,28,-0,-0.290593266,-0.956846654,1
16383,empty_medium,5,29,0.0407918878,0.0407918878,0.0407918878,0
16383,empty_medium,5,31,0.0795774683,0.0795774683,0.0795774683,0
16383,empty_medium_emission,0,0,0,0,0.0500000007,1.39999998
16383,empty_medium_emission,0,6,0,0,0,0
16383,empty_medium_emission,0,7,0,0,0,0
16383,empty_medium_emission,0,8,0.660797596,0.660797596,0.660797596,0
16383,empty_medium_emission,0,9,0,0,0,0
16383,empty_medium_emission,0,10,0.194106743,0.194106743,0.194106743,0
16383,empty_medium_emission,0,11,0,0,0,0
16383,empty_medium_emission,0,12,0,0,0,0
16383,empty_medium_emission,0,16,0.834800601,0.834800601,0.834800601,0
16383,empty_medium_emission,0,18,85.4702911,150.582535,41.2175789,0
16383,empty_medium_emission,0,19,0.121571071,0.810320497,0.96955806,0
16383,empty_medium_emission,0,20,0,0,0,0
16383,empty_medium_emission,0,21,0,0,0,0
16383,empty_medium_emission,0,22,0,0,0,0
16383,empty_medium_emission,0,23,4,0.800000012,0.400000006,0
16383,empty_medium_emission,0,24,1,1,1,0
16383,empty_medium_emission,0,25,2.79999995,0.560000002,0.280000001,0
16383,empty_medium_emission,0,26,3.63480067,1.39480066,1.11480057,0
16383,empty_medium_emission,0,28,-0.663324952,-0,-0.748331487,1
16383,empty_medium_emission,0,29,0.57159251,0.57159251,0.57159251,0
16383,empty_medium_emission,0,31,0.0795774683,0.0795774683,0.0795774683,0
16383,empty_medium_emission,1,0,0,0,0.0500000007,1.39999998
16383,empty_medium_emission,1,6,0,0,0,0
16383,empty_medium_emission,1,7,0,0,0,0
16383,empty_medium_emission,1,8,0.745836258,0.745836258,0.745836258,0
16383,empty_medium_emission,1,9,0,0,0,0
16383,empty_medium_emission,1,10,0.217720494,0.217720494,0.217720494,0
16383,empty_medium_emission,1,11,0,0,0,0
16383,empty_medium_emission,1,12,0,0,0,0
16383,empty_medium_emission,1,16,0.813540936,0.813540936,0.813540936,0
16383,empty_medium_emission,1,18,85.4702911,150.582535,41.2175789,0
16383,empty_medium_emission,1,19,0.121571071,0.810320497,0.96955806,0
16383,empty_medium_emission,1,20,0,0,0,0
16383,empty_medium_emission,1,21,0,0,0,0
16383,empty_medium_emission,1,22,0,0,0,0
16383,empty_medium_emission,1,23,4,0.800000012,0.400000006,0
16383,empty_medium_emission,1,24,1,1,1,0
16383,empty_medium_emission,1,25,2.79999995,0.560000002,0.280000001,0
16383,empty_medium_emission,1,26,3.61354089,1.373541,1.09354091,0
16383,empty_medium_emission,1,28,-0.577350259,-0,-0.816496611,1
16383,empty_medium_emission,1,29,0.0891867131,0.0891867131,0.0891867131,0
16383,empty_medium_emission,1,31,0.0795774683,0.0795774683,0.0795774683,0
16383,empty_medium_emission,2,0,0,0,0.0500000007,1.39999998
16383,empty_medium_emission,2,6,0,0,0,0
16383,empty_medium_emission,2,7,0,0,0,0
16383,empty_medium_emission,2,8,0.769001842,0.769001842,0.769001842,0
16383,empty_medium_emission,2,9,0,0,0,0
16383,empty_medium_emission,2,10,0.226757482,0.226757482,0.226757482,0
16383,empty_medium_emission,2,11,0,0,0,0
16383,empty_medium_emission,2,12,0,0,0,0
16383,empty_medium_emission,2,16,0.807749569,0.807749569,0.807749569,0
16383,empty_medium_emission,2,18,85.4702911,150.582535,41.2175789,0
16383,empty_medium_emission,2,19,0.121571071,0.810320497,0.96955806,0
16383,empty_medium_emission,2,20,0,0,0,0
16383,empty_medium_emission,2,21,0,0,0,0
16383,empty_medium_emission,2,22,0,0,0,0
16383,empty_medium_emission,2,23,4,0.800000012,0.400000006,0
16383,empty_medium_emission,2,24,1,1,1,0
16383,empty_medium_emission,2,25,2.79999995,0.560000002,0.280000001,0
16383,empty_medium_emission,2,26,3.60774946,1.36774957,1.0877496,0
16383,empty_medium_emission,2,28,-0.290593266,-0,-0.956846654,1
16383,empty_medium_emission,2,29,0.0407918878,0.0407918878,0.0407918878,0
16383,empty_medium_emission,2,31,0.0795774683,0.0795774683,0.0795774683,0
16383,empty_medium_emission,3,0,0,0,0.0500000007,1.39999998
16383,empty_medium_emission,3,6,0,0,0,0
16383,empty_medium_emission,3,7,0,0,0,0
16383,empty_medium_emission,3,8,0.661171973,0.661171973,0.661171973,0
16383,empty_medium_emission,3,9,0,0,0,0
16383,empty_medium_emission,3,10,0.196952671,0.196952671,0.196952671,0
16383,empty_medium_emission,3,11,0,0,0,0
16383,empty_medium_emission,3,12,0,0,0,0
16383,empty_medium_emission,3,16,0.834707022,0.834707022,0.834707022,0
16383,empty_medium_emission,3,18,85.4702911,150.582535,41.2175789,0
16383,empty_medium_emission,3,19,0.121571071,0.810320497,0.96955806,0
16383,empty_medium_emission,3,20,0,0,0,0
16383,empty_medium_emission,3,21,0,0,0,0
16383,empty_medium_emission,3,22,0,0,0,0
16383,empty_medium_emission,3,23,4,0.800000012,0.400000006,0
16383,empty_medium_emission,3,24,1,1,1,0
16383,empty_medium_emission,3,25,2.79999995,0.560000002,0.280000001,0
16383,empty_medium_emission,3,26,3.63470697,1.39470696,1.11470699,0
16383,empty_medium_emission,3,28,-0,-0.663324952,-0.748331487,1
16383,empty_medium_emission,3,29,0.57159251,0.57159251,0.57159251,0
16383,empty_medium_emission,3,31,0.0795774683,0.0795774683,0.0795774683,0
16383,empty_medium_emission,4,0,0,0,0.0500000007,1.39999998
16383,empty_medium_emission,4,6,0,0,0,0
16383,empty_medium_emission,4,7,0,0,0,0
16383,empty_medium_emission,4,8,0.745850444,0.745850444,0.745850444,0
16383,empty_medium_emission,4,9,0,0,0,0
16383,empty_medium_emission,4,10,0.220082745,0.220082745,0.220082745,0
16383,empty_medium_emission,4,11,0,0,0,0
16383,empty_medium_emission,4,12,0,0,0,0
16383,empty_medium_emission,4,16,0.813537419,0.813537419,0.813537419,0
16383,empty_medium_emission,4,18,85.4702911,150.582535,41.2175789,0
16383,empty_medium_emission,4,19,0.121571071,0.810320497,0.96955806,0
16383,empty_medium_emission,4,20,0,0,0,0
16383,empty_medium_emission,4,21,0,0,0,0
16383,empty_medium_emission,4,22,0,0,0,0
16383,empty_medium_emission,4,23,4,0.800000012,0.400000006,0
16383,empty_medium_emission,4,24,1,1,1,0
16383,empty_medium_emission,4,25,2.79999995,0.560000002,0.280000001,0
16383,empty_medium_emission,4,26,3.61353731,1.37353742,1.09353745,0
16383,empty_medium_emission,4,28,-0,-0.577350259,-0.816496611,1
16383,empty_medium_emission,4,29,0.0891867131,0.0891867131,0.0891867131,0
16383,empty_medium_emission,4,31,0.0795774683,0.0795774683,0.0795774683,0
16383,empty_medium_emission,5,0,0,0,0.0500000007,1.39999998
16383,empty_medium_emission,5,6,0,0,0,0
16383,empty_medium_emission,5,7,0,0,0,0
16383,empty_medium_emission,5,8,0.769008934,0.769008934,0.769008934,0
16383,empty_medium_emission,5,9,0,0,0,0
16383,empty_medium_emission,5,10,0.234708279,0.234708279,0.234708279,0
16383,empty_medium_emission,5,11,0,0,0,0
16383,empty_medium_emission,5,12,0,0,0,0
16383,empty_medium_emission,5,16,0.807747781,0.807747781,0.807747781,0
16383,empty_medium_emission,5,18,85.4702911,150.582535,41.2175789,0
16383,empty_medium_emission,5,19,0.121571071,0.810320497,0.96955806,0
16383,empty_medium_emission,5,20,0,0,0,0
16383,empty_medium_emission,5,21,0,0,0,0
16383,empty_medium_emission,5,22,0,0,0,0
16383,empty_medium_emission,5,23,4,0.800000012,0.400000006,0
16383,empty_medium_emission,5,24,1,1,1,0
16383,empty_medium_emission,5,25,2.79999995,0.560000002,0.280000001,0
16383,empty_medium_emission,5,26,3.60774779,1.36774778,1.08774781,0
16383,empty_medium_emission,5,28,-0,-0.290593266,-0.956846654,1
16383,empty_medium_emission,5,29,0.0407918878,0.0407918878,0.0407918878,0
16383,empty_medium_emission,5,31,0.0795774683,0.0795774683,0.0795774683,0
16383,colored_medium,0,0,0,0,0.0500000007,1.39999998
16383,colored_medium,0,6,0,0,0,0
16383,colored_medium,0,7,0,0,0,0
16383,colored_medium,0,8,0.660797596,0.660797596,0.660797596,0
16383,colored_medium,0,9,0,0,0,0
16383,colored_medium,0,10,0.194106743,0.194106743,0.194106743,0
16383,colored_medium,0,11,0,0,0,0
16383,colored_medium,0,12,0,0,0,0
16383,colored_medium,0,16,0.834800601,0.834800601,0.834800601,0
16383,colored_medium,0,18,85.4702911,150.582535,41.2175789,0
16383,colored_medium,0,19,0.121571071,0.810320497,0.96955806,0
16383,colored_medium,0,20,0,0,0,0
16383,colored_medium,0,21,0.400000006,1,1.60000002,0
16383,colored_medium,0,22,1.09403563,0.5,0.0205266848,0
16383,colored_medium,0,23,0,0,0,0
16383,colored_medium,0,24,0.351401836,0.349937767,0.321625113,0
16383,colored_medium,0,25,0.173649997,0.433374822,0.669782162,0
16383,colored_medium,0,26,0.467000455,0.725503087,0.93827498,0
16383,colored_medium,0,28,-0.663324952,-0,-0.748331487,1
16383,colored_medium,0,29,0.57159251,0.57159251,0.57159251,0
16383,colored_medium,0,31,0.0795774683,0.0795774683,0.0795774683,0
16383,colored_medium,1,0,0,0,0.0500000007,1.39999998
16383,colored_medium,1,6,0,0,0,0
16383,colored_medium,1,7,0,0,0,0
16383,colored_medium,1,8,0.745836258,0.745836258,0.745836258,0
16383,colored_medium,1,9,0,0,0,0
16383,colored_medium,1,10,0.217720494,0.217720494,0.217720494,0
16383,colored_medium,1,11,0,0,0,0
16383,colored_medium,1,12,0,0,0,0
16383,colored_medium,1,16,0.813540936,0.813540936,0.813540936,0
16383,colored_medium,1,18,85.4702911,150.582535,41.2175789,0
16383,colored_medium,1,19,0.121571071,0.810320497,0.96955806,0
16383,colored_medium,1,20,0,0,0,0
16383,colored_medium,1,21,0.400000006,1,1.60000002,0
16383,colored_medium,1,22,1.09403563,0.5,0.0205266848,0
16383,colored_medium,1,23,0,0,0,0
16383,colored_medium,1,24,0.351401836,0.349937767,0.321625113,0
16383,colored_medium,1,25,0.173649997,0.433374822,0.669782162,0
16383,colored_medium,1,26,0.459529787,0.718063533,0.931437314,0
16383,colored_medium,1,28,-0.577350259,-0,-0.816496611,1
16383,colored_medium,1,29,0.0891867131,0.0891867131,0.0891867131,0
16383,colored_medium,1,31,0.0795774683,0.0795774683,0.0795774683,0
16383,colored_medium,2,0,0,0,0.0500000007,1.39999998
16383,colored_medium,2,6,0,0,0,0
16383,colored_medium,2,7,0,0,0,0
16383,colored_medium,2,8,0.769001842,0.769001842,0.769001842,0
16383,colored_medium,2,9,0,0,0,0
16383,colored_medium,2,10,0.226757482,0.226757482,0.226757482,0
16383,colored_medium,2,11,0,0,0,0
16383,colored_medium,2,12,0,0,0,0
16383,colored_medium,2,16,0.807749569,0.807749569,0.807749569,0
16383,colored_medium,2,18,85.4702911,150.582535,41.2175789,0
16383,colored_medium,2,19,0.121571071,0.810320497,0.96955806,0
16383,colored_medium,2,20,0,0,0,0
16383,colored_medium,2,21,0.400000006,1,1.60000002,0
16383,colored_medium,2,22,1.09403563,0.5,0.0205266848,0
16383,colored_medium,2,23,0,0,0,0
16383,colored_medium,2,24,0.351401836,0.349937767,0.321625113,0
16383,colored_medium,2,25,0.173649997,0.433374822,0.669782162,0
16383,colored_medium,2,26,0.457494676,0.716036916,0.929574668,0
16383,colored_medium,2,28,-0.290593266,-0,-0.956846654,1
16383,colored_medium,2,29,0.0407918878,0.0407918878,0.0407918878,0
16383,colored_medium,2,31,0.0795774683,0.0795774683,0.0795774683,0
16383,colored_medium,3,0,0,0,0.0500000007,1.39999998
16383,colored_medium,3,6,0,0,0,0
16383,colored_medium,3,7,0,0,0,0
16383,colored_medium,3,8,0.661171973,0.661171973,0.661171973,0
16383,colored_medium,3,9,0,0,0,0
16383,colored_medium,3,10,0.196952671,0.196952671,0.196952671,0
16383,colored_medium,3,11,0,0,0,0
16383,colored_medium,3,12,0,0,0,0
16383,colored_medium,3,16,0.834707022,0.834707022,0.834707022,0
16383,colored_medium,3,18,85.4702911,150.582535,41.2175789,0
16383,colored_medium,3,19,0.121571071,0.810320497,0.96955806,0
16383,colored_medium,3,20,0,0,0,0
16383,colored_medium,3,21,0.400000006,1,1.60000002,0
16383,colored_medium,3,22,1.09403563,0.5,0.0205266848,0
16383,colored_medium,3,23,0,0,0,0
16383,colored_medium,3,24,0.351401836,0.349937767,0.321625113,0
16383,colored_medium,3,25,0.173649997,0.433374822,0.669782162,0
16383,colored_medium,3,26,0.466967583,0.725470304,0.938244879,0
16383,colored_medium,3,28,-0,-0.663324952,-0.748331487,1
16383,colored_medium,3,29,0.57159251,0.57159251,0.57159251,0
16383,colored_medium,3,31,0.0795774683,0.0795774683,0.0795774683,0
16383,colored_medium,4,0,0,0,0.0500000007,1.39999998
16383,colored_medium,4,6,0,0,0,0
16383,colored_medium,4,7,0,0,0,0
16383,colored_medium,4,8,0.745850444,0.745850444,0.745850444,0
16383,colored_medium,4,9,0,0,0,0
16383,colored_medium,4,10,0.220082745,0.220082745,0.220082745,0
16383,colored_medium,4,11,0,0,0,0
16383,colored_medium,4,12,0,0,0,0
16383,colored_medium,4,16,0.813537419,0.813537419,0.813537419,0
16383,colored_medium,4,18,85.4702911,150.582535,41.2175789,0
16383,colored_medium,4,19,0.121571071,0.810320497,0.96955806,0
16383,colored_medium,4,20,0,0,0,0
16383,colored_medium,4,21,0.400000006,1,1.60000002,0
16383,colored_medium,4,22,1.09403563,0.5,0.0205266848,0
16383,colored_medium,4,23,0,0,0,0
16383,colored_medium,4,24,0.351401836,0.349937767,0.321625113,0
16383,colored_medium,4,25,0.173649997,0.433374822,0.669782162,0
16383,colored_medium,4,26,0.459528536,0.718062282,0.931436181,0
16383,colored_medium,4,28,-0,-0.577350259,-0.816496611,1
16383,colored_medium,4,29,0.0891867131,0.0891867131,0.0891867131,0
16383,colored_medium,4,31,0.0795774683,0.0795774683,0.0795774683,0
16383,colored_medium,5,0,0,0,0.0500000007,1.39999998
16383,colored_medium,5,6,0,0,0,0
16383,colored_medium,5,7,0,0,0,0
16383,colored_medium,5,8,0.769008934,0.769008934,0.769008934,0
16383,colored_medium,5,9,0,0,0,0
16383,colored_medium,5,10,0.234708279,0.234708279,0.234708279,0
16383,colored_medium,5,11,0,0,0,0
16383,colored_medium,5,12,0,0,0,0
16383,colored_medium,5,16,0.807747781,0.807747781,0.807747781,0
16383,colored_medium,5,18,85.4702911,150.582535,41.2175789,0
16383,colored_medium,5,19,0.121571071,0.810320497,0.96955806,0
16383,colored_medium,5,20,0,0,0,0
16383,colored_medium,5,21,0.400000006,1,1.60000002,0
16383,colored_medium,5,22,1.09403563,0.5,0.0205266848,0
16383,colored_medium,5,23,0,0,0,0
16383,colored_medium,5,24,0.351401836,0.349937767,0.321625113,0
16383,colored_medium,5,25,0.173649997,0.433374822,0.669782162,0
16383,colored_medium,5,26,0.45749405,0.71603626,0.929574132,0
16383,colored_medium,5,28,-0,-0.290593266,-0.956846654,1
16383,colored_medium,5,29,0.0407918878,0.0407918878,0.0407918878,0
16383,colored_medium,5,31,0.0795774683,0.0795774683,0.0795774683,0
16383,hdr_scattering_color,0,0,0,0,0.0500000007,1.39999998
16383,hdr_scattering_color,0,6,0,0,0,0
16383,hdr_scattering_color,0,7,0,0,0,0
16383,hdr_scattering_color,0,8,0.660797596,0.660797596,0.660797596,0
16383,hdr_scattering_color,0,9,0,0,0,0
16383,hdr_scattering_color,0,10,0.194106743,0.194106743,0.194106743,0
16383,hdr_scattering_color,0,11,0,0,0,0
16383,hdr_scattering_color,0,12,0,0,0,0
16383,hdr_scattering_color,0,16,0.834800601,0.834800601,0.834800601,0
16383,hdr_scattering_color,0,18,85.4702911,150.582535,41.2175789,0
16383,hdr_scattering_color,0,19,0.121571071,0.810320497,0.96955806,0
16383,hdr_scattering_color,0,20,0,0,0,0
16383,hdr_scattering_color,0,21,2,4,0,0
16383,hdr_scattering_color,0,22,0,0,0.0513167158,0
16383,hdr_scattering_color,0,23,0,0,0,0
16383,hdr_scattering_color,0,24,0.246596977,0.0608100668,0.964715838,0
16383,hdr_scattering_color,0,25,0.753403008,0.939189911,0,0
16383,hdr_scattering_color,0,26,0.959262311,0.989954233,0.805345356,0
16383,hdr_scattering_color,0,28,-0.663324952,-0,-0.748331487,1
16383,hdr_scattering_color,0,29,0.57159251,0.57159251,0.57159251,0
16383,hdr_scattering_color,0,31,0.0795774683,0.0795774683,0.0795774683,0
16383,hdr_scattering_color,1,0,0,0,0.0500000007,1.39999998
16383,hdr_scattering_color,1,6,0,0,0,0
16383,hdr_scattering_color,1,7,0,0,0,0
16383,hdr_scattering_color,1,8,0.745836258,0.745836258,0.745836258,0
16383,hdr_scattering_color,1,9,0,0,0,0
16383,hdr_scattering_color,1,10,0.217720494,0.217720494,0.217720494,0
16383,hdr_scattering_color,1,11,0,0,0,0
16383,hdr_scattering_color,1,12,0,0,0,0
16383,hdr_scattering_color,1,16,0.813540936,0.813540936,0.813540936,0
16383,hdr_scattering_color,1,18,85.4702911,150.582535,41.2175789,0
16383,hdr_scattering_color,1,19,0.121571071,0.810320497,0.96955806,0
16383,hdr_scattering_color,1,20,0,0,0,0
16383,hdr_scattering_color,1,21,2,4,0,0
16383,hdr_scattering_color,1,22,0,0,0.0513167158,0
16383,hdr_scattering_color,1,23,0,0,0,0
16383,hdr_scattering_color,1,24,0.246596977,0.0608100668,0.964715838,0
16383,hdr_scattering_color,1,25,0.753403008,0.939189911,0,0
16383,hdr_scattering_color,1,26,0.954019785,0.988661408,0.784835815,0
16383,hdr_scattering_color,1,28,-0.577350259,-0,-0.816496611,1
16383,hdr_scattering_color,1,29,0.0891867131,0.0891867131,0.0891867131,0
16383,hdr_scattering_color,1,31,0.0795774683,0.0795774683,0.0795774683,0
16383,hdr_scattering_color,2,0,0,0,0.0500000007,1.39999998
16383,hdr_scattering_color,2,6,0,0,0,0
16383,hdr_scattering_color,2,7,0,0,0,0
16383,hdr_scattering_color,2,8,0.769001842,0.769001842,0.769001842,0
16383,hdr_scattering_color,2,9,0,0,0,0
16383,hdr_scattering_color,2,10,0.226757482,0.226757482,0.226757482,0
16383,hdr_scattering_color,2,11,0,0,0,0
16383,hdr_scattering_color,2,12,0,0,0,0
16383,hdr_scattering_color,2,16,0.807749569,0.807749569,0.807749569,0
16383,hdr_scattering_color,2,18,85.4702911,150.582535,41.2175789,0
16383,hdr_scattering_color,2,19,0.121571071,0.810320497,0.96955806,0
16383,hdr_scattering_color,2,20,0,0,0,0
16383,hdr_scattering_color,2,21,2,4,0,0
16383,hdr_scattering_color,2,22,0,0,0.0513167158,0
16383,hdr_scattering_color,2,23,0,0,0,0
16383,hdr_scattering_color,2,24,0.246596977,0.0608100668,0.964715838,0
16383,hdr_scattering_color,2,25,0.753403008,0.939189911,0,0
16383,hdr_scattering_color,2,26,0.952591598,0.988309264,0.779248774,0
16383,hdr_scattering_color,2,28,-0.290593266,-0,-0.956846654,1
16383,hdr_scattering_color,2,29,0.0407918878,0.0407918878,0.0407918878,0
16383,hdr_scattering_color,2,31,0.0795774683,0.0795774683,0.0795774683,0
16383,hdr_scattering_color,3,0,0,0,0.0500000007,1.39999998
16383,hdr_scattering_color,3,6,0,0,0,0
16383,hdr_scattering_color,3,7,0,0,0,0
16383,hdr_scattering_color,3,8,0.661171973,0.661171973,0.661171973,0
16383,hdr_scattering_color,3,9,0,0,0,0
16383,hdr_scattering_color,3,10,0.196952671,0.196952671,0.196952671,0
16383,hdr_scattering_color,3,11,0,0,0,0
16383,hdr_scattering_color,3,12,0,0,0,0
16383,hdr_scattering_color,3,16,0.834707022,0.834707022,0.834707022,0
16383,hdr_scattering_color,3,18,85.4702911,150.582535,41.2175789,0
16383,hdr_scattering_color,3,19,0.121571071,0.810320497,0.96955806,0
16383,hdr_scattering_color,3,20,0,0,0,0
16383,hdr_scattering_color,3,21,2,4,0,0
16383,hdr_scattering_color,3,22,0,0,0.0513167158,0
16383,hdr_scattering_color,3,23,0,0,0,0
16383,hdr_scattering_color,3,24,0.246596977,0.0608100668,0.964715838,0
16383,hdr_scattering_color,3,25,0.753403008,0.939189911,0,0
16383,hdr_scattering_color,3,26,0.959239244,0.989948511,0.805255055,0
16383,hdr_scattering_color,3,28,-0,-0.663324952,-0.748331487,1
16383,hdr_scattering_color,3,29,0.57159251,0.57159251,0.57159251,0
16383,hdr_scattering_color,3,31,0.0795774683,0.0795774683,0.0795774683,0
16383,hdr_scattering_color,4,0,0,0,0.0500000007,1.39999998
16383,hdr_scattering_color,4,6,0,0,0,0
16383,hdr_scattering_color,4,7,0,0,0,0
16383,hdr_scattering_color,4,8,0.745850444,0.745850444,0.745850444,0
16383,hdr_scattering_color,4,9,0,0,0,0
16383,hdr_scattering_color,4,10,0.220082745,0.220082745,0.220082745,0
16383,hdr_scattering_color,4,11,0,0,0,0
16383,hdr_scattering_color,4,12,0,0,0,0
16383,hdr_scattering_color,4,16,0.813537419,0.813537419,0.813537419,0
16383,hdr_scattering_color,4,18,85.4702911,150.582535,41.2175789,0
16383,hdr_scattering_color,4,19,0.121571071,0.810320497,0.96955806,0
16383,hdr_scattering_color,4,20,0,0,0,0
16383,hdr_scattering_color,4,21,2,4,0,0
16383,hdr_scattering_color,4,22,0,0,0.0513167158,0
16383,hdr_scattering_color,4,23,0,0,0,0
16383,hdr_scattering_color,4,24,0.246596977,0.0608100668,0.964715838,0
16383,hdr_scattering_color,4,25,0.753403008,0.939189911,0,0
16383,hdr_scattering_color,4,26,0.954018891,0.98866117,0.784832418,0
16383,hdr_scattering_color,4,28,-0,-0.577350259,-0.816496611,1
16383,hdr_scattering_color,4,29,0.0891867131,0.0891867131,0.0891867131,0
16383,hdr_scattering_color,4,31,0.0795774683,0.0795774683,0.0795774683,0
16383,hdr_scattering_color,5,0,0,0,0.0500000007,1.39999998
16383,hdr_scattering_color,5,6,0,0,0,0
16383,hdr_scattering_color,5,7,0,0,0,0
16383,hdr_scattering_color,5,8,0.769008934,0.769008934,0.769008934,0
16383,hdr_scattering_color,5,9,0,0,0,0
16383,hdr_scattering_color,5,10,0.234708279,0.234708279,0.234708279,0
16383,hdr_scattering_color,5,11,0,0,0,0
16383,hdr_scattering_color,5,12,0,0,0,0
16383,hdr_scattering_color,5,16,0.807747781,0.807747781,0.807747781,0
16383,hdr_scattering_color,5,18,85.4702911,150.582535,41.2175789,0
16383,hdr_scattering_color,5,19,0.121571071,0.810320497,0.96955806,0
16383,hdr_scattering_color,5,20,0,0,0,0
16383,hdr_scattering_color,5,21,2,4,0,0
16383,hdr_scattering_color,5,22,0,0,0.0513167158,0
16383,hdr_scattering_color,5,23,0,0,0,0
16383,hdr_scattering_color,5,24,0.246596977,0.0608100668,0.964715838,0
16383,hdr_scattering_color,5,25,0.753403008,0.939189911,0,0
16383,hdr_scattering_color,5,26,0.952591181,0.988309145,0.779247046,0
16383,hdr_scattering_color,5,28,-0,-0.290593266,-0.956846654,1
16383,hdr_scattering_color,5,29,0.0407918878,0.0407918878,0.0407918878,0
16383,hdr_scattering_color,5,31,0.0795774683,0.0795774683,0.0795774683,0
16383,volume_forward_phase,0,0,0,0,0.0500000007,1.39999998
16383,volume_forward_phase,0,6,0,0,0,0
16383,volume_forward_phase,0,7,0,0,0,0
16383,volume_forward_phase,0,8,0.660797596,0.660797596,0.660797596,0
16383,volume_forward_phase,0,9,0,0,0,0
16383,volume_forward_phase,0,10,0.194106743,0.194106743,0.194106743,0
16383,volume_forward_phase,0,11,0,0,0,0
16383,volume_forward_phase,0,12,0,0,0,0
16383,volume_forward_phase,0,16,0.834800601,0.834800601,0.834800601,0
16383,volume_forward_phase,0,18,85.4702911,150.582535,41.2175789,0
16383,volume_forward_phase,0,19,0.121571071,0.810320497,0.96955806,0
16383,volume_forward_phase,0,20,0,0,0,0.899999976
16383,volume_forward_phase,0,21,0.5,0.5,0.5,0
16383,volume_forward_phase,0,22,0.5,0.5,0.5,0
16383,volume_forward_phase,0,23,0,0,0,0
16383,volume_forward_phase,0,24,0.49658531,0.49658531,0.49658531,0
16383,volume_forward_phase,0,25,0.251707345,0.251707345,0.251707345,0
16383,volume_forward_phase,0,26,0.666257083,0.666257083,0.666257083,0
16383,volume_forward_phase,0,28,-0.663324952,-0,-0.748331487,1
16383,volume_forward_phase,0,29,0.57159251,0.57159251,0.57159251,0
16383,volume_forward_phase,0,31,0.0671802014,0.00258058868,0.0795774683,0
16383,volume_forward_phase,1,0,0,0,0.0500000007,1.39999998
16383,volume_forward_phase,1,6,0,0,0,0
16383,volume_forward_phase,1,7,0,0,0,0
16383,volume_forward_phase,1,8,0.745836258,0.745836258,0.745836258,0
16383,volume_forward_phase,1,9,0,0,0,0
16383,volume_forward_phase,1,10,0.217720494,0.217720494,0.217720494,0
16383,volume_forward_phase,1,11,0,0,0,0
16383,volume_forward_phase,1,12,0,0,0,0
16383,volume_forward_phase,1,16,0.813540936,0.813540936,0.813540936,0
16383,volume_forward_phase,1,18,85.4702911,150.582535,41.2175789,0
16383,volume_forward_phase,1,19,0.121571071,0.810320497,0.96955806,0
16383,volume_forward_phase,1,20,0,0,0,0.899999976
16383,volume_forward_phase,1,21,0.5,0.5,0.5,0
16383,volume_forward_phase,1,22,0.5,0.5,0.5,0
16383,volume_forward_phase,1,23,0,0,0,0
16383,volume_forward_phase,1,24,0.49658531,0.49658531,0.49658531,0
16383,volume_forward_phase,1,25,0.251707345,0.251707345,0.251707345,0
16383,volume_forward_phase,1,26,0.655699849,0.655699849,0.655699849,0
16383,volume_forward_phase,1,28,-0.577350259,-0,-0.816496611,1
16383,volume_forward_phase,1,29,0.0891867131,0.0891867131,0.0891867131,0
16383,volume_forward_phase,1,31,0.0671802014,0.00258058868,0.0795774683,0
16383,volume_forward_phase,2,0,0,0,0.0500000007,1.39999998
16383,volume_forward_phase,2,6,0,0,0,0
16383,volume_forward_phase,2,7,0,0,0,0
16383,volume_forward_phase,2,8,0.769001842,0.769001842,0.769001842,0
16383,volume_forward_phase,2,9,0,0,0,0
16383,volume_forward_phase,2,10,0.226757482,0.226757482,0.226757482,0
16383,volume_forward_phase,2,11,0,0,0,0
16383,volume_forward_phase,2,12,0,0,0,0
16383,volume_forward_phase,2,16,0.807749569,0.807749569,0.807749569,0
16383,volume_forward_phase,2,18,85.4702911,150.582535,41.2175789,0
16383,volume_forward_phase,2,19,0.121571071,0.810320497,0.96955806,0
16383,volume_forward_phase,2,20,0,0,0,0.899999976
16383,volume_forward_phase,2,21,0.5,0.5,0.5,0
16383,volume_forward_phase,2,22,0.5,0.5,0.5,0
16383,volume_forward_phase,2,23,0,0,0,0
16383,volume_forward_phase,2,24,0.49658531,0.49658531,0.49658531,0
16383,volume_forward_phase,2,25,0.251707345,0.251707345,0.251707345,0
16383,volume_forward_phase,2,26,0.652823925,0.652823925,0.652823925,0
16383,volume_forward_phase,2,28,-0.290593266,-0,-0.956846654,1
16383,volume_forward_phase,2,29,0.0407918878,0.0407918878,0.0407918878,0
16383,volume_forward_phase,2,31,0.0671802014,0.00258058868,0.0795774683,0
16383,volume_forward_phase,3,0,0,0,0.0500000007,1.39999998
16383,volume_forward_phase,3,6,0,0,0,0
16383,volume_forward_phase,3,7,0,0,0,0
16383,volume_forward_phase,3,8,0.661171973,0.661171973,0.661171973,0
16383,volume_forward_phase,3,9,0,0,0,0
16383,volume_forward_phase,3,10,0.196952671,0.196952671,0.196952671,0
16383,volume_forward_phase,3,11,0,0,0,0
16383,volume_forward_phase,3,12,0,0,0,0
16383,volume_forward_phase,3,16,0.834707022,0.834707022,0.834707022,0
16383,volume_forward_phase,3,18,85.4702911,150.582535,41.2175789,0
16383,volume_forward_phase,3,19,0.121571071,0.810320497,0.96955806,0
16383,volume_forward_phase,3,20,0,0,0,0.899999976
16383,volume_forward_phase,3,21,0.5,0.5,0.5,0
16383,volume_forward_phase,3,22,0.5,0.5,0.5,0
16383,volume_forward_phase,3,23,0,0,0,0
16383,volume_forward_phase,3,24,0.49658531,0.49658531,0.49658531,0
16383,volume_forward_phase,3,25,0.251707345,0.251707345,0.251707345,0
16383,volume_forward_phase,3,26,0.666210592,0.666210592,0.666210592,0
16383,volume_forward_phase,3,28,-0,-0.663324952,-0.748331487,1
16383,volume_forward_phase,3,29,0.57159251,0.57159251,0.57159251,0
16383,volume_forward_phase,3,31,0.0671802014,0.00258058868,0.0795774683,0
16383,volume_forward_phase,4,0,0,0,0.0500000007,1.39999998
16383,volume_forward_phase,4,6,0,0,0,0
16383,volume_forward_phase,4,7,0,0,0,0
16383,volume_forward_phase,4,8,0.745850444,0.745850444,0.745850444,0
16383,volume_forward_phase,4,9,0,0,0,0
16383,volume_forward_phase,4,10,0.220082745,0.220082745,0.220082745,0
16383,volume_forward_phase,4,11,0,0,0,0
16383,volume_forward_phase,4,12,0,0,0,0
16383,volume_forward_phase,4,16,0.813537419,0.813537419,0.813537419,0
16383,volume_forward_phase,4,18,85.4702911,150.582535,41.2175789,0
16383,volume_forward_phase,4,19,0.121571071,0.810320497,0.96955806,0
16383,volume_forward_phase,4,20,0,0,0,0.899999976
16383,volume_forward_phase,4,21,0.5,0.5,0.5,0
16383,volume_forward_phase,4,22,0.5,0.5,0.5,0
16383,volume_forward_phase,4,23,0,0,0,0
16383,volume_forward_phase,4,24,0.49658531,0.49658531,0.49658531,0
16383,volume_forward_phase,4,25,0.251707345,0.251707345,0.251707345,0
16383,volume_forward_phase,4,26,0.655698061,0.655698061,0.655698061,0
16383,volume_forward_phase,4,28,-0,-0.577350259,-0.816496611,1
16383,volume_forward_phase,4,29,0.0891867131,0.0891867131,0.0891867131,0
16383,volume_forward_phase,4,31,0.0671802014,0.00258058868,0.0795774683,0
16383,volume_forward_phase,5,0,0,0,0.0500000007,1.39999998
16383,volume_forward_phase,5,6,0,0,0,0
16383,volume_forward_phase,5,7,0,0,0,0
16383,volume_forward_phase,5,8,0.769008934,0.769008934,0.769008934,0
16383,volume_forward_phase,5,9,0,0,0,0
16383,volume_forward_phase,5,10,0.234708279,0.234708279,0.234708279,0
16383,volume_forward_phase,5,11,0,0,0,0
16383,volume_forward_phase,5,12,0,0,0,0
16383,volume_forward_phase,5,16,0.807747781,0.807747781,0.807747781,0
16383,volume_forward_phase,5,18,85.4702911,150.582535,41.2175789,0
16383,volume_forward_phase,5,19,0.121571071,0.810320497,0.96955806,0
16383,volume_forward_phase,5,20,0,0,0,0.899999976
16383,volume_forward_phase,5,21,0.5,0.5,0.5,0
16383,volume_forward_phase,5,22,0.5,0.5,0.5,0
16383,volume_forward_phase,5,23,0,0,0,0
16383,volume_forward_phase,5,24,0.49658531,0.49658531,0.49658531,0
16383,volume_forward_phase,5,25,0.251707345,0.251707345,0.251707345,0
16383,volume_forward_phase,5,26,0.652823031,0.652823031,0.652823031,0
16383,volume_forward_phase,5,28,-0,-0.290593266,-0.956846654,1
16383,volume_forward_phase,5,29,0.0407918878,0.0407918878,0.0407918878,0
16383,volume_forward_phase,5,31,0.0671802014,0.00258058868,0.0795774683,0
16383,volume_backward_phase,0,0,0,0,0.0500000007,1.39999998
16383,volume_backward_phase,0,6,0,0,0,0
16383,volume_backward_phase,0,7,0,0,0,0
16383,volume_backward_phase,0,8,0.660797596,0.660797596,0.660797596,0
16383,volume_backward_phase,0,9,0,0,0,0
16383,volume_backward_phase,0,10,0.194106743,0.194106743,0.194106743,0
16383,volume_backward_phase,0,11,0,0,0,0
16383,volume_backward_phase,0,12,0,0,0,0
16383,volume_backward_phase,0,16,0.834800601,0.834800601,0.834800601,0
16383,volume_backward_phase,0,18,85.4702911,150.582535,41.2175789,0
16383,volume_backward_phase,0,19,0.121571071,0.810320497,0.96955806,0
16383,volume_backward_phase,0,20,0,0,0,-0.899999976
16383,volume_backward_phase,0,21,0.5,0.5,0.5,0
16383,volume_backward_phase,0,22,0.5,0.5,0.5,0
16383,volume_backward_phase,0,23,0,0,0,0
16383,volume_backward_phase,0,24,0.49658531,0.49658531,0.49658531,0
16383,volume_backward_phase,0,25,0.251707345,0.251707345,0.251707345,0
16383,volume_backward_phase,0,26,0.666257083,0.666257083,0.666257083,0
16383,volume_backward_phase,0,28,-0.663324952,-0,-0.748331487,1
16383,volume_backward_phase,0,29,0.57159251,0.57159251,0.57159251,0
16383,volume_backward_phase,0,31,0.00258058868,0.0671802014,0.0795774683,0
16383,volume_backward_phase,1,0,0,0,0.0500000007,1.39999998
16383,volume_backward_phase,1,6,0,0,0,0
16383,volume_backward_phase,1,7,0,0,0,0
16383,volume_backward_phase,1,8,0.745836258,0.745836258,0.745836258,0
16383,volume_backward_phase,1,9,0,0,0,0
16383,volume_backward_phase,1,10,0.217720494,0.217720494,0.217720494,0
16383,volume_backward_phase,1,11,0,0,0,0
16383,volume_backward_phase,1,12,0,0,0,0
16383,volume_backward_phase,1,16,0.813540936,0.813540936,0.813540936,0
16383,volume_backward_phase,1,18,85.4702911,150.582535,41.2175789,0
16383,volume_backward_phase,1,19,0.121571071,0.810320497,0.96955806,0
16383,volume_backward_phase,1,20,0,0,0,-0.899999976
16383,volume_backward_phase,1,21,0.5,0.5,0.5,0
16383,volume_backward_phase,1,22,0.5,0.5,0.5,0
16383,volume_backward_phase,1,23,0,0,0,0
16383,volume_backward_phase,1,24,0.49658531,0.49658531,0.49658531,0
16383,volume_backward_phase,1,25,0.251707345,0.251707345,0.251707345,0
16383,volume_backward_phase,1,26,0.655699849,0.655699849,0.655699849,0
16383,volume_backward_phase,1,28,-0.577350259,-0,-0.816496611,1
16383,volume_backward_phase,1,29,0.0891867131,0.0891867131,0.0891867131,0
16383,volume_backward_phase,1,31,0.00258058868,0.0671802014,0.0795774683,0
16383,volume_backward_phase,2,0,0,0,0.0500000007,1.39999998
16383,volume_backward_phase,2,6,0,0,0,0
16383,volume_backward_phase,2,7,0,0,0,0
16383,volume_backward_phase,2,8,0.769001842,0.769001842,0.769001842,0
16383,volume_backward_phase,2,9,0,0,0,0
16383,volume_backward_phase,2,10,0.226757482,0.226757482,0.226757482,0
16383,volume_backward_phase,2,11,0,0,0,0
16383,volume_backward_phase,2,12,0,0,0,0
16383,volume_backward_phase,2,16,0.807749569,0.807749569,0.807749569,0
16383,volume_backward_phase,2,18,85.4702911,150.582535,41.2175789,0
16383,volume_backward_phase,2,19,0.121571071,0.810320497,0.96955806,0
16383,volume_backward_phase,2,20,0,0,0,-0.899999976
16383,volume_backward_phase,2,21,0.5,0.5,0.5,0
16383,volume_backward_phase,2,22,0.5,0.5,0.5,0
16383,volume_backward_phase,2,23,0,0,0,0
16383,volume_backward_phase,2,24,0.49658531,0.49658531,0.49658531,0
16383,volume_backward_phase,2,25,0.251707345,0.251707345,0.251707345,0
16383,volume_backward_phase,2,26,0.652823925,0.652823925,0.652823925,0
16383,volume_backward_phase,2,28,-0.290593266,-0,-0.956846654,1
16383,volume_backward_phase,2,29,0.0407918878,0.0407918878,0.0407918878,0
16383,volume_backward_phase,2,31,0.00258058868,0.0671802014,0.0795774683,0
16383,volume_backward_phase,3,0,0,0,0.0500000007,1.39999998
16383,volume_backward_phase,3,6,0,0,0,0
16383,volume_backward_phase,3,7,0,0,0,0
16383,volume_backward_phase,3,8,0.661171973,0.661171973,0.661171973,0
16383,volume_backward_phase,3,9,0,0,0,0
16383,volume_backward_phase,3,10,0.196952671,0.196952671,0.196952671,0
16383,volume_backward_phase,3,11,0,0,0,0
16383,volume_backward_phase,3,12,0,0,0,0
16383,volume_backward_phase,3,16,0.834707022,0.834707022,0.834707022,0
16383,volume_backward_phase,3,18,85.4702911,150.582535,41.2175789,0
16383,volume_backward_phase,3,19,0.121571071,0.810320497,0.96955806,0
16383,volume_backward_phase,3,20,0,0,0,-0.899999976
16383,volume_backward_phase,3,21,0.5,0.5,0.5,0
16383,volume_backward_phase,3,22,0.5,0.5,0.5,0
16383,volume_backward_phase,3,23,0,0,0,0
16383,volume_backward_phase,3,24,0.49658531,0.49658531,0.49658531,0
16383,volume_backward_phase,3,25,0.251707345,0.251707345,0.251707345,0
16383,volume_backward_phase,3,26,0.666210592,0.666210592,0.666210592,0
16383,volume_backward_phase,3,28,-0,-0.663324952,-0.748331487,1
16383,volume_backward_phase,3,29,0.57159251,0.57159251,0.57159251,0
16383,volume_backward_phase,3,31,0.00258058868,0.0671802014,0.0795774683,0
16383,volume_backward_phase,4,0,0,0,0.0500000007,1.39999998
16383,volume_backward_phase,4,6,0,0,0,0
16383,volume_backward_phase,4,7,0,0,0,0
16383,volume_backward_phase,4,8,0.745850444,0.745850444,0.745850444,0
16383,volume_backward_phase,4,9,0,0,0,0
16383,volume_backward_phase,4,10,0.220082745,0.220082745,0.220082745,0
16383,volume_backward_phase,4,11,0,0,0,0
16383,volume_backward_phase,4,12,0,0,0,0
16383,volume_backward_phase,4,16,0.813537419,0.813537419,0.813537419,0
16383,volume_backward_phase,4,18,85.4702911,150.582535,41.2175789,0
16383,volume_backward_phase,4,19,0.121571071,0.810320497,0.96955806,0
16383,volume_backward_phase,4,20,0,0,0,-0.899999976
16383,volume_backward_phase,4,21,0.5,0.5,0.5,0
16383,volume_backward_phase,4,22,0.5,0.5,0.5,0
16383,volume_backward_phase,4,23,0,0,0,0
16383,volume_backward_phase,4,24,0.49658531,0.49658531,0.49658531,0
16383,volume_backward_phase,4,25,0.251707345,0.251707345,0.251707345,0
16383,volume_backward_phase,4,26,0.655698061,0.655698061,0.655698061,0
16383,volume_backward_phase,4,28,-0,-0.577350259,-0.816496611,1
16383,volume_backward_phase,4,29,0.0891867131,0.0891867131,0.0891867131,0
16383,volume_backward_phase,4,31,0.00258058868,0.0671802014,0.0795774683,0
16383,volume_backward_phase,5,0,0,0,0.0500000007,1.39999998
16383,volume_backward_phase,5,6,0,0,0,0
16383,volume_backward_phase,5,7,0,0,0,0
16383,volume_backward_phase,5,8,0.769008934,0.769008934,0.769008934,0
16383,volume_backward_phase,5,9,0,0,0,0
16383,volume_backward_phase,5,10,0.234708279,0.234708279,0.234708279,0
16383,volume_backward_phase,5,11,0,0,0,0
16383,volume_backward_phase,5,12,0,0,0,0
16383,volume_backward_phase,5,16,0.807747781,0.807747781,0.807747781,0
16383,volume_backward_phase,5,18,85.4702911,150.582535,41.2175789,0
16383,volume_backward_phase,5,19,0.121571071,0.810320497,0.96955806,0
16383,volume_backward_phase,5,20,0,0,0,-0.899999976
16383,volume_backward_phase,5,21,0.5,0.5,0.5,0
16383,volume_backward_phase,5,22,0.5,0.5,0.5,0
16383,volume_backward_phase,5,23,0,0,0,0
16383,volume_backward_phase,5,24,0.49658531,0.49658531,0.49658531,0
16383,volume_backward_phase,5,25,0.251707345,0.251707345,0.251707345,0
16383,volume_backward_phase,5,26,0.652823031,0.652823031,0.652823031,0
16383,volume_backward_phase,5,28,-0,-0.290593266,-0.956846654,1
16383,volume_backward_phase,5,29,0.0407918878,0.0407918878,0.0407918878,0
16383,volume_backward_phase,5,31,0.00258058868,0.0671802014,0.0795774683,0
16383,phase_forward_peak_clamp,0,0,0,0,0.0500000007,1.39999998
16383,phase_forward_peak_clamp,0,6,0,0,0,0
16383,phase_forward_peak_clamp,0,7,0,0,0,0
16383,phase_forward_peak_clamp,0,8,0.660797596,0.660797596,0.660797596,0
16383,phase_forward_peak_clamp,0,9,0,0,0,0
16383,phase_forward_peak_clamp,0,10,0.194106743,0.194106743,0.194106743,0
16383,phase_forward_peak_clamp,0,11,0,0,0,0
16383,phase_forward_peak_clamp,0,12,0,0,0,0
16383,phase_forward_peak_clamp,0,16,0.834800601,0.834800601,0.834800601,0
16383,phase_forward_peak_clamp,0,18,85.4702911,150.582535,41.2175789,0
16383,phase_forward_peak_clamp,0,19,0.121571071,0.810320497,0.96955806,0
16383,phase_forward_peak_clamp,0,20,0,0,0,0.999000013
16383,phase_forward_peak_clamp,0,21,0.5,0.5,0.5,0
16383,phase_forward_peak_clamp,0,22,0.5,0.5,0.5,0
16383,phase_forward_peak_clamp,0,23,0,0,0,0
16383,phase_forward_peak_clamp,0,24,0.49658531,0.49658531,0.49658531,0
16383,phase_forward_peak_clamp,0,25,0.251707345,0.251707345,0.251707345,0
16383,phase_forward_peak_clamp,0,26,0.666257083,0.666257083,0.666257083,0
16383,phase_forward_peak_clamp,0,28,-0.663324952,-0,-0.748331487,1
16383,phase_forward_peak_clamp,0,29,0.57159251,0.57159251,0.57159251,0
16383,phase_forward_peak_clamp,0,31,159079.469,1.99140213e-05,0.0795774683,0
16383,phase_forward_peak_clamp,1,0,0,0,0.0500000007,1.39999998
16383,phase_forward_peak_clamp,1,6,0,0,0,0
16383,phase_forward_peak_clamp,1,7,0,0,0,0
16383,phase_forward_peak_clamp,1,8,0.745836258,0.745836258,0.745836258,0
16383,phase_forward_peak_clamp,1,9,0,0,0,0
16383,phase_forward_peak_clamp,1,10,0.217720494,0.217720494,0.217720494,0
16383,phase_forward_peak_clamp,1,11,0,0,0,0
16383,phase_forward_peak_clamp,1,12,0,0,0,0
16383,phase_forward_peak_clamp,1,16,0.813540936,0.813540936,0.813540936,0
16383,phase_forward_peak_clamp,1,18,85.4702911,150.582535,41.2175789,0
16383,phase_forward_peak_clamp,1,19,0.121571071,0.810320497,0.96955806,0
16383,phase_forward_peak_clamp,1,20,0,0,0,0.999000013
16383,phase_forward_peak_clamp,1,21,0.5,0.5,0.5,0
16383,phase_forward_peak_clamp,1,22,0.5,0.5,0.5,0
16383,phase_forward_peak_clamp,1,23,0,0,0,0
16383,phase_forward_peak_clamp,1,24,0.49658531,0.49658531,0.49658531,0
16383,phase_forward_peak_clamp,1,25,0.251707345,0.251707345,0.251707345,0
16383,phase_forward_peak_clamp,1,26,0.655699849,0.655699849,0.655699849,0
16383,phase_forward_peak_clamp,1,28,-0.577350259,-0,-0.816496611,1
16383,phase_forward_peak_clamp,1,29,0.0891867131,0.0891867131,0.0891867131,0
16383,phase_forward_peak_clamp,1,31,159079.469,1.99140213e-05,0.0795774683,0
16383,phase_forward_peak_clamp,2,0,0,0,0.0500000007,1.39999998
16383,phase_forward_peak_clamp,2,6,0,0,0,0
16383,phase_forward_peak_clamp,2,7,0,0,0,0
16383,phase_forward_peak_clamp,2,8,0.769001842,0.769001842,0.769001842,0
16383,phase_forward_peak_clamp,2,9,0,0,0,0
16383,phase_forward_peak_clamp,2,10,0.226757482,0.226757482,0.226757482,0
16383,phase_forward_peak_clamp,2,11,0,0,0,0
16383,phase_forward_peak_clamp,2,12,0,0,0,0
16383,phase_forward_peak_clamp,2,16,0.807749569,0.807749569,0.807749569,0
16383,phase_forward_peak_clamp,2,18,85.4702911,150.582535,41.2175789,0
16383,phase_forward_peak_clamp,2,19,0.121571071,0.810320497,0.96955806,0
16383,phase_forward_peak_clamp,2,20,0,0,0,0.999000013
16383,phase_forward_peak_clamp,2,21,0.5,0.5,0.5,0
16383,phase_forward_peak_clamp,2,22,0.5,0.5,0.5,0
16383,phase_forward_peak_clamp,2,23,0,0,0,0
16383,phase_forward_peak_clamp,2,24,0.49658531,0.49658531,0.49658531,0
16383,phase_forward_peak_clamp,2,25,0.251707345,0.251707345,0.251707345,0
16383,phase_forward_peak_clamp,2,26,0.652823925,0.652823925,0.652823925,0
16383,phase_forward_peak_clamp,2,28,-0.290593266,-0,-0.956846654,1
16383,phase_forward_peak_clamp,2,29,0.0407918878,0.0407918878,0.0407918878,0
16383,phase_forward_peak_clamp,2,31,159079.469,1.99140213e-05,0.0795774683,0
16383,phase_forward_peak_clamp,3,0,0,0,0.0500000007,1.39999998
16383,phase_forward_peak_clamp,3,6,0,0,0,0
16383,phase_forward_peak_clamp,3,7,0,0,0,0
16383,phase_forward_peak_clamp,3,8,0.661171973,0.661171973,0.661171973,0
16383,phase_forward_peak_clamp,3,9,0,0,0,0
16383,phase_forward_peak_clamp,3,10,0.196952671,0.196952671,0.196952671,0
16383,phase_forward_peak_clamp,3,11,0,0,0,0
16383,phase_forward_peak_clamp,3,12,0,0,0,0
16383,phase_forward_peak_clamp,3,16,0.834707022,0.834707022,0.834707022,0
16383,phase_forward_peak_clamp,3,18,85.4702911,150.582535,41.2175789,0
16383,phase_forward_peak_clamp,3,19,0.121571071,0.810320497,0.96955806,0
16383,phase_forward_peak_clamp,3,20,0,0,0,0.999000013
16383,phase_forward_peak_clamp,3,21,0.5,0.5,0.5,0
16383,phase_forward_peak_clamp,3,22,0.5,0.5,0.5,0
16383,phase_forward_peak_clamp,3,23,0,0,0,0
16383,phase_forward_peak_clamp,3,24,0.49658531,0.49658531,0.49658531,0
16383,phase_forward_peak_clamp,3,25,0.251707345,0.251707345,0.251707345,0
16383,phase_forward_peak_clamp,3,26,0.666210592,0.666210592,0.666210592,0
16383,phase_forward_peak_clamp,3,28,-0,-0.663324952,-0.748331487,1
16383,phase_forward_peak_clamp,3,29,0.57159251,0.57159251,0.57159251,0
16383,phase_forward_peak_clamp,3,31,159079.469,1.99140213e-05,0.0795774683,0
16383,phase_forward_peak_clamp,4,0,0,0,0.0500000007,1.39999998
16383,phase_forward_peak_clamp,4,6,0,0,0,0
16383,phase_forward_peak_clamp,4,7,0,0,0,0
16383,phase_forward_peak_clamp,4,8,0.745850444,0.745850444,0.745850444,0
16383,phase_forward_peak_clamp,4,9,0,0,0,0
16383,phase_forward_peak_clamp,4,10,0.220082745,0.220082745,0.220082745,0
16383,phase_forward_peak_clamp,4,11,0,0,0,0
16383,phase_forward_peak_clamp,4,12,0,0,0,0
16383,phase_forward_peak_clamp,4,16,0.813537419,0.813537419,0.813537419,0
16383,phase_forward_peak_clamp,4,18,85.4702911,150.582535,41.2175789,0
16383,phase_forward_peak_clamp,4,19,0.121571071,0.810320497,0.96955806,0
16383,phase_forward_peak_clamp,4,20,0,0,0,0.999000013
16383,phase_forward_peak_clamp,4,21,0.5,0.5,0.5,0
16383,phase_forward_peak_clamp,4,22,0.5,0.5,0.5,0
16383,phase_forward_peak_clamp,4,23,0,0,0,0
16383,phase_forward_peak_clamp,4,24,0.49658531,0.49658531,0.49658531,0
16383,phase_forward_peak_clamp,4,25,0.251707345,0.251707345,0.251707345,0
16383,phase_forward_peak_clamp,4,26,0.655698061,0.655698061,0.655698061,0
16383,phase_forward_peak_clamp,4,28,-0,-0.577350259,-0.816496611,1
16383,phase_forward_peak_clamp,4,29,0.0891867131,0.0891867131,0.0891867131,0
16383,phase_forward_peak_clamp,4,31,159079.469,1.99140213e-05,0.0795774683,0
16383,phase_forward_peak_clamp,5,0,0,0,0.0500000007,1.39999998
16383,phase_forward_peak_clamp,5,6,0,0,0,0
16383,phase_forward_peak_clamp,5,7,0,0,0,0
16383,phase_forward_peak_clamp,5,8,0.769008934,0.769008934,0.769008934,0
16383,phase_forward_peak_clamp,5,9,0,0,0,0
16383,phase_forward_peak_clamp,5,10,0.234708279,0.234708279,0.234708279,0
16383,phase_forward_peak_clamp,5,11,0,0,0,0
16383,phase_forward_peak_clamp,5,12,0,0,0,0
16383,phase_forward_peak_clamp,5,16,0.807747781,0.807747781,0.807747781,0
16383,phase_forward_peak_clamp,5,18,85.4702911,150.582535,41.2175789,0
16383,phase_forward_peak_clamp,5,19,0.121571071,0.810320497,0.96955806,0
16383,phase_forward_peak_clamp,5,20,0,0,0,0.999000013
16383,phase_forward_peak_clamp,5,21,0.5,0.5,0.5,0
16383,phase_forward_peak_clamp,5,22,0.5,0.5,0.5,0
16383,phase_forward_peak_clamp,5,23,0,0,0,0
16383,phase_forward_peak_clamp,5,24,0.49658531,0.49658531,0.49658531,0
16383,phase_forward_peak_clamp,5,25,0.251707345,0.251707345,0.251707345,0
16383,phase_forward_peak_clamp,5,26,0.652823031,0.652823031,0.652823031,0
16383,phase_forward_peak_clamp,5,28,-0,-0.290593266,-0.956846654,1
16383,phase_forward_peak_clamp,5,29,0.0407918878,0.0407918878,0.0407918878,0
16383,phase_forward_peak_clamp,5,31,159079.469,1.99140213e-05,0.0795774683,0
16383,phase_backward_peak_clamp,0,0,0,0,0.0500000007,1.39999998
16383,phase_backward_peak_clamp,0,6,0,0,0,0
16383,phase_backward_peak_clamp,0,7,0,0,0,0
16383,phase_backward_peak_clamp,0,8,0.660797596,0.660797596,0.660797596,0
16383,phase_backward_peak_clamp,0,9,0,0,0,0
16383,phase_backward_peak_clamp,0,10,0.194106743,0.194106743,0.194106743,0
16383,phase_backward_peak_clamp,0,11,0,0,0,0
16383,phase_backward_peak_clamp,0,12,0,0,0,0
16383,phase_backward_peak_clamp,0,16,0.834800601,0.834800601,0.834800601,0
16383,phase_backward_peak_clamp,0,18,85.4702911,150.582535,41.2175789,0
16383,phase_backward_peak_clamp,0,19,0.121571071,0.810320497,0.96955806,0
16383,phase_backward_peak_clamp,0,20,0,0,0,-0.999000013
16383,phase_backward_peak_clamp,0,21,0.5,0.5,0.5,0
16383,phase_backward_peak_clamp,0,22,0.5,0.5,0.5,0
16383,phase_backward_peak_clamp,0,23,0,0,0,0
16383,phase_backward_peak_clamp,0,24,0.49658531,0.49658531,0.49658531,0
16383,phase_backward_peak_clamp,0,25,0.251707345,0.251707345,0.251707345,0
16383,phase_backward_peak_clamp,0,26,0.666257083,0.666257083,0.666257083,0
16383,phase_backward_peak_clamp,0,28,-0.663324952,-0,-0.748331487,1
16383,phase_backward_peak_clamp,0,29,0.57159251,0.57159251,0.57159251,0
16383,phase_backward_peak_clamp,0,31,1.99140213e-05,159079.469,0.0795774683,0
16383,phase_backward_peak_clamp,1,0,0,0,0.0500000007,1.39999998
16383,phase_backward_peak_clamp,1,6,0,0,0,0
16383,phase_backward_peak_clamp,1,7,0,0,0,0
16383,phase_backward_peak_clamp,1,8,0.745836258,0.745836258,0.745836258,0
16383,phase_backward_peak_clamp,1,9,0,0,0,0
16383,phase_backward_peak_clamp,1,10,0.217720494,0.217720494,0.217720494,0
16383,phase_backward_peak_clamp,1,11,0,0,0,0
16383,phase_backward_peak_clamp,1,12,0,0,0,0
16383,phase_backward_peak_clamp,1,16,0.813540936,0.813540936,0.813540936,0
16383,phase_backward_peak_clamp,1,18,85.4702911,150.582535,41.2175789,0
16383,phase_backward_peak_clamp,1,19,0.121571071,0.810320497,0.96955806,0
16383,phase_backward_peak_clamp,1,20,0,0,0,-0.999000013
16383,phase_backward_peak_clamp,1,21,0.5,0.5,0.5,0
16383,phase_backward_peak_clamp,1,22,0.5,0.5,0.5,0
16383,phase_backward_peak_clamp,1,23,0,0,0,0
16383,phase_backward_peak_clamp,1,24,0.49658531,0.49658531,0.49658531,0
16383,phase_backward_peak_clamp,1,25,0.251707345,0.251707345,0.251707345,0
16383,phase_backward_peak_clamp,1,26,0.655699849,0.655699849,0.655699849,0
16383,phase_backward_peak_clamp,1,28,-0.577350259,-0,-0.816496611,1
16383,phase_backward_peak_clamp,1,29,0.0891867131,0.0891867131,0.0891867131,0
16383,phase_backward_peak_clamp,1,31,1.99140213e-05,159079.469,0.0795774683,0
16383,phase_backward_peak_clamp,2,0,0,0,0.0500000007,1.39999998
16383,phase_backward_peak_clamp,2,6,0,0,0,0
16383,phase_backward_peak_clamp,2,7,0,0,0,0
16383,phase_backward_peak_clamp,2,8,0.769001842,0.769001842,0.769001842,0
16383,phase_backward_peak_clamp,2,9,0,0,0,0
16383,phase_backward_peak_clamp,2,10,0.226757482,0.226757482,0.226757482,0
16383,phase_backward_peak_clamp,2,11,0,0,0,0
16383,phase_backward_peak_clamp,2,12,0,0,0,0
16383,phase_backward_peak_clamp,2,16,0.807749569,0.807749569,0.807749569,0
16383,phase_backward_peak_clamp,2,18,85.4702911,150.582535,41.2175789,0
16383,phase_backward_peak_clamp,2,19,0.121571071,0.810320497,0.96955806,0
16383,phase_backward_peak_clamp,2,20,0,0,0,-0.999000013
16383,phase_backward_peak_clamp,2,21,0.5,0.5,0.5,0
16383,phase_backward_peak_clamp,2,22,0.5,0.5,0.5,0
16383,phase_backward_peak_clamp,2,23,0,0,0,0
16383,phase_backward_peak_clamp,2,24,0.49658531,0.49658531,0.49658531,0
16383,phase_backward_peak_clamp,2,25,0.251707345,0.251707345,0.251707345,0
16383,phase_backward_peak_clamp,2,26,0.652823925,0.652823925,0.652823925,0
16383,phase_backward_peak_clamp,2,28,-0.290593266,-0,-0.956846654,1
16383,phase_backward_peak_clamp,2,29,0.0407918878,0.0407918878,0.0407918878,0
16383,phase_backward_peak_clamp,2,31,1.99140213e-05,159079.469,0.0795774683,0
16383,phase_backward_peak_clamp,3,0,0,0,0.0500000007,1.39999998
16383,phase_backward_peak_clamp,3,6,0,0,0,0
16383,phase_backward_peak_clamp,3,7,0,0,0,0
16383,phase_backward_peak_clamp,3,8,0.661171973,0.661171973,0.661171973,0
16383,phase_backward_peak_clamp,3,9,0,0,0,0
16383,phase_backward_peak_clamp,3,10,0.196952671,0.196952671,0.196952671,0
16383,phase_backward_peak_clamp,3,11,0,0,0,0
16383,phase_backward_peak_clamp,3,12,0,0,0,0
16383,phase_backward_peak_clamp,3,16,0.834707022,0.834707022,0.834707022,0
16383,phase_backward_peak_clamp,3,18,85.4702911,150.582535,41.2175789,0
16383,phase_backward_peak_clamp,3,19,0.121571071,0.810320497,0.96955806,0
16383,phase_backward_peak_clamp,3,20,0,0,0,-0.999000013
16383,phase_backward_peak_clamp,3,21,0.5,0.5,0.5,0
16383,phase_backward_peak_clamp,3,22,0.5,0.5,0.5,0
16383,phase_backward_peak_clamp,3,23,0,0,0,0
16383,phase_backward_peak_clamp,3,24,0.49658531,0.49658531,0.49658531,0
16383,phase_backward_peak_clamp,3,25,0.251707345,0.251707345,0.251707345,0
16383,phase_backward_peak_clamp,3,26,0.666210592,0.666210592,0.666210592,0
16383,phase_backward_peak_clamp,3,28,-0,-0.663324952,-0.748331487,1
16383,phase_backward_peak_clamp,3,29,0.57159251,0.57159251,0.57159251,0
16383,phase_backward_peak_clamp,3,31,1.99140213e-05,159079.469,0.0795774683,0
16383,phase_backward_peak_clamp,4,0,0,0,0.0500000007,1.39999998
16383,phase_backward_peak_clamp,4,6,0,0,0,0
16383,phase_backward_peak_clamp,4,7,0,0,0,0
16383,phase_backward_peak_clamp,4,8,0.745850444,0.745850444,0.745850444,0
16383,phase_backward_peak_clamp,4,9,0,0,0,0
16383,phase_backward_peak_clamp,4,10,0.220082745,0.220082745,0.220082745,0
16383,phase_backward_peak_clamp,4,11,0,0,0,0
16383,phase_backward_peak_clamp,4,12,0,0,0,0
16383,phase_backward_peak_clamp,4,16,0.813537419,0.813537419,0.813537419,0
16383,phase_backward_peak_clamp,4,18,85.4702911,150.582535,41.2175789,0
16383,phase_backward_peak_clamp,4,19,0.121571071,0.810320497,0.96955806,0
16383,phase_backward_peak_clamp,4,20,0,0,0,-0.999000013
16383,phase_backward_peak_clamp,4,21,0.5,0.5,0.5,0
16383,phase_backward_peak_clamp,4,22,0.5,0.5,0.5,0
16383,phase_backward_peak_clamp,4,23,0,0,0,0
16383,phase_backward_peak_clamp,4,24,0.49658531,0.49658531,0.49658531,0
16383,phase_backward_peak_clamp,4,25,0.251707345,0.251707345,0.251707345,0
16383,phase_backward_peak_clamp,4,26,0.655698061,0.655698061,0.655698061,0
16383,phase_backward_peak_clamp,4,28,-0,-0.577350259,-0.816496611,1
16383,phase_backward_peak_clamp,4,29,0.0891867131,0.0891867131,0.0891867131,0
16383,phase_backward_peak_clamp,4,31,1.99140213e-05,159079.469,0.0795774683,0
16383,phase_backward_peak_clamp,5,0,0,0,0.0500000007,1.39999998
16383,phase_backward_peak_clamp,5,6,0,0,0,0
16383,phase_backward_peak_clamp,5,7,0,0,0,0
16383,phase_backward_peak_clamp,5,8,0.769008934,0.769008934,0.769008934,0
16383,phase_backward_peak_clamp,5,9,0,0,0,0
16383,phase_backward_peak_clamp,5,10,0.234708279,0.234708279,0.234708279,0
16383,phase_backward_peak_clamp,5,11,0,0,0,0
16383,phase_backward_peak_clamp,5,12,0,0,0,0
16383,phase_backward_peak_clamp,5,16,0.807747781,0.807747781,0.807747781,0
16383,phase_backward_peak_clamp,5,18,85.4702911,150.582535,41.2175789,0
16383,phase_backward_peak_clamp,5,19,0.121571071,0.810320497,0.96955806,0
16383,phase_backward_peak_clamp,5,20,0,0,0,-0.999000013
16383,phase_backward_peak_clamp,5,21,0.5,0.5,0.5,0
16383,phase_backward_peak_clamp,5,22,0.5,0.5,0.5,0
16383,phase_backward_peak_clamp,5,23,0,0,0,0
16383,phase_backward_peak_clamp,5,24,0.49658531,0.49658531,0.49658531,0
16383,phase_backward_peak_clamp,5,25,0.251707345,0.251707345,0.251707345,0
16383,phase_backward_peak_clamp,5,26,0.652823031,0.652823031,0.652823031,0
16383,phase_backward_peak_clamp,5,28,-0,-0.290593266,-0.956846654,1
16383,phase_backward_peak_clamp,5,29,0.0407918878,0.0407918878,0.0407918878,0
16383,phase_backward_peak_clamp,5,31,1.99140213e-05,159079.469,0.0795774683,0
16383,volume_density_cutoff,0,0,0,0,0.0500000007,1.39999998
16383,volume_density_cutoff,0,6,0,0,0,0
16383,volume_density_cutoff,0,7,0,0,0,0
16383,volume_density_cutoff,0,8,0.660797596,0.660797596,0.660797596,0
16383,volume_density_cutoff,0,9,0,0,0,0
16383,volume_density_cutoff,0,10,0.194106743,0.194106743,0.194106743,0
16383,volume_density_cutoff,0,11,0,0,0,0
16383,volume_density_cutoff,0,12,0,0,0,0
16383,volume_density_cutoff,0,16,0.834800601,0.834800601,0.834800601,0
16383,volume_density_cutoff,0,18,85.4702911,150.582535,41.2175789,0
16383,volume_density_cutoff,0,19,0.121571071,0.810320497,0.96955806,0
16383,volume_density_cutoff,0,20,0,0,0,0
16383,volume_density_cutoff,0,21,0,0,0,0
16383,volume_density_cutoff,0,22,0,0,0,0
16383,volume_density_cutoff,0,23,0,0,0,0
16383,volume_density_cutoff,0,24,1,1,1,0
16383,volume_density_cutoff,0,25,0,0,0,0
16383,volume_density_cutoff,0,26,0.834800601,0.834800601,0.834800601,0
16383,volume_density_cutoff,0,28,-0.663324952,-0,-0.748331487,1
16383,volume_density_cutoff,0,29,0.57159251,0.57159251,0.57159251,0
16383,volume_density_cutoff,0,31,0.0795774683,0.0795774683,0.0795774683,0
16383,volume_density_cutoff,1,0,0,0,0.0500000007,1.39999998
16383,volume_density_cutoff,1,6,0,0,0,0
16383,volume_density_cutoff,1,7,0,0,0,0
16383,volume_density_cutoff,1,8,0.745836258,0.745836258,0.745836258,0
16383,volume_density_cutoff,1,9,0,0,0,0
16383,volume_density_cutoff,1,10,0.217720494,0.217720494,0.217720494,0
16383,volume_density_cutoff,1,11,0,0,0,0
16383,volume_density_cutoff,1,12,0,0,0,0
16383,volume_density_cutoff,1,16,0.813540936,0.813540936,0.813540936,0
16383,volume_density_cutoff,1,18,85.4702911,150.582535,41.2175789,0
16383,volume_density_cutoff,1,19,0.121571071,0.810320497,0.96955806,0
16383,volume_density_cutoff,1,20,0,0,0,0
16383,volume_density_cutoff,1,21,0,0,0,0
16383,volume_density_cutoff,1,22,0,0,0,0
16383,volume_density_cutoff,1,23,0,0,0,0
16383,volume_density_cutoff,1,24,1,1,1,0
16383,volume_density_cutoff,1,25,0,0,0,0
16383,volume_density_cutoff,1,26,0.813540936,0.813540936,0.813540936,0
16383,volume_density_cutoff,1,28,-0.577350259,-0,-0.816496611,1
16383,volume_density_cutoff,1,29,0.0891867131,0.0891867131,0.0891867131,0
16383,volume_density_cutoff,1,31,0.0795774683,0.0795774683,0.0795774683,0
16383,volume_density_cutoff,2,0,0,0,0.0500000007,1.39999998
16383,volume_density_cutoff,2,6,0,0,0,0
16383,volume_density_cutoff,2,7,0,0,0,0
16383,volume_density_cutoff,2,8,0.769001842,0.769001842,0.769001842,0
16383,volume_density_cutoff,2,9,0,0,0,0
16383,volume_density_cutoff,2,10,0.226757482,0.226757482,0.226757482,0
16383,volume_density_cutoff,2,11,0,0,0,0
16383,volume_density_cutoff,2,12,0,0,0,0
16383,volume_density_cutoff,2,16,0.807749569,0.807749569,0.807749569,0
16383,volume_density_cutoff,2,18,85.4702911,150.582535,41.2175789,0
16383,volume_density_cutoff,2,19,0.121571071,0.810320497,0.96955806,0
16383,volume_density_cutoff,2,20,0,0,0,0
16383,volume_density_cutoff,2,21,0,0,0,0
16383,volume_density_cutoff,2,22,0,0,0,0
16383,volume_density_cutoff,2,23,0,0,0,0
16383,volume_density_cutoff,2,24,1,1,1,0
16383,volume_density_cutoff,2,25,0,0,0,0
16383,volume_density_cutoff,2,26,0.807749569,0.807749569,0.807749569,0
16383,volume_density_cutoff,2,28,-0.290593266,-0,-0.956846654,1
16383,volume_density_cutoff,2,29,0.0407918878,0.0407918878,0.0407918878,0
16383,volume_density_cutoff,2,31,0.0795774683,0.0795774683,0.0795774683,0
16383,volume_density_cutoff,3,0,0,0,0.0500000007,1.39999998
16383,volume_density_cutoff,3,6,0,0,0,0
16383,volume_density_cutoff,3,7,0,0,0,0
16383,volume_density_cutoff,3,8,0.661171973,0.661171973,0.661171973,0
16383,volume_density_cutoff,3,9,0,0,0,0
16383,volume_density_cutoff,3,10,0.196952671,0.196952671,0.196952671,0
16383,volume_density_cutoff,3,11,0,0,0,0
16383,volume_density_cutoff,3,12,0,0,0,0
16383,volume_density_cutoff,3,16,0.834707022,0.834707022,0.834707022,0
16383,volume_density_cutoff,3,18,85.4702911,150.582535,41.2175789,0
16383,volume_density_cutoff,3,19,0.121571071,0.810320497,0.96955806,0
16383,volume_density_cutoff,3,20,0,0,0,0
16383,volume_density_cutoff,3,21,0,0,0,0
16383,volume_density_cutoff,3,22,0,0,0,0
16383,volume_density_cutoff,3,23,0,0,0,0
16383,volume_density_cutoff,3,24,1,1,1,0
16383,volume_density_cutoff,3,25,0,0,0,0
16383,volume_density_cutoff,3,26,0.834707022,0.834707022,0.834707022,0
16383,volume_density_cutoff,3,28,-0,-0.663324952,-0.748331487,1
16383,volume_density_cutoff,3,29,0.57159251,0.57159251,0.57159251,0
16383,volume_density_cutoff,3,31,0.0795774683,0.0795774683,0.0795774683,0
16383,volume_density_cutoff,4,0,0,0,0.0500000007,1.39999998
16383,volume_density_cutoff,4,6,0,0,0,0
16383,volume_density_cutoff,4,7,0,0,0,0
16383,volume_density_cutoff,4,8,0.745850444,0.745850444,0.745850444,0
16383,volume_density_cutoff,4,9,0,0,0,0
16383,volume_density_cutoff,4,10,0.220082745,0.220082745,0.220082745,0
16383,volume_density_cutoff,4,11,0,0,0,0
16383,volume_density_cutoff,4,12,0,0,0,0
16383,volume_density_cutoff,4,16,0.813537419,0.813537419,0.813537419,0
16383,volume_density_cutoff,4,18,85.4702911,150.582535,41.2175789,0
16383,volume_density_cutoff,4,19,0.121571071,0.810320497,0.96955806,0
16383,volume_density_cutoff,4,20,0,0,0,0
16383,volume_density_cutoff,4,21,0,0,0,0
16383,volume_density_cutoff,4,22,0,0,0,0
16383,volume_density_cutoff,4,23,0,0,0,0
16383,volume_density_cutoff,4,24,1,1,1,0
16383,volume_density_cutoff,4,25,0,0,0,0
16383,volume_density_cutoff,4,26,0.813537419,0.813537419,0.813537419,0
16383,volume_density_cutoff,4,28,-0,-0.577350259,-0.816496611,1
16383,volume_density_cutoff,4,29,0.0891867131,0.0891867131,0.0891867131,0
16383,volume_density_cutoff,4,31,0.0795774683,0.0795774683,0.0795774683,0
16383,volume_density_cutoff,5,0,0,0,0.0500000007,1.39999998
16383,volume_density_cutoff,5,6,0,0,0,0
16383,volume_density_cutoff,5,7,0,0,0,0
16383,volume_density_cutoff,5,8,0.769008934,0.769008934,0.769008934,0
16383,volume_density_cutoff,5,9,0,0,0,0
16383,volume_density_cutoff,5,10,0.234708279,0.234708279,0.234708279,0
16383,volume_density_cutoff,5,11,0,0,0,0
16383,volume_density_cutoff,5,12,0,0,0,0
16383,volume_density_cutoff,5,16,0.807747781,0.807747781,0.807747781,0
16383,volume_density_cutoff,5,18,85.4702911,150.582535,41.2175789,0
16383,volume_density_cutoff,5,19,0.121571071,0.810320497,0.96955806,0
16383,volume_density_cutoff,5,20,0,0,0,0
16383,volume_density_cutoff,5,21,0,0,0,0
16383,volume_density_cutoff,5,22,0,0,0,0
16383,volume_density_cutoff,5,23,0,0,0,0
16383,volume_density_cutoff,5,24,1,1,1,0
16383,volume_density_cutoff,5,25,0,0,0,0
16383,volume_density_cutoff,5,26,0.807747781,0.807747781,0.807747781,0
16383,volume_density_cutoff,5,28,-0,-0.290593266,-0.956846654,1
16383,volume_density_cutoff,5,29,0.0407918878,0.0407918878,0.0407918878,0
16383,volume_density_cutoff,5,31,0.0795774683,0.0795774683,0.0795774683,0
16383,volume_small_optical_depth,0,0,0,0,0.0500000007,1.39999998
16383,volume_small_optical_depth,0,6,0,0,0,0
16383,volume_small_optical_depth,0,7,0,0,0,0
16383,volume_small_optical_depth,0,8,0.660797596,0.660797596,0.660797596,0
16383,volume_small_optical_depth,0,9,0,0,0,0
16383,volume_small_optical_depth,0,10,0.194106743,0.194106743,0.194106743,0
16383,volume_small_optical_depth,0,11,0,0,0,0
16383,volume_small_optical_depth,0,12,0,0,0,0
16383,volume_small_optical_depth,0,16,0.834800601,0.834800601,0.834800601,0
16383,volume_small_optical_depth,0,18,85.4702911,150.582535,41.2175789,0
16383,volume_small_optical_depth,0,19,0.121571071,0.810320497,0.96955806,0
16383,volume_small_optical_depth,0,20,0,0,0,0
16383,volume_small_optical_depth,0,21,9.99999975e-06,9.99999975e-06,9.99999975e-06,0
16383,volume_small_optical_depth,0,22,9.99999975e-06,9.99999975e-06,9.99999975e-06,0
16383,volume_small_optical_depth,0,23,0.400000006,0.400000006,0.400000006,0
16383,volume_small_optical_depth,0,24,1,1,1,0
16383,volume_small_optical_depth,0,25,4.00010009e-07,4.00010009e-07,4.00010009e-07,0
16383,volume_small_optical_depth,0,26,0.834801018,0.834801018,0.834801018,0
16383,volume_small_optical_depth,0,28,-0.663324952,-0,-0.748331487,1
16383,volume_small_optical_depth,0,29,0.57159251,0.57159251,0.57159251,0
16383,volume_small_optical_depth,0,31,0.0795774683,0.0795774683,0.0795774683,0
16383,volume_small_optical_depth,1,0,0,0,0.0500000007,1.39999998
16383,volume_small_optical_depth,1,6,0,0,0,0
16383,volume_small_optical_depth,1,7,0,0,0,0
16383,volume_small_optical_depth,1,8,0.745836258,0.745836258,0.745836258,0
16383,volume_small_optical_depth,1,9,0,0,0,0
16383,volume_small_optical_depth,1,10,0.217720494,0.217720494,0.217720494,0
16383,volume_small_optical_depth,1,11,0,0,0,0
16383,volume_small_optical_depth,1,12,0,0,0,0
16383,volume_small_optical_depth,1,16,0.813540936,0.813540936,0.813540936,0
16383,volume_small_optical_depth,1,18,85.4702911,150.582535,41.2175789,0
16383,volume_small_optical_depth,1,19,0.121571071,0.810320497,0.96955806,0
16383,volume_small_optical_depth,1,20,0,0,0,0
16383,volume_small_optical_depth,1,21,9.99999975e-06,9.99999975e-06,9.99999975e-06,0
16383,volume_small_optical_depth,1,22,9.99999975e-06,9.99999975e-06,9.99999975e-06,0
16383,volume_small_optical_depth,1,23,0.400000006,0.400000006,0.400000006,0
16383,volume_small_optical_depth,1,24,1,1,1,0
16383,volume_small_optical_depth,1,25,4.00010009e-07,4.00010009e-07,4.00010009e-07,0
16383,volume_small_optical_depth,1,26,0.813541353,0.813541353,0.813541353,0
16383,volume_small_optical_depth,1,28,-0.577350259,-0,-0.816496611,1
16383,volume_small_optical_depth,1,29,0.0891867131,0.0891867131,0.0891867131,0
16383,volume_small_optical_depth,1,31,0.0795774683,0.0795774683,0.0795774683,0
16383,volume_small_optical_depth,2,0,0,0,0.0500000007,1.39999998
16383,volume_small_optical_depth,2,6,0,0,0,0
16383,volume_small_optical_depth,2,7,0,0,0,0
16383,volume_small_optical_depth,2,8,0.769001842,0.769001842,0.769001842,0
16383,volume_small_optical_depth,2,9,0,0,0,0
16383,volume_small_optical_depth,2,10,0.226757482,0.226757482,0.226757482,0
16383,volume_small_optical_depth,2,11,0,0,0,0
16383,volume_small_optical_depth,2,12,0,0,0,0
16383,volume_small_optical_depth,2,16,0.807749569,0.807749569,0.807749569,0
16383,volume_small_optical_depth,2,18,85.4702911,150.582535,41.2175789,0
16383,volume_small_optical_depth,2,19,0.121571071,0.810320497,0.96955806,0
16383,volume_small_optical_depth,2,20,0,0,0,0
16383,volume_small_optical_depth,2,21,9.99999975e-06,9.99999975e-06,9.99999975e-06,0
16383,volume_small_optical_depth,2,22,9.99999975e-06,9.99999975e-06,9.99999975e-06,0
16383,volume_small_optical_depth,2,23,0.400000006,0.400000006,0.400000006,0
16383,volume_small_optical_depth,2,24,1,1,1,0
16383,volume_small_optical_depth,2,25,4.00010009e-07,4.00010009e-07,4.00010009e-07,0
16383,volume_small_optical_depth,2,26,0.807749927,0.807749927,0.807749927,0
16383,volume_small_optical_depth,2,28,-0.290593266,-0,-0.956846654,1
16383,volume_small_optical_depth,2,29,0.0407918878,0.0407918878,0.0407918878,0
16383,volume_small_optical_depth,2,31,0.0795774683,0.0795774683,0.0795774683,0
16383,volume_small_optical_depth,3,0,0,0,0.0500000007,1.39999998
16383,volume_small_optical_depth,3,6,0,0,0,0
16383,volume_small_optical_depth,3,7,0,0,0,0
16383,volume_small_optical_depth,3,8,0.661171973,0.661171973,0.661171973,0
16383,volume_small_optical_depth,3,9,0,0,0,0
16383,volume_small_optical_depth,3,10,0.196952671,0.196952671,0.196952671,0
16383,volume_small_optical_depth,3,11,0,0,0,0
16383,volume_small_optical_depth,3,12,0,0,0,0
16383,volume_small_optical_depth,3,16,0.834707022,0.834707022,0.834707022,0
16383,volume_small_optical_depth,3,18,85.4702911,150.582535,41.2175789,0
16383,volume_small_optical_depth,3,19,0.121571071,0.810320497,0.96955806,0
16383,volume_small_optical_depth,3,20,0,0,0,0
16383,volume_small_optical_depth,3,21,9.99999975e-06,9.99999975e-06,9.99999975e-06,0
16383,volume_small_optical_depth,3,22,9.99999975e-06,9.99999975e-06,9.99999975e-06,0
16383,volume_small_optical_depth,3,23,0.400000006,0.400000006,0.400000006,0
16383,volume_small_optical_depth,3,24,1,1,1,0
16383,volume_small_optical_depth,3,25,4.00010009e-07,4.00010009e-07,4.00010009e-07,0
16383,volume_small_optical_depth,3,26,0.834707439,0.834707439,0.834707439,0
16383,volume_small_optical_depth,3,28,-0,-0.663324952,-0.748331487,1
16383,volume_small_optical_depth,3,29,0.57159251,0.57159251,0.57159251,0
16383,volume_small_optical_depth,3,31,0.0795774683,0.0795774683,0.0795774683,0
16383,volume_small_optical_depth,4,0,0,0,0.0500000007,1.39999998
16383,volume_small_optical_depth,4,6,0,0,0,0
16383,volume_small_optical_depth,4,7,0,0,0,0
16383,volume_small_optical_depth,4,8,0.745850444,0.745850444,0.745850444,0
16383,volume_small_optical_depth,4,9,0,0,0,0
16383,volume_small_optical_depth,4,10,0.220082745,0.220082745,0.220082745,0
16383,volume_small_optical_depth,4,11,0,0,0,0
16383,volume_small_optical_depth,4,12,0,0,0,0
16383,volume_small_optical_depth,4,16,0.813537419,0.813537419,0.813537419,0
16383,volume_small_optical_depth,4,18,85.4702911,150.582535,41.2175789,0
16383,volume_small_optical_depth,4,19,0.121571071,0.810320497,0.96955806,0
16383,volume_small_optical_depth,4,20,0,0,0,0
16383,volume_small_optical_depth,4,21,9.99999975e-06,9.99999975e-06,9.99999975e-06,0
16383,volume_small_optical_depth,4,22,9.99999975e-06,9.99999975e-06,9.99999975e-06,0
16383,volume_small_optical_depth,4,23,0.400000006,0.400000006,0.400000006,0
16383,volume_small_optical_depth,4,24,1,1,1,0
16383,volume_small_optical_depth,4,25,4.00010009e-07,4.00010009e-07,4.00010009e-07,0
16383,volume_small_optical_depth,4,26,0.813537836,0.813537836,0.813537836,0
16383,volume_small_optical_depth,4,28,-0,-0.577350259,-0.816496611,1
16383,volume_small_optical_depth,4,29,0.0891867131,0.0891867131,0.0891867131,0
16383,volume_small_optical_depth,4,31,0.0795774683,0.0795774683,0.0795774683,0
16383,volume_small_optical_depth,5,0,0,0,0.0500000007,1.39999998
16383,volume_small_optical_depth,5,6,0,0,0,0
16383,volume_small_optical_depth,5,7,0,0,0,0
16383,volume_small_optical_depth,5,8,0.769008934,0.769008934,0.769008934,0
16383,volume_small_optical_depth,5,9,0,0,0,0
16383,volume_small_optical_depth,5,10,0.234708279,0.234708279,0.234708279,0
16383,volume_small_optical_depth,5,11,0,0,0,0
16383,volume_small_optical_depth,5,12,0,0,0,0
16383,volume_small_optical_depth,5,16,0.807747781,0.807747781,0.807747781,0
16383,volume_small_optical_depth,5,18,85.4702911,150.582535,41.2175789,0
16383,volume_small_optical_depth,5,19,0.121571071,0.810320497,0.96955806,0
16383,volume_small_optical_depth,5,20,0,0,0,0
16383,volume_small_optical_depth,5,21,9.99999975e-06,9.99999975e-06,9.99999975e-06,0
16383,volume_small_optical_depth,5,22,9.99999975e-06,9.99999975e-06,9.99999975e-06,0
16383,volume_small_optical_depth,5,23,0.400000006,0.400000006,0.400000006,0
16383,volume_small_optical_depth,5,24,1,1,1,0
16383,volume_small_optical_depth,5,25,4.00010009e-07,4.00010009e-07,4.00010009e-07,0
16383,volume_small_optical_depth,5,26,0.807748199,0.807748199,0.807748199,0
16383,volume_small_optical_depth,5,28,-0,-0.290593266,-0.956846654,1
16383,volume_small_optical_depth,5,29,0.0407918878,0.0407918878,0.0407918878,0
16383,volume_small_optical_depth,5,31,0.0795774683,0.0795774683,0.0795774683,0
16383,opaque_medium,0,0,0,0,0.0500000007,1.39999998
16383,opaque_medium,0,6,0,0,0,0
16383,opaque_medium,0,7,0,0,0,0
16383,opaque_medium,0,8,0.660797596,0.660797596,0.660797596,0
16383,opaque_medium,0,9,0,0,0,0
16383,opaque_medium,0,10,0.194106743,0.194106743,0.194106743,0
16383,opaque_medium,0,11,0,0,0,0
16383,opaque_medium,0,12,0,0,0,0
16383,opaque_medium,0,16,0.834800601,0.834800601,0.834800601,0
16383,opaque_medium,0,18,85.4702911,150.582535,41.2175789,0
16383,opaque_medium,0,19,0.121571071,0.810320497,0.96955806,0
16383,opaque_medium,0,20,0,0,0,0
16383,opaque_medium,0,21,0.5,0.5,0.5,0
16383,opaque_medium,0,22,0.5,0.5,0.5,0
16383,opaque_medium,0,23,0,0,0,0
16383,opaque_medium,0,24,0,0,0,0
16383,opaque_medium,0,25,0.5,0.5,0.5,0
16383,opaque_medium,0,26,0.5,0.5,0.5,0
16383,opaque_medium,0,28,-0.663324952,-0,-0.748331487,1
16383,opaque_medium,0,29,0.57159251,0.57159251,0.57159251,0
16383,opaque_medium,0,31,0.0795774683,0.0795774683,0.0795774683,0
16383,opaque_medium,1,0,0,0,0.0500000007,1.39999998
16383,opaque_medium,1,6,0,0,0,0
16383,opaque_medium,1,7,0,0,0,0
16383,opaque_medium,1,8,0.745836258,0.745836258,0.745836258,0
16383,opaque_medium,1,9,0,0,0,0
16383,opaque_medium,1,10,0.217720494,0.217720494,0.217720494,0
16383,opaque_medium,1,11,0,0,0,0
16383,opaque_medium,1,12,0,0,0,0
16383,opaque_medium,1,16,0.813540936,0.813540936,0.813540936,0
16383,opaque_medium,1,18,85.4702911,150.582535,41.2175789,0
16383,opaque_medium,1,19,0.121571071,0.810320497,0.96955806,0
16383,opaque_medium,1,20,0,0,0,0
16383,opaque_medium,1,21,0.5,0.5,0.5,0
16383,opaque_medium,1,22,0.5,0.5,0.5,0
16383,opaque_medium,1,23,0,0,0,0
16383,opaque_medium,1,24,0,0,0,0
16383,opaque_medium,1,25,0.5,0.5,0.5,0
16383,opaque_medium,1,26,0.5,0.5,0.5,0
16383,opaque_medium,1,28,-0.577350259,-0,-0.816496611,1
16383,opaque_medium,1,29,0.0891867131,0.0891867131,0.0891867131,0
16383,opaque_medium,1,31,0.0795774683,0.0795774683,0.0795774683,0
16383,opaque_medium,2,0,0,0,0.0500000007,1.39999998
16383,opaque_medium,2,6,0,0,0,0
16383,opaque_medium,2,7,0,0,0,0
16383,opaque_medium,2,8,0.769001842,0.769001842,0.769001842,0
16383,opaque_medium,2,9,0,0,0,0
16383,opaque_medium,2,10,0.226757482,0.226757482,0.226757482,0
16383,opaque_medium,2,11,0,0,0,0
16383,opaque_medium,2,12,0,0,0,0
16383,opaque_medium,2,16,0.807749569,0.807749569,0.807749569,0
16383,opaque_medium,2,18,85.4702911,150.582535,41.2175789,0
16383,opaque_medium,2,19,0.121571071,0.810320497,0.96955806,0
16383,opaque_medium,2,20,0,0,0,0
16383,opaque_medium,2,21,0.5,0.5,0.5,0
16383,opaque_medium,2,22,0.5,0.5,0.5,0
16383,opaque_medium,2,23,0,0,0,0
16383,opaque_medium,2,24,0,0,0,0
16383,opaque_medium,2,25,0.5,0.5,0.5,0
16383,opaque_medium,2,26,0.5,0.5,0.5,0
16383,opaque_medium,2,28,-0.290593266,-0,-0.956846654,1
16383,opaque_medium,2,29,0.0407918878,0.0407918878,0.0407918878,0
16383,opaque_medium,2,31,0.0795774683,0.0795774683,0.0795774683,0
16383,opaque_medium,3,0,0,0,0.0500000007,1.39999998
16383,opaque_medium,3,6,0,0,0,0
16383,opaque_medium,3,7,0,0,0,0
16383,opaque_medium,3,8,0.661171973,0.661171973,0.661171973,0
16383,opaque_medium,3,9,0,0,0,0
16383,opaque_medium,3,10,0.196952671,0.196952671,0.196952671,0
16383,opaque_medium,3,11,0,0,0,0
16383,opaque_medium,3,12,0,0,0,0
16383,opaque_medium,3,16,0.834707022,0.834707022,0.834707022,0
16383,opaque_medium,3,18,85.4702911,150.582535,41.2175789,0
16383,opaque_medium,3,19,0.121571071,0.810320497,0.96955806,0
16383,opaque_medium,3,20,0,0,0,0
16383,opaque_medium,3,21,0.5,0.5,0.5,0
16383,opaque_medium,3,22,0.5,0.5,0.5,0
16383,opaque_medium,3,23,0,0,0,0
16383,opaque_medium,3,24,0,0,0,0
16383,opaque_medium,3,25,0.5,0.5,0.5,0
16383,opaque_medium,3,26,0.5,0.5,0.5,0
16383,opaque_medium,3,28,-0,-0.663324952,-0.748331487,1
16383,opaque_medium,3,29,0.57159251,0.57159251,0.57159251,0
16383,opaque_medium,3,31,0.0795774683,0.0795774683,0.0795774683,0
16383,opaque_medium,4,0,0,0,0.0500000007,1.39999998
16383,opaque_medium,4,6,0,0,0,0
16383,opaque_medium,4,7,0,0,0,0
16383,opaque_medium,4,8,0.745850444,0.745850444,0.745850444,0
16383,opaque_medium,4,9,0,0,0,0
16383,opaque_medium,4,10,0.220082745,0.220082745,0.220082745,0
16383,opaque_medium,4,11,0,0,0,0
16383,opaque_medium,4,12,0,0,0,0
16383,opaque_medium,4,16,0.813537419,0.813537419,0.813537419,0
16383,opaque_medium,4,18,85.4702911,150.582535,41.2175789,0
16383,opaque_medium,4,19,0.121571071,0.810320497,0.96955806,0
16383,opaque_medium,4,20,0,0,0,0
16383,opaque_medium,4,21,0.5,0.5,0.5,0
16383,opaque_medium,4,22,0.5,0.5,0.5,0
16383,opaque_medium,4,23,0,0,0,0
16383,opaque_medium,4,24,0,0,0,0
16383,opaque_medium,4,25,0.5,0.5,0.5,0
16383,opaque_medium,4,26,0.5,0.5,0.5,0
16383,opaque_medium,4,28,-0,-0.577350259,-0.816496611,1
16383,opaque_medium,4,29,0.0891867131,0.0891867131,0.0891867131,0
16383,opaque_medium,4,31,0.0795774683,0.0795774683,0.0795774683,0
16383,opaque_medium,5,0,0,0,0.0500000007,1.39999998
16383,opaque_medium,5,6,0,0,0,0
16383,opaque_medium,5,7,0,0,0,0
16383,opaque_medium,5,8,0.769008934,0.769008934,0.769008934,0
16383,opaque_medium,5,9,0,0,0,0
16383,opaque_medium,5,10,0.234708279,0.234708279,0.234708279,0
16383,opaque_medium,5,11,0,0,0,0
16383,opaque_medium,5,12,0,0,0,0
16383,opaque_medium,5,16,0.807747781,0.807747781,0.807747781,0
16383,opaque_medium,5,18,85.4702911,150.582535,41.2175789,0
16383,opaque_medium,5,19,0.121571071,0.810320497,0.96955806,0
16383,opaque_medium,5,20,0,0,0,0
16383,opaque_medium,5,21,0.5,0.5,0.5,0
16383,opaque_medium,5,22,0.5,0.5,0.5,0
16383,opaque_medium,5,23,0,0,0,0
16383,opaque_medium,5,24,0,0,0,0
16383,opaque_medium,5,25,0.5,0.5,0.5,0
16383,opaque_medium,5,26,0.5,0.5,0.5,0
16383,opaque_medium,5,28,-0,-0.290593266,-0.956846654,1
16383,opaque_medium,5,29,0.0407918878,0.0407918878,0.0407918878,0
16383,opaque_medium,5,31,0.0795774683,0.0795774683,0.0795774683,0
16383,zero_path,0,0,0,0,0.0500000007,1.39999998
16383,zero_path,0,6,0,0,0,0
16383,zero_path,0,7,0,0,0,0
16383,zero_path,0,8,0.660797596,0.660797596,0.660797596,0
16383,zero_path,0,9,0,0,0,0
16383,zero_path,0,10,0.194106743,0.194106743,0.194106743,0
16383,zero_path,0,11,0,0,0,0
16383,zero_path,0,12,0,0,0,0
16383,zero_path,0,16,0.834800601,0.834800601,0.834800601,0
16383,zero_path,0,18,85.4702911,150.582535,41.2175789,0
16383,zero_path,0,19,0.121571071,0.810320497,0.96955806,0
16383,zero_path,0,20,0,0,0,0
16383,zero_path,0,21,0.5,0.5,0.5,0
16383,zero_path,0,22,0.5,0.5,0.5,0
16383,zero_path,0,23,0,0,0,0
16383,zero_path,0,24,1,1,1,0
16383,zero_path,0,25,0,0,0,0
16383,zero_path,0,26,0.834800601,0.834800601,0.834800601,0
16383,zero_path,0,28,-0.663324952,-0,-0.748331487,1
16383,zero_path,0,29,0.57159251,0.57159251,0.57159251,0
16383,zero_path,0,31,0.0795774683,0.0795774683,0.0795774683,0
16383,zero_path,1,0,0,0,0.0500000007,1.39999998
16383,zero_path,1,6,0,0,0,0
16383,zero_path,1,7,0,0,0,0
16383,zero_path,1,8,0.745836258,0.745836258,0.745836258,0
16383,zero_path,1,9,0,0,0,0
16383,zero_path,1,10,0.217720494,0.217720494,0.217720494,0
16383,zero_path,1,11,0,0,0,0
16383,zero_path,1,12,0,0,0,0
16383,zero_path,1,16,0.813540936,0.813540936,0.813540936,0
16383,zero_path,1,18,85.4702911,150.582535,41.2175789,0
16383,zero_path,1,19,0.121571071,0.810320497,0.96955806,0
16383,zero_path,1,20,0,0,0,0
16383,zero_path,1,21,0.5,0.5,0.5,0
16383,zero_path,1,22,0.5,0.5,0.5,0
16383,zero_path,1,23,0,0,0,0
16383,zero_path,1,24,1,1,1,0
16383,zero_path,1,25,0,0,0,0
16383,zero_path,1,26,0.813540936,0.813540936,0.813540936,0
16383,zero_path,1,28,-0.577350259,-0,-0.816496611,1
16383,zero_path,1,29,0.0891867131,0.0891867131,0.0891867131,0
16383,zero_path,1,31,0.0795774683,0.0795774683,0.0795774683,0
16383,zero_path,2,0,0,0,0.0500000007,1.39999998
16383,zero_path,2,6,0,0,0,0
16383,zero_path,2,7,0,0,0,0
16383,zero_path,2,8,0.769001842,0.769001842,0.769001842,0
16383,zero_path,2,9,0,0,0,0
16383,zero_path,2,10,0.226757482,0.226757482,0.226757482,0
16383,zero_path,2,11,0,0,0,0
16383,zero_path,2,12,0,0,0,0
16383,zero_path,2,16,0.807749569,0.807749569,0.807749569,0
16383,zero_path,2,18,85.4702911,150.582535,41.2175789,0
16383,zero_path,2,19,0.121571071,0.810320497,0.96955806,0
16383,zero_path,2,20,0,0,0,0
16383,zero_path,2,21,0.5,0.5,0.5,0
16383,zero_path,2,22,0.5,0.5,0.5,0
16383,zero_path,2,23,0,0,0,0
16383,zero_path,2,24,1,1,1,0
16383,zero_path,2,25,0,0,0,0
16383,zero_path,2,26,0.807749569,0.807749569,0.807749569,0
16383,zero_path,2,28,-0.290593266,-0,-0.956846654,1
16383,zero_path,2,29,0.0407918878,0.0407918878,0.0407918878,0
16383,zero_path,2,31,0.0795774683,0.0795774683,0.0795774683,0
16383,zero_path,3,0,0,0,0.0500000007,1.39999998
16383,zero_path,3,6,0,0,0,0
16383,zero_path,3,7,0,0,0,0
16383,zero_path,3,8,0.661171973,0.661171973,0.661171973,0
16383,zero_path,3,9,0,0,0,0
16383,zero_path,3,10,0.196952671,0.196952671,0.196952671,0
16383,zero_path,3,11,0,0,0,0
16383,zero_path,3,12,0,0,0,0
16383,zero_path,3,16,0.834707022,0.834707022,0.834707022,0
16383,zero_path,3,18,85.4702911,150.582535,41.2175789,0
16383,zero_path,3,19,0.121571071,0.810320497,0.96955806,0
16383,zero_path,3,20,0,0,0,0
16383,zero_path,3,21,0.5,0.5,0.5,0
16383,zero_path,3,22,0.5,0.5,0.5,0
16383,zero_path,3,23,0,0,0,0
16383,zero_path,3,24,1,1,1,0
16383,zero_path,3,25,0,0,0,0
16383,zero_path,3,26,0.834707022,0.834707022,0.834707022,0
16383,zero_path,3,28,-0,-0.663324952,-0.748331487,1
16383,zero_path,3,29,0.57159251,0.57159251,0.57159251,0
16383,zero_path,3,31,0.0795774683,0.0795774683,0.0795774683,0
16383,zero_path,4,0,0,0,0.0500000007,1.39999998
16383,zero_path,4,6,0,0,0,0
16383,zero_path,4,7,0,0,0,0
16383,zero_path,4,8,0.745850444,0.745850444,0.745850444,0
16383,zero_path,4,9,0,0,0,0
16383,zero_path,4,10,0.220082745,0.220082745,0.220082745,0
16383,zero_path,4,11,0,0,0,0
16383,zero_path,4,12,0,0,0,0
16383,zero_path,4,16,0.813537419,0.813537419,0.813537419,0
16383,zero_path,4,18,85.4702911,150.582535,41.2175789,0
16383,zero_path,4,19,0.121571071,0.810320497,0.96955806,0
16383,zero_path,4,20,0,0,0,0
16383,zero_path,4,21,0.5,0.5,0.5,0
16383,zero_path,4,22,0.5,0.5,0.5,0
16383,zero_path,4,23,0,0,0,0
16383,zero_path,4,24,1,1,1,0
16383,zero_path,4,25,0,0,0,0
16383,zero_path,4,26,0.813537419,0.813537419,0.813537419,0
16383,zero_path,4,28,-0,-0.577350259,-0.816496611,1
16383,zero_path,4,29,0.0891867131,0.0891867131,0.0891867131,0
16383,zero_path,4,31,0.0795774683,0.0795774683,0.0795774683,0
16383,zero_path,5,0,0,0,0.0500000007,1.39999998
16383,zero_path,5,6,0,0,0,0
16383,zero_path,5,7,0,0,0,0
16383,zero_path,5,8,0.769008934,0.769008934,0.769008934,0
16383,zero_path,5,9,0,0,0,0
16383,zero_path,5,10,0.234708279,0.234708279,0.234708279,0
16383,zero_path,5,11,0,0,0,0
16383,zero_path,5,12,0,0,0,0
16383,zero_path,5,16,0.807747781,0.807747781,0.807747781,0
16383,zero_path,5,18,85.4702911,150.582535,41.2175789,0
16383,zero_path,5,19,0.121571071,0.810320497,0.96955806,0
16383,zero_path,5,20,0,0,0,0
16383,zero_path,5,21,0.5,0.5,0.5,0
16383,zero_path,5,22,0.5,0.5,0.5,0
16383,zero_path,5,23,0,0,0,0
16383,zero_path,5,24,1,1,1,0
16383,zero_path,5,25,0,0,0,0
16383,zero_path,5,26,0.807747781,0.807747781,0.807747781,0
16383,zero_path,5,28,-0,-0.290593266,-0.956846654,1
16383,zero_path,5,29,0.0407918878,0.0407918878,0.0407918878,0
16383,zero_path,5,31,0.0795774683,0.0795774683,0.0795774683,0
16383,clamps_low,0,0,0,0,0,1
16383,clamps_low,0,6,0,0,0,0
16383,clamps_low,0,7,0,0,0,0
16383,clamps_low,0,8,0.660797596,0.660797596,0.660797596,0
16383,clamps_low,0,9,0,0,0,0
16383,clamps_low,0,10,0.194106743,0.194106743,0.194106743,0
16383,clamps_low,0,11,0,0,0,0
16383,clamps_low,0,12,0,0,0,0
16383,clamps_low,0,16,0.834800601,0.834800601,0.834800601,0
16383,clamps_low,0,18,0,0,0,0
16383,clamps_low,0,19,1,1,1,0
16383,clamps_low,0,20,1,1,1,0
16383,clamps_low,0,21,0,0,0,0
16383,clamps_low,0,22,0,0,0,0
16383,clamps_low,0,23,0,0,0,0
16383,clamps_low,0,24,1,1,1,0
16383,clamps_low,0,25,0,0,0,0
16383,clamps_low,0,26,0.834800601,0.834800601,0.834800601,0
16383,clamps_low,0,28,-0.663324952,-0,-0.748331487,1
16383,clamps_low,0,29,0.57159251,0.57159251,0.57159251,0
16383,clamps_low,0,31,0.0795774683,0.0795774683,0.0795774683,0
16383,clamps_low,1,0,0,0,0,1
16383,clamps_low,1,6,0,0,0,0
16383,clamps_low,1,7,0,0,0,0
16383,clamps_low,1,8,0.745836258,0.745836258,0.745836258,0
16383,clamps_low,1,9,0,0,0,0
16383,clamps_low,1,10,0.217720494,0.217720494,0.217720494,0
16383,clamps_low,1,11,0,0,0,0
16383,clamps_low,1,12,0,0,0,0
16383,clamps_low,1,16,0.813540936,0.813540936,0.813540936,0
16383,clamps_low,1,18,0,0,0,0
16383,clamps_low,1,19,1,1,1,0
16383,clamps_low,1,20,1,1,1,0
16383,clamps_low,1,21,0,0,0,0
16383,clamps_low,1,22,0,0,0,0
16383,clamps_low,1,23,0,0,0,0
16383,clamps_low,1,24,1,1,1,0
16383,clamps_low,1,25,0,0,0,0
16383,clamps_low,1,26,0.813540936,0.813540936,0.813540936,0
16383,clamps_low,1,28,-0.577350259,-0,-0.816496611,1
16383,clamps_low,1,29,0.0891867131,0.0891867131,0.0891867131,0
16383,clamps_low,1,31,0.0795774683,0.0795774683,0.0795774683,0
16383,clamps_low,2,0,0,0,0,1
16383,clamps_low,2,6,0,0,0,0
16383,clamps_low,2,7,0,0,0,0
16383,clamps_low,2,8,0.769001842,0.769001842,0.769001842,0
16383,clamps_low,2,9,0,0,0,0
16383,clamps_low,2,10,0.226757482,0.226757482,0.226757482,0
16383,clamps_low,2,11,0,0,0,0
16383,clamps_low,2,12,0,0,0,0
16383,clamps_low,2,16,0.807749569,0.807749569,0.807749569,0
16383,clamps_low,2,18,0,0,0,0
16383,clamps_low,2,19,1,1,1,0
16383,clamps_low,2,20,1,1,1,0
16383,clamps_low,2,21,0,0,0,0
16383,clamps_low,2,22,0,0,0,0
16383,clamps_low,2,23,0,0,0,0
16383,clamps_low,2,24,1,1,1,0
16383,clamps_low,2,25,0,0,0,0
16383,clamps_low,2,26,0.807749569,0.807749569,0.807749569,0
16383,clamps_low,2,28,-0.290593266,-0,-0.956846654,1
16383,clamps_low,2,29,0.0407918878,0.0407918878,0.0407918878,0
16383,clamps_low,2,31,0.0795774683,0.0795774683,0.0795774683,0
16383,clamps_low,3,0,0,0,0,1
16383,clamps_low,3,6,0,0,0,0
16383,clamps_low,3,7,0,0,0,0
16383,clamps_low,3,8,0.661171973,0.661171973,0.661171973,0
16383,clamps_low,3,9,0,0,0,0
16383,clamps_low,3,10,0.196952671,0.196952671,0.196952671,0
16383,clamps_low,3,11,0,0,0,0
16383,clamps_low,3,12,0,0,0,0
16383,clamps_low,3,16,0.834707022,0.834707022,0.834707022,0
16383,clamps_low,3,18,0,0,0,0
16383,clamps_low,3,19,1,1,1,0
16383,clamps_low,3,20,1,1,1,0
16383,clamps_low,3,21,0,0,0,0
16383,clamps_low,3,22,0,0,0,0
16383,clamps_low,3,23,0,0,0,0
16383,clamps_low,3,24,1,1,1,0
16383,clamps_low,3,25,0,0,0,0
16383,clamps_low,3,26,0.834707022,0.834707022,0.834707022,0
16383,clamps_low,3,28,-0,-0.663324952,-0.748331487,1
16383,clamps_low,3,29,0.57159251,0.57159251,0.57159251,0
16383,clamps_low,3,31,0.0795774683,0.0795774683,0.0795774683,0
16383,clamps_low,4,0,0,0,0,1
16383,clamps_low,4,6,0,0,0,0
16383,clamps_low,4,7,0,0,0,0
16383,clamps_low,4,8,0.745850444,0.745850444,0.745850444,0
16383,clamps_low,4,9,0,0,0,0
16383,clamps_low,4,10,0.220082745,0.220082745,0.220082745,0
16383,clamps_low,4,11,0,0,0,0
16383,clamps_low,4,12,0,0,0,0
16383,clamps_low,4,16,0.813537419,0.813537419,0.813537419,0
16383,clamps_low,4,18,0,0,0,0
16383,clamps_low,4,19,1,1,1,0
16383,clamps_low,4,20,1,1,1,0
16383,clamps_low,4,21,0,0,0,0
16383,clamps_low,4,22,0,0,0,0
16383,clamps_low,4,23,0,0,0,0
16383,clamps_low,4,24,1,1,1,0
16383,clamps_low,4,25,0,0,0,0
16383,clamps_low,4,26,0.813537419,0.813537419,0.813537419,0
16383,clamps_low,4,28,-0,-0.577350259,-0.816496611,1
16383,clamps_low,4,29,0.0891867131,0.0891867131,0.0891867131,0
16383,clamps_low,4,31,0.0795774683,0.0795774683,0.0795774683,0
16383,clamps_low,5,0,0,0,0,1
16383,clamps_low,5,6,0,0,0,0
16383,clamps_low,5,7,0,0,0,0
16383,clamps_low,5,8,0.769008934,0.769008934,0.769008934,0
16383,clamps_low,5,9,0,0,0,0
16383,clamps_low,5,10,0.234708279,0.234708279,0.234708279,0
16383,clamps_low,5,11,0,0,0,0
16383,clamps_low,5,12,0,0,0,0
16383,clamps_low,5,16,0.807747781,0.807747781,0.807747781,0
16383,clamps_low,5,18,0,0,0,0
16383,clamps_low,5,19,1,1,1,0
16383,clamps_low,5,20,1,1,1,0
16383,clamps_low,5,21,0,0,0,0
16383,clamps_low,5,22,0,0,0,0
16383,clamps_low,5,23,0,0,0,0
16383,clamps_low,5,24,1,1,1,0
16383,clamps_low,5,25,0,0,0,0
16383,clamps_low,5,26,0.807747781,0.807747781,0.807747781,0
16383,clamps_low,5,28,-0,-0.290593266,-0.956846654,1
16383,clamps_low,5,29,0.0407918878,0.0407918878,0.0407918878,0
16383,clamps_low,5,31,0.0795774683,0.0795774683,0.0795774683,0
16383,clamps_high_white_furnace,0,0,1,1,0.200000003,3
16383,clamps_high_white_furnace,0,6,0.738163948,0.738163948,0.738163948,0
16383,clamps_high_white_furnace,0,7,0.825996995,0.825996995,0.825996995,1
16383,clamps_high_white_furnace,0,8,0,0,0,0
16383,clamps_high_white_furnace,0,9,0,0,0,0
16383,clamps_high_white_furnace,0,10,0.00288025523,0.00288025523,0.00288025523,0
16383,clamps_high_white_furnace,0,11,0,0,0,0
16383,clamps_high_white_furnace,0,12,0,0,0,0
16383,clamps_high_white_furnace,0,16,1,1,1,0
16383,clamps_high_white_furnace,0,18,0,0,0.00019906112,0
16383,clamps_high_white_furnace,0,19,1,1,2.50147764e-07,0
16383,clamps_high_white_furnace,0,20,1,1,0,0
16383,clamps_high_white_furnace,0,21,0,0,0,0
16383,clamps_high_white_furnace,0,22,0,0,0,0
16383,clamps_high_white_furnace,0,23,0,0,0,0
16383,clamps_high_white_furnace,0,24,1,1,1,0
16383,clamps_high_white_furnace,0,25,0,0,0,0
16383,clamps_high_white_furnace,0,26,1,1,1,0
16383,clamps_high_white_furnace,0,28,-0.663324952,-0,-0.748331487,1
16383,clamps_high_white_furnace,0,29,0.57159251,0.57159251,0.57159251,0
16383,clamps_high_white_furnace,0,31,0.0795774683,0.0795774683,0.0795774683,0
16383,clamps_high_white_furnace,1,0,1,1,0.200000003,3
16383,clamps_high_white_furnace,1,6,0.891611159,0.891611159,0.891611159,0
16383,clamps_high_white_furnace,1,7,0.932295322,0.932295322,0.932295322,1
16383,clamps_high_white_furnace,1,8,0,0,0,0
16383,clamps_high_white_furnace,1,9,0,0,0,0
16383,clamps_high_white_furnace,1,10,0.00188488967,0.00188488967,0.00188488967,0
16383,clamps_high_white_furnace,1,11,0,0,0,0
16383,clamps_high_white_furnace,1,12,0,0,0,0
16383,clamps_high_white_furnace,1,16,1,1,1,0
16383,clamps_high_white_furnace,1,18,0,0,0.00019906112,0
16383,clamps_high_white_furnace,1,19,1,1,2.50147764e-07,0
16383,clamps_high_white_furnace,1,20,1,1,0,0
16383,clamps_high_white_furnace,1,21,0,0,0,0
16383,clamps_high_white_furnace,1,22,0,0,0,0
16383,clamps_high_white_furnace,1,23,0,0,0,0
16383,clamps_high_white_furnace,1,24,1,1,1,0
16383,clamps_high_white_furnace,1,25,0,0,0,0
16383,clamps_high_white_furnace,1,26,1,1,1,0
16383,clamps_high_white_furnace,1,28,-0.577350259,-0,-0.816496611,1
16383,clamps_high_white_furnace,1,29,0.0891867131,0.0891867131,0.0891867131,0
16383,clamps_high_white_furnace,1,31,0.0795774683,0.0795774683,0.0795774683,0
16383,clamps_high_white_furnace,2,0,1,1,0.200000003,3
16383,clamps_high_white_furnace,2,6,0.950719893,0.950719893,0.950719893,0
16383,clamps_high_white_furnace,2,7,0.961252272,0.961252272,0.961252272,1
16383,clamps_high_white_furnace,2,8,0,0,0,0
16383,clamps_high_white_furnace,2,9,0,0,0,0
16383,clamps_high_white_furnace,2,10,0.00421805214,0.00421805214,0.00421805214,0
16383,clamps_high_white_furnace,2,11,0,0,0,0
16383,clamps_high_white_furnace,2,12,0,0,0,0
16383,clamps_high_white_furnace,2,16,1,1,1,0
16383,clamps_high_white_furnace,2,18,0,0,0.00019906112,0
16383,clamps_high_white_furnace,2,19,1,1,2.50147764e-07,0
16383,clamps_high_white_furnace,2,20,1,1,0,0
16383,clamps_high_white_furnace,2,21,0,0,0,0
16383,clamps_high_white_furnace,2,22,0,0,0,0
16383,clamps_high_white_furnace,2,23,0,0,0,0
16383,clamps_high_white_furnace,2,24,1,1,1,0
16383,clamps_high_white_furnace,2,25,0,0,0,0
16383,clamps_high_white_furnace,2,26,1,1,1,0
16383,clamps_high_white_furnace,2,28,-0.290593266,-0,-0.956846654,1
16383,clamps_high_white_furnace,2,29,0.0407918878,0.0407918878,0.0407918878,0
16383,clamps_high_white_furnace,2,31,0.0795774683,0.0795774683,0.0795774683,0
16383,clamps_high_white_furnace,3,0,1,1,0.200000003,3
16383,clamps_high_white_furnace,3,6,0.722193062,0.722193062,0.722193062,0
16383,clamps_high_white_furnace,3,7,0.826464951,0.826464951,0.826464951,1
16383,clamps_high_white_furnace,3,8,0,0,0,0
16383,clamps_high_white_furnace,3,9,0,0,0,0
16383,clamps_high_white_furnace,3,10,0.00561784161,0.00561784161,0.00561784161,0
16383,clamps_high_white_furnace,3,11,0,0,0,0
16383,clamps_high_white_furnace,3,12,0,0,0,0
16383,clamps_high_white_furnace,3,16,1,1,1,0
16383,clamps_high_white_furnace,3,18,0,0,0.00019906112,0
16383,clamps_high_white_furnace,3,19,1,1,2.50147764e-07,0
16383,clamps_high_white_furnace,3,20,1,1,0,0
16383,clamps_high_white_furnace,3,21,0,0,0,0
16383,clamps_high_white_furnace,3,22,0,0,0,0
16383,clamps_high_white_furnace,3,23,0,0,0,0
16383,clamps_high_white_furnace,3,24,1,1,1,0
16383,clamps_high_white_furnace,3,25,0,0,0,0
16383,clamps_high_white_furnace,3,26,1,1,1,0
16383,clamps_high_white_furnace,3,28,-0,-0.663324952,-0.748331487,1
16383,clamps_high_white_furnace,3,29,0.57159251,0.57159251,0.57159251,0
16383,clamps_high_white_furnace,3,31,0.0795774683,0.0795774683,0.0795774683,0
16383,clamps_high_white_furnace,4,0,1,1,0.200000003,3
16383,clamps_high_white_furnace,4,6,0.884354949,0.884354949,0.884354949,0
16383,clamps_high_white_furnace,4,7,0.932313025,0.932313025,0.932313025,1
16383,clamps_high_white_furnace,4,8,0,0,0,0
16383,clamps_high_white_furnace,4,9,0,0,0,0
16383,clamps_high_white_furnace,4,10,0.00424304185,0.00424304185,0.00424304185,0
16383,clamps_high_white_furnace,4,11,0,0,0,0
16383,clamps_high_white_furnace,4,12,0,0,0,0
16383,clamps_high_white_furnace,4,16,1,1,1,0
16383,clamps_high_white_furnace,4,18,0,0,0.00019906112,0
16383,clamps_high_white_furnace,4,19,1,1,2.50147764e-07,0
16383,clamps_high_white_furnace,4,20,1,1,0,0
16383,clamps_high_white_furnace,4,21,0,0,0,0
16383,clamps_high_white_furnace,4,22,0,0,0,0
16383,clamps_high_white_furnace,4,23,0,0,0,0
16383,clamps_high_white_furnace,4,24,1,1,1,0
16383,clamps_high_white_furnace,4,25,0,0,0,0
16383,clamps_high_white_furnace,4,26,1,1,1,0
16383,clamps_high_white_furnace,4,28,-0,-0.577350259,-0.816496611,1
16383,clamps_high_white_furnace,4,29,0.0891867131,0.0891867131,0.0891867131,0
16383,clamps_high_white_furnace,4,31,0.0795774683,0.0795774683,0.0795774683,0
16383,clamps_high_white_furnace,5,0,1,1,0.200000003,3
16383,clamps_high_white_furnace,5,6,0.948228776,0.948228776,0.948228776,0
16383,clamps_high_white_furnace,5,7,0.961261153,0.961261153,0.961261153,1
16383,clamps_high_white_furnace,5,8,0,0,0,0
16383,clamps_high_white_furnace,5,9,0,0,0,0
16383,clamps_high_white_furnace,5,10,0.0121668,0.0121668,0.0121668,0
16383,clamps_high_white_furnace,5,11,0,0,0,0
16383,clamps_high_white_furnace,5,12,0.0370328464,0.0370328464,0.0370328464,0
16383,clamps_high_white_furnace,5,16,1,1,1,0
16383,clamps_high_white_furnace,5,18,0,0,0.00019906112,0
16383,clamps_high_white_furnace,5,19,1,1,2.50147764e-07,0
16383,clamps_high_white_furnace,5,20,1,1,0,0
16383,clamps_high_white_furnace,5,21,0,0,0,0
16383,clamps_high_white_furnace,5,22,0,0,0,0
16383,clamps_high_white_furnace,5,23,0,0,0,0
16383,clamps_high_white_furnace,5,24,1,1,1,0
16383,clamps_high_white_furnace,5,25,0,0,0,0
16383,clamps_high_white_furnace,5,26,1,1,1,0
16383,clamps_high_white_furnace,5,28,-0,-0.290593266,-0.956846654,1
16383,clamps_high_white_furnace,5,29,0.0407918878,0.0407918878,0.0407918878,0
16383,clamps_high_white_furnace,5,31,0.0795774683,0.0795774683,0.0795774683,0
16383,glass_thin_film,0,0,1,0,0.0500000007,1.39999998
16383,glass_thin_film,0,6,0.817626894,0.817767084,0.789717615,0
16383,glass_thin_film,0,7,0.80499351,0.805143893,0.780993044,1
16383,glass_thin_film,0,8,0,0,0,0
16383,glass_thin_film,0,9,0,0,0,0
16383,glass_thin_film,0,10,0.00024433923,0.00147381146,0.00186691619,0
16383,glass_thin_film,0,11,0,0,0,0
16383,glass_thin_film,0,12,0,0,0,0
16383,glass_thin_film,0,16,0.904983401,0.904965639,0.907816291,0
16383,glass_thin_film,0,18,85.4702911,150.582535,41.2175789,0
16383,glass_thin_film,0,19,0.121571071,0.810320497,0.96955806,0
16383,glass_thin_film,0,20,0,0,0,0
16383,glass_thin_film,0,21,0.5,0.5,0.5,0
16383,glass_thin_film,0,22,0.5,0.5,0.5,0
16383,glass_thin_film,0,23,0,0,0,0
16383,glass_thin_film,0,24,0.49658531,0.49658531,0.49658531,0
16383,glass_thin_film,0,25,0.251707345,0.251707345,0.251707345,0
16383,glass_thin_film,0,26,0.701108813,0.701099992,0.702515602,0
16383,glass_thin_film,0,28,-0.663324952,-0,-0.748331487,1
16383,glass_thin_film,0,29,0.443954825,0.451870322,0.480144113,0
16383,glass_thin_film,0,31,0.0795774683,0.0795774683,0.0795774683,0
16383,glass_thin_film,1,0,1,0,0.0500000007,1.39999998
16383,glass_thin_film,1,6,0.949426949,0.947651625,0.915517271,0
16383,glass_thin_film,1,7,0.876606345,0.874783576,0.849074423,1
16383,glass_thin_film,1,8,0,0,0,0
16383,glass_thin_film,1,9,0,0,0,0
16383,glass_thin_film,1,10,0.000265864568,0.00113134878,0.00082676654,0
16383,glass_thin_film,1,11,0,0,0,0
16383,glass_thin_film,1,12,0,0,0,0
16383,glass_thin_film,1,16,0.896530688,0.896745801,0.899780393,0
16383,glass_thin_film,1,18,85.4702911,150.582535,41.2175789,0
16383,glass_thin_film,1,19,0.121571071,0.810320497,0.96955806,0
16383,glass_thin_film,1,20,0,0,0,0
16383,glass_thin_film,1,21,0.5,0.5,0.5,0
16383,glass_thin_film,1,22,0.5,0.5,0.5,0
16383,glass_thin_film,1,23,0,0,0,0
16383,glass_thin_film,1,24,0.49658531,0.49658531,0.49658531,0
16383,glass_thin_film,1,25,0.251707345,0.251707345,0.251707345,0
16383,glass_thin_film,1,26,0.696911275,0.697018147,0.698525071,0
16383,glass_thin_film,1,28,-0.577350259,-0,-0.816496611,1
16383,glass_thin_film,1,29,0.0293431431,0.0238693487,0.0660391375,0
16383,glass_thin_film,1,31,0.0795774683,0.0795774683,0.0795774683,0
16383,glass_thin_film,2,0,1,0,0.0500000007,1.39999998
16383,glass_thin_film,2,6,0.990567625,0.972685814,0.967513382,0
16383,glass_thin_film,2,7,0.891061902,0.875244796,0.873197615,1
16383,glass_thin_film,2,8,0,0,0,0
16383,glass_thin_film,2,9,0,0,0,0
16383,glass_thin_film,2,10,0.000911615556,0.00291650719,0.0012555666,0
16383,glass_thin_film,2,11,0,0,0,0
16383,glass_thin_film,2,12,0,0,0,0
16383,glass_thin_film,2,16,0.894824445,0.896691382,0.896933019,0
16383,glass_thin_film,2,18,85.4702911,150.582535,41.2175789,0
16383,glass_thin_film,2,19,0.121571071,0.810320497,0.96955806,0
16383,glass_thin_film,2,20,0,0,0,0
16383,glass_thin_film,2,21,0.5,0.5,0.5,0
16383,glass_thin_film,2,22,0.5,0.5,0.5,0
16383,glass_thin_film,2,23,0,0,0,0
16383,glass_thin_film,2,24,0.49658531,0.49658531,0.49658531,0
16383,glass_thin_film,2,25,0.251707345,0.251707345,0.251707345,0
16383,glass_thin_film,2,26,0.696063995,0.696991086,0.69711113,0
16383,glass_thin_film,2,28,-0.290593266,-0,-0.956846654,1
16383,glass_thin_film,2,29,0.00347371236,0.0249025729,0.0231603794,0
16383,glass_thin_film,2,31,0.0795774683,0.0795774683,0.0795774683,0
16383,glass_thin_film,3,0,1,0,0.0500000007,1.39999998
16383,glass_thin_film,3,6,0.801106334,0.801546931,0.773287058,0
16383,glass_thin_film,3,7,0.805094659,0.805511415,0.781100631,1
16383,glass_thin_film,3,8,0,0,0,0
16383,glass_thin_film,3,9,0,0,0,0
16383,glass_thin_film,3,10,0.000559995475,0.00167045521,0.00493438961,0
16383,glass_thin_film,3,11,0,0,0,0
16383,glass_thin_film,3,12,0,0,0,0
16383,glass_thin_film,3,16,0.90497148,0.904922307,0.907803595,0
16383,glass_thin_film,3,18,85.4702911,150.582535,41.2175789,0
16383,glass_thin_film,3,19,0.121571071,0.810320497,0.96955806,0
16383,glass_thin_film,3,20,0,0,0,0
16383,glass_thin_film,3,21,0.5,0.5,0.5,0
16383,glass_thin_film,3,22,0.5,0.5,0.5,0
16383,glass_thin_film,3,23,0,0,0,0
16383,glass_thin_film,3,24,0.49658531,0.49658531,0.49658531,0
16383,glass_thin_film,3,25,0.251707345,0.251707345,0.251707345,0
16383,glass_thin_film,3,26,0.701102912,0.701078475,0.702509284,0
16383,glass_thin_film,3,28,-0,-0.663324952,-0.748331487,1
16383,glass_thin_film,3,29,0.443954825,0.451870322,0.480144113,0
16383,glass_thin_film,3,31,0.0795774683,0.0795774683,0.0795774683,0
16383,glass_thin_film,4,0,1,0,0.0500000007,1.39999998
16383,glass_thin_film,4,6,0.941851616,0.940222383,0.908123851,0
16383,glass_thin_film,4,7,0.876610994,0.874791324,0.849085212,1
16383,glass_thin_film,4,8,0,0,0,0
16383,glass_thin_film,4,9,0,0,0,0
16383,glass_thin_film,4,10,0.000197425819,0.00199574372,0.00318241608,0
16383,glass_thin_film,4,11,0,0,0,0
16383,glass_thin_film,4,12,0,0,0,0
16383,glass_thin_film,4,16,0.896530092,0.896744907,0.899779081,0
16383,glass_thin_film,4,18,85.4702911,150.582535,41.2175789,0
16383,glass_thin_film,4,19,0.121571071,0.810320497,0.96955806,0
16383,glass_thin_film,4,20,0,0,0,0
16383,glass_thin_film,4,21,0.5,0.5,0.5,0
16383,glass_thin_film,4,22,0.5,0.5,0.5,0
16383,glass_thin_film,4,23,0,0,0,0
16383,glass_thin_film,4,24,0.49658531,0.49658531,0.49658531,0
16383,glass_thin_film,4,25,0.251707345,0.251707345,0.251707345,0
16383,glass_thin_film,4,26,0.696911037,0.69701767,0.698524415,0
16383,glass_thin_film,4,28,-0,-0.577350259,-0.816496611,1
16383,glass_thin_film,4,29,0.0293431431,0.0238693487,0.0660391375,0
16383,glass_thin_film,4,31,0.0795774683,0.0795774683,0.0795774683,0
16383,glass_thin_film,5,0,1,0,0.0500000007,1.39999998
16383,glass_thin_film,5,6,0.987944603,0.970020652,0.964968324,0
16383,glass_thin_film,5,7,0.891061902,0.875247955,0.873205066,1
16383,glass_thin_film,5,8,0,0,0,0
16383,glass_thin_film,5,9,0,0,0,0
16383,glass_thin_film,5,10,0.0016110359,0.00802942645,0.00540384045,0
16383,glass_thin_film,5,11,0,0,0,0
16383,glass_thin_film,5,12,0.0361008756,0.0365257375,0.0352360047,0
16383,glass_thin_film,5,16,0.894824386,0.896691024,0.896932125,0
16383,glass_thin_film,5,18,85.4702911,150.582535,41.2175789,0
16383,glass_thin_film,5,19,0.121571071,0.810320497,0.96955806,0
16383,glass_thin_film,5,20,0,0,0,0
16383,glass_thin_film,5,21,0.5,0.5,0.5,0
16383,glass_thin_film,5,22,0.5,0.5,0.5,0
16383,glass_thin_film,5,23,0,0,0,0
16383,glass_thin_film,5,24,0.49658531,0.49658531,0.49658531,0
16383,glass_thin_film,5,25,0.251707345,0.251707345,0.251707345,0
16383,glass_thin_film,5,26,0.696063995,0.696990907,0.697110653,0
16383,glass_thin_film,5,28,-0,-0.290593266,-0.956846654,1
16383,glass_thin_film,5,29,0.00347371236,0.0249025729,0.0231603794,0
16383,glass_thin_film,5,31,0.0795774683,0.0795774683,0.0795774683,0
