{"nodes":{"node:1000":{"location":{"x":656,"y":96}},"node:1001":{"location":{"x":544,"y":192}},"node:1002":{"location":{"x":336,"y":256}},"node:1003":{"location":{"x":288,"y":112}}},"selection":null,"view":{"scroll":{"x":350.999755859375,"y":97.9999542236328125},"visible_rect":{"max":{"x":1027.3333740234375,"y":370.666717529296875},"min":{"x":233.999893188476562,"y":65.33331298828125}},"zoom":1.49999964237213135}}