{"nodes":{"node:11510013286644868778":{"location":{"x":416,"y":208}},"node:14495123272126177779":{"location":{"x":368,"y":0}},"node:9408970092710530499":{"location":{"x":352,"y":80}},"node:9873224100154867216":{"location":{"x":560,"y":96}}},"selection":null,"view":{"scroll":{"x":34.7500762939453125,"y":16.5001678466796875},"visible_rect":{"max":{"x":816.5001220703125,"y":316.333465576171875},"min":{"x":23.166717529296875,"y":11.0001125335693359}},"zoom":1.5}}