{"nodes":{"node:1000":{"location":{"x":352,"y":112}},"node:1001":{"location":{"x":800,"y":176}}},"selection":null,"view":{"scroll":{"x":357.18939208984375,"y":57.0548248291015625},"visible_rect":{"max":{"x":1237.751708984375,"y":412.04388427734375},"min":{"x":285.75152587890625,"y":45.6438636779785156}},"zoom":1.24999988079071045}}