{"nodes":{"node:1000":{"location":{"x":272,"y":112}}},"selection":null,"view":{"scroll":{"x":252.12554931640625,"y":46.9394645690917969},"visible_rect":{"max":{"x":1153.700439453125,"y":403.951568603515625},"min":{"x":201.700439453125,"y":37.5515708923339844}},"zoom":1.25}}