{"nodes":{"node:1000":{"location":{"x":48,"y":128}},"node:1001":{"location":{"x":608,"y":112}},"node:1002":{"location":{"x":160,"y":240}},"node:1003":{"location":{"x":240,"y":96}},"node:1004":{"location":{"x":160,"y":32}}},"selection":null,"view":{"scroll":{"x":-85.000030517578125,"y":-39.6666717529296875},"visible_rect":{"max":{"x":1105,"y":418.33331298828125},"min":{"x":-85.000030517578125,"y":-39.6666717529296875}},"zoom":1}}