{"nodes":{"node:11510013286644868778":{"location":{"x":32,"y":80}},"node:14495123272126177779":{"location":{"x":256,"y":-64}},"node:9408970092710530499":{"location":{"x":32,"y":0}},"node:9873224100154867216":{"location":{"x":432,"y":32}}},"selection":null,"view":{"scroll":{"x":-410.83514404296875,"y":-141.170562744140625},"visible_rect":{"max":{"x":623.3319091796875,"y":253.463546752929688},"min":{"x":-328.668121337890625,"y":-112.936454772949219}},"zoom":1.25}}