{"nodes":{"node:1000":{"location":{"x":560,"y":0}},"node:1001":{"location":{"x":496,"y":144}},"node:1002":{"location":{"x":288,"y":96}},"node:1003":{"location":{"x":400,"y":48}}},"selection":["node:1000"],"view":{"scroll":{"x":149.83599853515625,"y":-48.49359130859375},"visible_rect":{"max":{"x":1071.8687744140625,"y":327.605133056640625},"min":{"x":119.868797302246094,"y":-38.7948722839355469}},"zoom":1.25}}