{"nodes":{"node:1000":{"location":{"x":512,"y":48}},"node:1001":{"location":{"x":496,"y":192}},"node:1002":{"location":{"x":192,"y":160}},"node:1003":{"location":{"x":128,"y":32}}},"selection":null,"view":{"scroll":{"x":3.3999474048614502,"y":23.8999423980712891},"visible_rect":{"max":{"x":795.60009765625,"y":321.266693115234375},"min":{"x":2.266632080078125,"y":15.9332981109619141}},"zoom":1.49999964237213135}}