{"nodes":{"node:1000":{"location":{"x":512,"y":48}},"node:1001":{"location":{"x":496,"y":192}},"node:1002":{"location":{"x":192,"y":160}},"node:1003":{"location":{"x":128,"y":32}}},"selection":null,"view":{"scroll":{"x":3.3999934196472168,"y":23.8999729156494141},"visible_rect":{"max":{"x":795.60009765625,"y":321.266693115234375},"min":{"x":2.26666259765625,"y":15.9333171844482422}},"zoom":1.4999997615814209}}