{"nodes":{"node:1000":{"location":{"x":640,"y":48}},"node:1001":{"location":{"x":576,"y":128}},"node:1002":{"location":{"x":800,"y":160}},"node:1003":{"location":{"x":624,"y":256}},"node:1004":{"location":{"x":912,"y":64}},"node:1005":{"location":{"x":960,"y":112}}},"selection":null,"view":{"scroll":{"x":438.726409912109375,"y":30.9332733154296875},"visible_rect":{"max":{"x":1338.7265625,"y":506.933349609375},"min":{"x":438.726470947265625,"y":30.9332771301269531}},"zoom":0.999999880790710449}}