{"nodes":{"node:1000":{"location":{"x":640,"y":48}},"node:1001":{"location":{"x":736,"y":256}},"node:1002":{"location":{"x":880,"y":272}},"node:1003":{"location":{"x":624,"y":224}},"node:1004":{"location":{"x":896,"y":48}},"node:1005":{"location":{"x":1056,"y":144}},"node:1006":{"location":{"x":0,"y":0}}},"selection":["node:1001"],"view":{"scroll":{"x":100.567779541015625,"y":1.80515289306640625},"visible_rect":{"max":{"x":1000.5677490234375,"y":477.805145263671875},"min":{"x":100.567779541015625,"y":1.80515289306640625}},"zoom":1}}