{"nodes":{"node:1000":{"location":{"x":640,"y":48}},"node:1001":{"location":{"x":736,"y":256}},"node:1002":{"location":{"x":880,"y":272}},"node:1003":{"location":{"x":544,"y":272}},"node:1004":{"location":{"x":896,"y":48}},"node:1005":{"location":{"x":1056,"y":144}},"node:1006":{"location":{"x":0,"y":0}}},"selection":["node:1002"],"view":{"scroll":{"x":72.5677642822265625,"y":-11.8140869140625},"visible_rect":{"max":{"x":972.5677490234375,"y":464.1859130859375},"min":{"x":72.5677642822265625,"y":-11.8140869140625}},"zoom":1}}