{"nodes":{"node:1000":{"location":{"x":640,"y":48}},"node:1001":{"location":{"x":832,"y":128}},"node:1002":{"location":{"x":832,"y":240}},"node:1003":{"location":{"x":624,"y":256}},"node:1004":{"location":{"x":912,"y":64}},"node:1005":{"location":{"x":960,"y":112}},"node:1006":{"location":{"x":512,"y":112}}},"selection":null,"view":{"scroll":{"x":395.5677490234375,"y":-3.39482879638671875},"visible_rect":{"max":{"x":1295.5677490234375,"y":472.60516357421875},"min":{"x":395.5677490234375,"y":-3.39482879638671875}},"zoom":1}}