{"nodes":{"node:1000":{"location":{"x":0,"y":0}},"node:1001":{"location":{"x":64,"y":80}},"node:1002":{"location":{"x":240,"y":64}}},"selection":null,"view":{"scroll":{"x":-4.33441925048828125,"y":-40.397216796875},"visible_rect":{"max":{"x":895.66558837890625,"y":427.602783203125},"min":{"x":-4.33441925048828125,"y":-40.397216796875}},"zoom":1}}