{"nodes":{"node:1000":{"location":{"x":592,"y":32}},"node:1001":{"location":{"x":736,"y":144}},"node:1002":{"location":{"x":464,"y":192}},"node:1003":{"location":{"x":560,"y":112}}},"selection":["node:1003"],"view":{"scroll":{"x":177.857742309570312,"y":84.7666702270507812},"visible_rect":{"max":{"x":1077.85791015625,"y":560.7667236328125},"min":{"x":177.857757568359375,"y":84.7666778564453125}},"zoom":0.999999880790710449}}