{"nodes":{"node:1000":{"location":{"x":112,"y":-64}},"node:1001":{"location":{"x":304,"y":112}},"node:1002":{"location":{"x":672,"y":0}},"node:1003":{"location":{"x":752,"y":128}},"node:1004":{"location":{"x":0,"y":288}},"node:1005":{"location":{"x":256,"y":336}},"node:1006":{"location":{"x":640,"y":304}},"node:1007":{"location":{"x":272,"y":-32}},"node:1008":{"location":{"x":-16,"y":208}}},"selection":null,"view":{"scroll":{"x":-5.650604248046875,"y":-123.885284423828125},"visible_rect":{"max":{"x":715.4794921875,"y":281.6917724609375},"min":{"x":-4.52048349380493164,"y":-99.1082305908203125}},"zoom":1.25}}