{"nodes":{"node:1000":{"location":{"x":112,"y":-64}},"node:1001":{"location":{"x":304,"y":112}},"node:1002":{"location":{"x":672,"y":0}},"node:1003":{"location":{"x":752,"y":128}},"node:1004":{"location":{"x":0,"y":288}},"node:1005":{"location":{"x":256,"y":336}},"node:1006":{"location":{"x":640,"y":304}},"node:1007":{"location":{"x":272,"y":-32}},"node:1008":{"location":{"x":-16,"y":208}},"node:1009":{"location":{"x":112,"y":0}},"node:1010":{"location":{"x":-16,"y":48}},"node:1011":{"location":{"x":-96,"y":112}},"node:1012":{"location":{"x":368,"y":-80}},"node:1013":{"location":{"x":-32,"y":-48}}},"selection":["node:1012"],"view":{"scroll":{"x":-96.2904052734375,"y":-161.785552978515625},"visible_rect":{"max":{"x":1071.61279296875,"y":418.952606201171875},"min":{"x":-128.38720703125,"y":-215.714080810546875}},"zoom":0.75}}