{"nodes":{"node:1000":{"location":{"x":128,"y":-128}},"node:1001":{"location":{"x":304,"y":112}},"node:1002":{"location":{"x":720,"y":-48}},"node:1003":{"location":{"x":752,"y":96}},"node:1004":{"location":{"x":0,"y":288}},"node:1005":{"location":{"x":256,"y":320}},"node:1006":{"location":{"x":640,"y":304}},"node:1007":{"location":{"x":272,"y":-32}},"node:1008":{"location":{"x":-144,"y":208}},"node:1009":{"location":{"x":112,"y":0}},"node:1010":{"location":{"x":0,"y":48}},"node:1011":{"location":{"x":-96,"y":112}},"node:1012":{"location":{"x":368,"y":-80}},"node:1013":{"location":{"x":-32,"y":-48}},"node:1014":{"location":{"x":-80,"y":256}}},"selection":null,"view":{"scroll":{"x":-177.747055053710938,"y":48.0863265991210938},"visible_rect":{"max":{"x":577.8023681640625,"y":419.26904296875},"min":{"x":-142.197647094726562,"y":38.4690628051757812}},"zoom":1.25}}