{"nodes":{"node:1000":{"location":{"x":112,"y":-64}},"node:1001":{"location":{"x":304,"y":112}},"node:1002":{"location":{"x":672,"y":0}},"node:1003":{"location":{"x":752,"y":128}},"node:1004":{"location":{"x":0,"y":288}},"node:1005":{"location":{"x":256,"y":336}},"node:1006":{"location":{"x":640,"y":304}},"node:1007":{"location":{"x":272,"y":-16}},"node:1008":{"location":{"x":-16,"y":208}}},"selection":["node:1003"],"view":{"scroll":{"x":-4.98112106323242188,"y":-123.971969604492188},"visible_rect":{"max":{"x":895.01885986328125,"y":352.02801513671875},"min":{"x":-4.98112106323242188,"y":-123.971969604492188}},"zoom":1}}