{"nodes":{"node:1000":{"location":{"x":112,"y":-48}},"node:1001":{"location":{"x":304,"y":112}},"node:1002":{"location":{"x":736,"y":-48}},"node:1003":{"location":{"x":752,"y":128}},"node:1004":{"location":{"x":0,"y":288}},"node:1005":{"location":{"x":256,"y":320}},"node:1006":{"location":{"x":640,"y":304}},"node:1007":{"location":{"x":272,"y":-32}},"node:1008":{"location":{"x":-144,"y":208}},"node:1009":{"location":{"x":112,"y":0}},"node:1010":{"location":{"x":0,"y":48}},"node:1011":{"location":{"x":-96,"y":112}},"node:1012":{"location":{"x":368,"y":-80}},"node:1013":{"location":{"x":-32,"y":-48}},"node:1014":{"location":{"x":-80,"y":256}}},"selection":["node:1014"],"view":{"scroll":{"x":-267.155975341796875,"y":-59.7379188537597656},"visible_rect":{"max":{"x":843.7919921875,"y":555.01611328125},"min":{"x":-356.207977294921875,"y":-79.6505584716796875}},"zoom":0.75}}