{"nodes":{"node:1000":{"location":{"x":128,"y":-128}},"node:1001":{"location":{"x":304,"y":112}},"node:1002":{"location":{"x":736,"y":-32}},"node:1003":{"location":{"x":752,"y":96}},"node:1004":{"location":{"x":0,"y":288}},"node:1005":{"location":{"x":256,"y":320}},"node:1006":{"location":{"x":640,"y":304}},"node:1007":{"location":{"x":528,"y":-144}},"node:1008":{"location":{"x":-144,"y":208}},"node:1009":{"location":{"x":112,"y":-32}},"node:1010":{"location":{"x":-16,"y":32}},"node:1011":{"location":{"x":-96,"y":112}},"node:1012":{"location":{"x":368,"y":-80}},"node:1013":{"location":{"x":-32,"y":-48}},"node:1014":{"location":{"x":-80,"y":256}},"node:1015":{"location":{"x":720,"y":-112}},"node:1016":{"location":{"x":336,"y":-160}}},"selection":["node:1015"],"view":{"scroll":{"x":5.60345458984375,"y":-174.557037353515625},"visible_rect":{"max":{"x":905.60345458984375,"y":301.442962646484375},"min":{"x":5.60345458984375,"y":-174.557037353515625}},"zoom":1}}