{"nodes":{"node:1000":{"location":{"x":112,"y":-64}},"node:1001":{"location":{"x":304,"y":112}},"node:1002":{"location":{"x":672,"y":0}},"node:1003":{"location":{"x":752,"y":128}},"node:1004":{"location":{"x":0,"y":288}},"node:1005":{"location":{"x":256,"y":320}},"node:1006":{"location":{"x":640,"y":304}},"node:1007":{"location":{"x":272,"y":-32}},"node:1008":{"location":{"x":-16,"y":208}},"node:1009":{"location":{"x":112,"y":0}},"node:1010":{"location":{"x":-16,"y":32}},"node:1011":{"location":{"x":-96,"y":112}},"node:1012":{"location":{"x":368,"y":-80}},"node:1013":{"location":{"x":-32,"y":-48}}},"selection":["node:1006"],"view":{"scroll":{"x":-71.262359619140625,"y":-46.2196502685546875},"visible_rect":{"max":{"x":828.7376708984375,"y":429.78033447265625},"min":{"x":-71.262359619140625,"y":-46.2196502685546875}},"zoom":1}}