{"nodes":{"node:1000":{"location":{"x":112,"y":-64}},"node:1001":{"location":{"x":384,"y":144}},"node:1002":{"location":{"x":688,"y":0}},"node:1003":{"location":{"x":752,"y":128}},"node:1004":{"location":{"x":0,"y":288}},"node:1005":{"location":{"x":256,"y":336}},"node:1006":{"location":{"x":640,"y":304}},"node:1007":{"location":{"x":256,"y":-16}},"node:1008":{"location":{"x":-16,"y":208}},"node:1009":{"location":{"x":112,"y":16}},"node:1010":{"location":{"x":-16,"y":48}},"node:1011":{"location":{"x":-96,"y":112}},"node:1012":{"location":{"x":368,"y":-80}},"node:1013":{"location":{"x":-32,"y":-48}}},"selection":["node:1001"],"view":{"scroll":{"x":-74.5894775390625,"y":-85.0809173583984375},"visible_rect":{"max":{"x":825.4105224609375,"y":390.9190673828125},"min":{"x":-74.5894775390625,"y":-85.0809173583984375}},"zoom":1}}