{"nodes":{"node:1000":{"location":{"x":32,"y":0}},"node:1001":{"location":{"x":384,"y":144}},"node:1002":{"location":{"x":688,"y":0}},"node:1003":{"location":{"x":112,"y":128}},"node:1004":{"location":{"x":0,"y":304}},"node:1005":{"location":{"x":256,"y":336}},"node:1006":{"location":{"x":640,"y":304}},"node:1007":{"location":{"x":256,"y":-16}},"node:1008":{"location":{"x":-16,"y":208}}},"selection":["node:1008"],"view":{"scroll":{"x":-96.208160400390625,"y":-33.0999298095703125},"visible_rect":{"max":{"x":803.7918701171875,"y":442.90008544921875},"min":{"x":-96.208160400390625,"y":-33.0999298095703125}},"zoom":1}}