{"nodes":{"node:1000":{"location":{"x":208,"y":0}},"node:1001":{"location":{"x":416,"y":48}},"node:1002":{"location":{"x":464,"y":-64}},"node:1003":{"location":{"x":240,"y":-64}},"node:1004":{"location":{"x":208,"y":208}},"node:1005":{"location":{"x":352,"y":112}},"node:1006":{"location":{"x":528,"y":176}},"node:1007":{"location":{"x":112,"y":96}},"node:1008":{"location":{"x":368,"y":240}},"node:1009":{"location":{"x":608,"y":96}}},"selection":["node:1001"],"view":{"scroll":{"x":-9.66652679443359375,"y":-124.26666259765625},"visible_rect":{"max":{"x":890.33349609375,"y":351.73333740234375},"min":{"x":-9.66652679443359375,"y":-124.26666259765625}},"zoom":1}}