{"nodes":{"node:1000":{"location":{"x":112,"y":-64}},"node:1001":{"location":{"x":304,"y":112}},"node:1002":{"location":{"x":672,"y":0}},"node:1003":{"location":{"x":752,"y":128}},"node:1004":{"location":{"x":0,"y":288}},"node:1005":{"location":{"x":256,"y":336}},"node:1006":{"location":{"x":640,"y":304}},"node:1007":{"location":{"x":272,"y":-16}},"node:1008":{"location":{"x":-16,"y":208}}},"selection":["node:1000"],"view":{"scroll":{"x":-252.335968017578125,"y":-164.0789794921875},"visible_rect":{"max":{"x":863.55218505859375,"y":415.894744873046875},"min":{"x":-336.447998046875,"y":-218.772003173828125}},"zoom":0.749999880790710449}}