{"nodes":{"node:1000":{"location":{"x":128,"y":-48}},"node:1001":{"location":{"x":384,"y":144}},"node:1002":{"location":{"x":688,"y":0}},"node:1003":{"location":{"x":752,"y":128}},"node:1004":{"location":{"x":0,"y":288}},"node:1005":{"location":{"x":256,"y":336}},"node:1006":{"location":{"x":640,"y":304}},"node:1007":{"location":{"x":256,"y":-16}},"node:1008":{"location":{"x":-16,"y":208}},"node:1009":{"location":{"x":112,"y":16}},"node:1010":{"location":{"x":-16,"y":48}},"node:1011":{"location":{"x":-96,"y":112}},"node:1012":{"location":{"x":0,"y":-16}},"node:1013":{"location":{"x":336,"y":-80}}},"selection":["node:1013"],"view":{"scroll":{"x":-143.3193359375,"y":-93.8465118408203125},"visible_rect":{"max":{"x":756.6806640625,"y":382.15350341796875},"min":{"x":-143.3193359375,"y":-93.8465118408203125}},"zoom":1}}