{"nodes":{"node:1000":{"location":{"x":304,"y":112}},"node:1001":{"location":{"x":432,"y":144}},"node:1002":{"location":{"x":656,"y":272}},"node:1003":{"location":{"x":192,"y":272}}},"selection":null,"view":{"scroll":{"x":5.48144912719726562,"y":22.4897060394287109},"visible_rect":{"max":{"x":905.4814453125,"y":498.489715576171875},"min":{"x":5.48144912719726562,"y":22.4897060394287109}},"zoom":1}}