{"nodes":{"node:1000":{"location":{"x":688,"y":64}},"node:1001":{"location":{"x":352,"y":112}},"node:1002":{"location":{"x":560,"y":192}},"node:1003":{"location":{"x":144,"y":304}},"node:1004":{"location":{"x":528,"y":80}},"node:1005":{"location":{"x":112,"y":128}}},"selection":["node:1000"],"view":{"scroll":{"x":-30.758514404296875,"y":-2.1180267333984375},"visible_rect":{"max":{"x":869.241455078125,"y":473.8819580078125},"min":{"x":-30.758514404296875,"y":-2.1180267333984375}},"zoom":1}}