{"nodes":{"node:1000":{"location":{"x":352,"y":160}},"node:1001":{"location":{"x":288,"y":240}}},"selection":["node:1001"],"view":{"scroll":{"x":96.0151901245117188,"y":142.841018676757812},"visible_rect":{"max":{"x":796.812255859375,"y":495.072845458984375},"min":{"x":76.8121566772460938,"y":114.2728271484375}},"zoom":1.24999988079071045}}