{"nodes":{"node:1000":{"location":{"x":688,"y":64}},"node:1001":{"location":{"x":624,"y":304}},"node:1002":{"location":{"x":256,"y":272}},"node:1003":{"location":{"x":496,"y":128}}},"selection":["node:1001"],"view":{"scroll":{"x":247.3333740234375,"y":-7},"visible_rect":{"max":{"x":1147.3333740234375,"y":461},"min":{"x":247.3333740234375,"y":-7}},"zoom":1}}