{"nodes":{"node:1000":{"location":{"x":336,"y":0}},"node:1001":{"location":{"x":304,"y":192}},"node:1002":{"location":{"x":112,"y":144}},"node:1003":{"location":{"x":176,"y":272}},"node:1004":{"location":{"x":544,"y":64}},"node:1005":{"location":{"x":576,"y":224}}},"selection":["node:1000"],"view":{"scroll":{"x":-125.579200744628906,"y":-77.230316162109375},"visible_rect":{"max":{"x":1032.56103515625,"y":531.69293212890625},"min":{"x":-167.438934326171875,"y":-102.9737548828125}},"zoom":0.75}}