{"nodes":{"node:1000":{"location":{"x":128,"y":32}},"node:1001":{"location":{"x":336,"y":128}},"node:1002":{"location":{"x":656,"y":272}},"node:1003":{"location":{"x":192,"y":272}},"node:1004":{"location":{"x":528,"y":80}}},"selection":["node:1001"],"view":{"scroll":{"x":-30.758514404296875,"y":-2.1180267333984375},"visible_rect":{"max":{"x":869.241455078125,"y":473.8819580078125},"min":{"x":-30.758514404296875,"y":-2.1180267333984375}},"zoom":1}}