{"nodes":{"node:1000":{"location":{"x":752,"y":16}},"node:1001":{"location":{"x":896,"y":176}},"node:1002":{"location":{"x":640,"y":96}},"node:1003":{"location":{"x":672,"y":272}},"node:1004":{"location":{"x":928,"y":80}},"node:1005":{"location":{"x":1024,"y":144}}},"selection":null,"view":{"scroll":{"x":713.4691162109375,"y":-2.44411087036132812},"visible_rect":{"max":{"x":1290.775390625,"y":378.8447265625},"min":{"x":570.77532958984375,"y":-1.95528888702392578}},"zoom":1.24999988079071045}}