{"nodes":{"node:1000":{"location":{"x":336,"y":0}},"node:1001":{"location":{"x":464,"y":144}},"node:1002":{"location":{"x":752,"y":128}}},"selection":["node:1000"],"view":{"scroll":{"x":118.997406005859375,"y":-31.7736892700195312},"visible_rect":{"max":{"x":1018.9974365234375,"y":444.226318359375},"min":{"x":118.997406005859375,"y":-31.7736892700195312}},"zoom":1}}