{"nodes":{"node:1000":{"location":{"x":128,"y":32}},"node:1001":{"location":{"x":336,"y":128}},"node:1002":{"location":{"x":656,"y":272}},"node:1003":{"location":{"x":192,"y":272}},"node:1004":{"location":{"x":528,"y":80}},"node:1005":{"location":{"x":64,"y":144}}},"selection":null,"view":{"scroll":{"x":5.88520240783691406,"y":99.7691650390625},"visible_rect":{"max":{"x":724.70819091796875,"y":460.615325927734375},"min":{"x":4.70816183090209961,"y":79.8153305053710938}},"zoom":1.25}}