{"nodes":{"node:1000":{"location":{"x":336,"y":144}},"node:1001":{"location":{"x":464,"y":192}}},"selection":["node:1001"],"view":{"scroll":{"x":153.333404541015625,"y":-43.666595458984375},"visible_rect":{"max":{"x":1053.3333740234375,"y":432.333404541015625},"min":{"x":153.333404541015625,"y":-43.666595458984375}},"zoom":1}}