{"nodes":{"node:1000":{"location":{"x":288,"y":-48}},"node:1001":{"location":{"x":464,"y":192}},"node:1002":{"location":{"x":400,"y":48}}},"selection":["node:1001"],"view":{"scroll":{"x":-56.666534423828125,"y":-126.666656494140625},"visible_rect":{"max":{"x":843.33349609375,"y":349.333343505859375},"min":{"x":-56.666534423828125,"y":-126.666656494140625}},"zoom":1}}