{"nodes":{"node:1000":{"location":{"x":320,"y":96}},"node:1001":{"location":{"x":656,"y":176}}},"selection":["node:1001"],"view":{"scroll":{"x":0,"y":-62.5},"visible_rect":{"max":{"x":1200,"y":551.3333740234375},"min":{"x":0,"y":-83.3333358764648438}},"zoom":0.75}}