{"nodes":{"node:1000":{"location":{"x":32,"y":0}},"node:1001":{"location":{"x":208,"y":32}},"node:1002":{"location":{"x":416,"y":128}}},"selection":["node:1002"],"view":{"scroll":{"x":-4.33441925048828125,"y":-44.397216796875},"visible_rect":{"max":{"x":895.66558837890625,"y":431.602783203125},"min":{"x":-4.33441925048828125,"y":-44.397216796875}},"zoom":1}}