{"nodes":{"node:1000":{"location":{"x":544,"y":-96}},"node:1001":{"location":{"x":560,"y":112}},"node:1002":{"location":{"x":208,"y":192}},"node:1003":{"location":{"x":256,"y":272}},"node:1004":{"location":{"x":400,"y":352}},"node:1005":{"location":{"x":576,"y":384}},"node:1006":{"location":{"x":720,"y":112}},"node:1007":{"location":{"x":688,"y":208}},"node:1008":{"location":{"x":224,"y":64}},"node:1009":{"location":{"x":656,"y":0}},"node:1010":{"location":{"x":496,"y":0}},"node:1011":{"location":{"x":368,"y":-64}},"node:1012":{"location":{"x":304,"y":0}}},"selection":["node:1001"],"view":{"scroll":{"x":-100.53564453125,"y":-184.031494140625},"visible_rect":{"max":{"x":799.46435546875,"y":291.968505859375},"min":{"x":-100.53564453125,"y":-184.031494140625}},"zoom":1}}