{"nodes":{"node:1000":{"location":{"x":208,"y":64}},"node:1001":{"location":{"x":368,"y":192}},"node:1002":{"location":{"x":640,"y":304}},"node:1003":{"location":{"x":464,"y":32}},"node:1004":{"location":{"x":272,"y":288}},"node:1005":{"location":{"x":320,"y":32}}},"selection":["node:1001"],"view":{"scroll":{"x":233.583251953125,"y":16.3748188018798828},"visible_rect":{"max":{"x":906.86669921875,"y":393.89990234375},"min":{"x":186.866622924804688,"y":13.0998563766479492}},"zoom":1.24999988079071045}}