{"nodes":{"node:1000":{"location":{"x":352,"y":160}},"node:1001":{"location":{"x":576,"y":128}},"node:1002":{"location":{"x":752,"y":112}},"node:1003":{"location":{"x":576,"y":240}}},"selection":null,"view":{"scroll":{"x":160.74969482421875,"y":43.7499809265136719},"visible_rect":{"max":{"x":1088.5999755859375,"y":409.400054931640625},"min":{"x":128.599777221679688,"y":34.9999923706054688}},"zoom":1.2499997615814209}}