{"nodes":{"node:1000":{"location":{"x":352,"y":160}}},"selection":null,"view":{"scroll":{"x":312.2823486328125,"y":116.97100830078125},"visible_rect":{"max":{"x":1212.2823486328125,"y":592.97100830078125},"min":{"x":312.2823486328125,"y":116.97100830078125}},"zoom":1}}