{"nodes":{"node:1000":{"location":{"x":240,"y":-16}},"node:1001":{"location":{"x":208,"y":256}},"node:1002":{"location":{"x":368,"y":0}},"node:1003":{"location":{"x":-16,"y":80}},"node:1004":{"location":{"x":672,"y":16}}},"selection":["node:1002"],"view":{"scroll":{"x":-172.170806884765625,"y":-55.2847976684570312},"visible_rect":{"max":{"x":727.8292236328125,"y":420.7152099609375},"min":{"x":-172.170806884765625,"y":-55.2847976684570312}},"zoom":1}}