{"nodes":{"node:1000":{"location":{"x":480,"y":176}},"node:1001":{"location":{"x":240,"y":240}},"node:1002":{"location":{"x":432,"y":0}},"node:1003":{"location":{"x":16,"y":16}},"node:1004":{"location":{"x":224,"y":-16}}},"selection":["node:1002"],"view":{"scroll":{"x":-93.8927078247070312,"y":-89.9537124633789062},"visible_rect":{"max":{"x":806.1072998046875,"y":386.046295166015625},"min":{"x":-93.8927078247070312,"y":-89.9537124633789062}},"zoom":1}}