{"nodes":{"node:1000":{"location":{"x":352,"y":160}},"node:1001":{"location":{"x":304,"y":224}},"node:1002":{"location":{"x":432,"y":0}},"node:1003":{"location":{"x":0,"y":112}},"node:1004":{"location":{"x":240,"y":0}}},"selection":["node:1002"],"view":{"scroll":{"x":-135.725433349609375,"y":-122.353729248046875},"visible_rect":{"max":{"x":764.2745361328125,"y":353.646270751953125},"min":{"x":-135.725433349609375,"y":-122.353729248046875}},"zoom":1}}