{"nodes":{"node:1000":{"location":{"x":240,"y":-16}},"node:1001":{"location":{"x":208,"y":256}},"node:1002":{"location":{"x":368,"y":0}},"node:1003":{"location":{"x":-16,"y":80}},"node:1004":{"location":{"x":560,"y":128}}},"selection":["node:1003"],"view":{"scroll":{"x":-228.570785522460938,"y":-53.6847572326660156},"visible_rect":{"max":{"x":671.42919921875,"y":422.31524658203125},"min":{"x":-228.570785522460938,"y":-53.6847572326660156}},"zoom":1}}