{"nodes":{"node:1000":{"location":{"x":416,"y":144}},"node:1001":{"location":{"x":240,"y":240}},"node:1002":{"location":{"x":432,"y":0}},"node:1003":{"location":{"x":0,"y":112}},"node:1004":{"location":{"x":240,"y":0}},"node:1005":{"location":{"x":544,"y":240}}},"selection":["node:1005"],"view":{"scroll":{"x":-115.29278564453125,"y":-109.353706359863281},"visible_rect":{"max":{"x":784.70721435546875,"y":366.64630126953125},"min":{"x":-115.29278564453125,"y":-109.353706359863281}},"zoom":1}}