{"nodes":{"node:1000":{"location":{"x":480,"y":176}},"node:1001":{"location":{"x":240,"y":240}},"node:1002":{"location":{"x":432,"y":0}},"node:1003":{"location":{"x":16,"y":32}},"node:1004":{"location":{"x":224,"y":-16}}},"selection":["node:1001"],"view":{"scroll":{"x":-64.6158905029296875,"y":-62.942138671875},"visible_rect":{"max":{"x":668.30731201171875,"y":330.4462890625},"min":{"x":-51.6927146911621094,"y":-50.3537101745605469}},"zoom":1.25}}