name	aliases	previous_class	disposition	reason	consumer_evidence
ai.status	-	engine_service	api	retained developer product query or engine service; no synthetic fixture execution	Tools/regression/ai_registry_probe.txt:15;Tools/regression/ai_registry_probe.txt:20;Tools/regression/ai_registry_probe.txt:24
animator.exit	-	engine_service	remove	unused state simulation harness bypassed normal transitions; no active consumer	no literal consumer found
animator.param	-	engine_service	api	retained developer product query or engine service; no synthetic fixture execution	no literal consumer found
animator.scene.probe	-	probe	commandlet	Retained product regression in an isolated process; scenario validation or fixture; closure evidence required before retention	Tools/regression/verify-animator-scene-single-truth.ps1:36
animator.state	-	engine_service	remove	unused state simulation harness bypassed normal transitions; no active consumer	no literal consumer found
animator.status	-	engine_service	api	Shared product diagnostic	verify-editor-command-surface.ps1; EditorDiagnostics.cpp
asset.guid.rename.probe	-	probe	commandlet	Retained product regression in an isolated process; scenario validation or fixture; closure evidence required before retention	Tools/regression/verify-asset-guid-rename.ps1:18
assets.generation	-	engine_service	commandlet	Retained product regression in an isolated process; scenario validation or fixture; closure evidence required before retention	Tools/regression/verify-model-asset-generation.ps1:101;Tools/regression/verify-model-asset-generation.ps1:102;Tools/regression/verify-model-asset-generation.ps1:140;Tools/regression/verify-model-asset-generation.ps1:141;Tools/regression/verify-model-render-wiring.ps1:26;Tools/regression/verify-model-render-wiring.ps1:69
assets.generationcorpus	-	engine_service	commandlet	Canonical Gunner and SU corpus closure with independent fixed counts; intentionally corpus-specific	Tools/regression/verify-model-asset-generation.ps1:102;Tools/regression/verify-model-asset-generation.ps1:141;Tools/regression/verify-model-render-wiring.ps1:26;Tools/regression/verify-model-render-wiring.ps1:69
assets.identity	-	engine_service	commandlet	Retained product regression in an isolated process; scenario validation or fixture; closure evidence required before retention	Tools/regression/verify-asset-identity.ps1:4;Tools/regression/verify-asset-identity.ps1:100;Tools/regression/verify-asset-identity.ps1:113
assets.modelbench	-	engine_service	commandlet	Retained product regression in an isolated process; scenario validation or fixture; closure evidence required before retention	Tools/regression/verify-model-cutover-budget.ps1:8;Tools/regression/verify-model-cutover-budget.ps1:129;Tools/regression/verify-model-cutover-budget.ps1:130;Tools/regression/verify-model-cutover-budget.ps1:158;Tools/regression/verify-model-cutover-budget.ps1:159;Tools/regression/verify-model-cutover-budget.ps1:203
assets.modeldiag	-	engine_service	api	retained developer product query or engine service; no synthetic fixture execution	Tools/regression/verify-editor-drop-animation.ps1:64;Tools/regression/verify-editor-drop-animation.ps1:66;Tools/regression/verify-experiment-cooked-catalog.ps1:12;Tools/regression/verify-experiment-cooked-catalog.ps1:155;Tools/regression/verify-experiment-cooked-catalog.ps1:172;Tools/regression/verify-experiment-cooked-catalog.ps1:181;Tools/regression/verify-experiment-cooked-catalog.ps1:232;Tools/regression/verify-experiment-cooked-catalog.ps1:252;Tools/regression/verify-mbc-cutover-freeze.ps1:226;Tools/regression/verify-model-scene-consumption.ps1:132;Tools/regression/verify-model-scene-consumption.ps1:141;Tools/regression/verify-model-scene-consumption.ps1:163;Tools/regression/verify-model-scene-consumption.ps1:173;Tools/regression/verify-model-typed-consumers.ps1:12;Tools/regression/verify-model-typed-consumers.ps1:74;Tools/regression/verify-model-typed-consumers.ps1:102;Tools/regression/verify-model-typed-consumers.ps1:105;Tools/regression/verify-skin-pose-visual.ps1:19;Tools/regression/verify-skin-pose-visual.ps1:86;scripts/editor_drop_animation.txt:19;scripts/skin_pose_visual.txt:40
assets.modelrender	-	engine_service	commandlet	Retained product regression in an isolated process; scenario validation or fixture; closure evidence required before retention	Tools/regression/verify-model-render-wiring.ps1:25;Tools/regression/verify-model-render-wiring.ps1:66
assets.scenemodel	-	engine_service	commandlet	corpus verification and generation reload fixture; process-scoped only	Tools/regression/verify-model-scene-consumption.ps1:15;Tools/regression/verify-model-scene-consumption.ps1:17;Tools/regression/verify-model-scene-consumption.ps1:23;Tools/regression/verify-model-scene-consumption.ps1:88;Tools/regression/verify-model-scene-consumption.ps1:89;Tools/regression/verify-model-scene-consumption.ps1:133;Tools/regression/verify-model-scene-consumption.ps1:164;Tools/regression/verify-model-scene-consumption.ps1:165
assets.sidecar	-	engine_service	commandlet	Retained product regression in an isolated process; scenario validation or fixture; closure evidence required before retention	Tools/regression/verify-asset-sidecar-v2.ps1:3;Tools/regression/verify-asset-sidecar-v2.ps1:44;Tools/regression/verify-asset-sidecar-v2.ps1:59
assets.unload	-	engine_service	api	retained developer product query or engine service; no synthetic fixture execution	no literal consumer found
blackboard.authoring.probe	-	raw_fixture	commandlet	Retained product regression in an isolated process; scenario validation or fixture; closure evidence required before retention	Tools/regression/verify-asset-authoring-ownership.ps1:513;Tools/regression/verify-asset-authoring-ownership.ps1:534;Tools/regression/verify-asset-authoring-ownership.ps1:545
bt.status	bt.reset	engine_service	api	retained developer product query or engine service; no synthetic fixture execution	Tools/regression/bt_smoke.txt:25;Tools/regression/bt_smoke.txt:62;Tools/regression/bt_smoke.txt:69;Tools/regression/bt_smoke.txt:74;Tools/regression/bt_smoke.txt:77;Tools/regression/bt_smoke.txt:81;Tools/regression/verify-bt-smoke.ps1:92;Tools/regression/verify-bt-smoke.ps1:99;Tools/regression/verify-bt-smoke.ps1:184
camera.editor	-	engine_service	api	retained developer product query or engine service; no synthetic fixture execution	no literal consumer found
cli.drain.budget	-	engine_service	api	retained developer product query or engine service; no synthetic fixture execution	Tools/regression/verify-cli-drain.ps1:239;Tools/regression/verify-cli-drain.ps1:255;Tools/regression/verify-cli-drain.ps1:262;Tools/regression/verify-cli-drain.ps1:320
cli.echo.args	-	engine_service	api	Developer argument transport diagnostic; no engine fixture	Tools/regression/lc0-measure.ps1:146;Tools/regression/lc0-measure.ps1:165;Tools/regression/lc0-measure.ps1:187;Tools/regression/lc0-measure.ps1:205;Tools/regression/lc0-measure.ps1:225;Tools/regression/lc0-static-inventory.ps1:84;Tools/regression/lc0-static-inventory.ps1:86;Tools/regression/verify-cli-exit-spine.ps1:146;Tools/regression/verify-cli-exit-spine.ps1:149;Tools/regression/verify-cli-exit-spine.ps1:157;Tools/regression/verify-cli-invocation.ps1:103;Tools/regression/verify-cli-invocation.ps1:104;Tools/regression/verify-cli-invocation.ps1:119;Tools/regression/verify-cli-invocation.ps1:136;Tools/regression/verify-cli-invocation.ps1:137;Tools/regression/verify-cli-invocation.ps1:161;Tools/regression/verify-cli-parser-golden.ps1:25;Tools/regression/verify-cli-parser-golden.ps1:39;Tools/regression/verify-cli-parser-golden.ps1:68;Tools/regression/verify-cli-parser-golden.ps1:69;Tools/regression/verify-cli-parser-golden.ps1:84;Tools/regression/verify-cli-parser-golden.ps1:93;Tools/regression/verify-cli-service.ps1:254
cli.probe.timing	-	probe	remove	Closed LC0 latency baseline harness superseded by HTTP request timing	Tools/regression/lc0-measure.ps1:154;Tools/regression/lc0-measure.ps1:238;Tools/regression/lc0-measure.ps1:239;Tools/regression/lc0-measure.ps1:240
collisionmatrix.authoring.probe	-	raw_fixture	commandlet	Retained product regression in an isolated process; scenario validation or fixture; closure evidence required before retention	Tools/regression/verify-asset-authoring-ownership.ps1:564;Tools/regression/verify-asset-authoring-ownership.ps1:580
commands.describe	-	engine_service	api	retained developer product query or engine service; no synthetic fixture execution	Tools/regression/verify-cli-service.ps1:198;Tools/regression/verify-cli-service.ps1:203
commands.dump	-	engine_service	remove	Closed LC0 registration snapshot harness superseded by commands.list	Tools/regression/lc0-measure.ps1:233;Tools/regression/lc0-measure.ps1:234;Tools/regression/lc0-measure.ps1:235;Tools/regression/lc0-static-inventory.ps1:8;Tools/regression/lc0-static-inventory.ps1:152
commands.list	-	engine_service	api	retained developer product query or engine service; no synthetic fixture execution	Tools/dx12-validation/Invoke-Dx12Suite.ps1:19;Tools/dx12-validation/Invoke-Dx12Suite.ps1:94;Tools/dx12-validation/Invoke-Dx12Suite.ps1:100;Tools/dx12-validation/Invoke-Dx12Suite.ps1:107;Tools/dx12-validation/Invoke-Dx12Suite.ps1:109;Tools/regression/lc6-live-classification.ps1:117;Tools/regression/verify-cli-consumer-contract.ps1:16;Tools/regression/verify-cli-discovery.ps1:65;Tools/regression/verify-cli-discovery.ps1:101;Tools/regression/verify-cli-discovery.ps1:102;Tools/regression/verify-cli-discovery.ps1:145;Tools/regression/verify-cli-registry-golden.ps1:46
commands.selftest	-	probe	api	Read-only registry integrity report for developers; does not execute domain tests	Tools/regression/verify-cli-discovery.ps1:50;Tools/regression/verify-player-command-service.ps1:198
component.add	-	editor_operation	api	retained developer product query or engine service; no synthetic fixture execution	Tools/featuretest/build-scenes.ps1:63;Tools/featuretest/build-scenes.ps1:66;Tools/featuretest/build-scenes.ps1:173;Tools/featuretest/build-scenes.ps1:181;Tools/regression/ai_registry_probe.txt:13;Tools/regression/bt_smoke.txt:37;Tools/regression/bt_smoke.txt:59;Tools/regression/ddol_canvas_probe.txt:57;Tools/regression/ddol_canvas_probe.txt:62;Tools/regression/light_slot_restore.txt:52;Tools/regression/light_slot_restore.txt:55;Tools/regression/light_slot_restore.txt:57;Tools/regression/light_slot_restore.txt:59;Tools/regression/prefab_duplicate.txt:25;Tools/regression/prefab_identity_injection.txt:33;Tools/regression/prefab_nested_update_probe.txt:88;Tools/regression/prefab_override_write.txt:45;Tools/regression/prefab_roundtrip.txt:30;Tools/regression/reflect_golden.txt:24;Tools/regression/resolution_sweep.txt:34;Tools/regression/resolution_sweep.txt:39;Tools/regression/resolution_sweep.txt:45;Tools/regression/resolution_sweep.txt:46;Tools/regression/ui_layout_golden.txt:41;Tools/regression/ui_layout_golden.txt:46;Tools/regression/ui_layout_golden.txt:49;Tools/regression/ui_layout_golden.txt:52;Tools/regression/ui_layout_golden.txt:55;Tools/regression/ui_layout_golden.txt:58;Tools/regression/ui_layout_golden.txt:61;Tools/regression/ui_layout_golden.txt:64;Tools/regression/ui_layout_golden.txt:67;Tools/regression/ui_layout_golden.txt:70;Tools/regression/ui_layout_golden.txt:105;Tools/regression/ui_layout_golden.txt:108;Tools/regression/ui_layout_golden.txt:111;Tools/regression/ui_layout_golden.txt:128;Tools/regression/ui_layout_golden.txt:129;Tools/regression/ui_regression.txt:38;Tools/regression/ui_regression.txt:40;Tools/regression/ui_regression.txt:48;Tools/regression/ui_regression.txt:59;Tools/regression/verify-cli-editor-operation.ps1:140;Tools/regression/verify-cli-editor-operation.ps1:164;scripts/asan_lifecycle_stress.txt:29;scripts/asan_lifecycle_stress.txt:32;scripts/asan_lifecycle_stress.txt:35;scripts/asan_lifecycle_stress.txt:38;scripts/asan_lifecycle_stress.txt:48;scripts/asan_lifecycle_stress.txt:50;scripts/asan_lifecycle_stress.txt:52;scripts/asan_lifecycle_stress.txt:55;scripts/asan_lifecycle_stress.txt:57;scripts/asan_lifecycle_stress.txt:59;scripts/asan_lifecycle_stress.txt:61;scripts/asan_lifecycle_stress.txt:63;scripts/asan_lifecycle_stress.txt:65;scripts/asan_lifecycle_stress.txt:67;scripts/asan_lifecycle_stress.txt:69;scripts/asan_lifecycle_stress.txt:71;scripts/asan_lifecycle_stress.txt:73;scripts/asan_lifecycle_stress.txt:75;scripts/asan_lifecycle_stress.txt:77;scripts/lifecycle_baseline.txt:59;scripts/lifecycle_baseline.txt:62;scripts/lifecycle_baseline.txt:65;scripts/lifecycle_baseline.txt:68;scripts/lifecycle_baseline.txt:79;scripts/lifecycle_baseline.txt:81;scripts/lifecycle_baseline.txt:83;scripts/lifecycle_baseline.txt:86;scripts/lifecycle_baseline.txt:88;scripts/lifecycle_baseline.txt:90;scripts/lifecycle_baseline.txt:92;scripts/lifecycle_baseline.txt:94;scripts/lifecycle_baseline.txt:96;scripts/lifecycle_baseline.txt:98;scripts/lifecycle_baseline.txt:100;scripts/lifecycle_baseline.txt:102;scripts/lifecycle_baseline.txt:104;scripts/lifecycle_baseline.txt:106;scripts/lifecycle_baseline.txt:108
component.list	-	engine_service	api	retained developer product query or engine service; no synthetic fixture execution	no literal consumer found
component.remove		new	api	Shared undoable optional component removal	Tools/regression/verify-editor-command-surface.ps1
crash.status	-	probe	api	developer diagnostics; old probe class does not imply harness	Tools/regression/verify-cli-exit-spine.ps1:122;Tools/regression/verify-crash-dump.ps1:40
crash.test	-	probe	commandlet	Retained product regression in an isolated process; scenario validation or fixture; closure evidence required before retention	Tools/regression/lc0-static-inventory.ps1:43;Tools/regression/verify-crash-dump.ps1:7;Tools/regression/verify-crash-dump.ps1:40
dump.list	-	probe	api	developer diagnostics; old probe class does not imply harness	no literal consumer found
dump.show	-	probe	api	developer diagnostics; old probe class does not imply harness	no literal consumer found
dx12.bench11	-	probe	remove	Retired completed design/performance comparison; dedicated implementation and assets removed. See CommandletRetirementAudit.md.	retired; rejection covered by verify-editor-command-surface.ps1
dx12.decal	-	probe	commandlet	Retained product regression in an isolated process; scenario validation or fixture; closure evidence required before retention	Tools/dx12-validation/Invoke-Dx12Suite.ps1:115 (dynamic discovery)
dx12.descriptorheap	-	probe	commandlet	Retained product regression in an isolated process; scenario validation or fixture; closure evidence required before retention	Tools/dx12-validation/Invoke-Dx12Suite.ps1:115 (dynamic discovery)
dx12.encoderbench	-	probe	remove	Retired completed design/performance comparison; dedicated implementation and assets removed. See CommandletRetirementAudit.md.	retired; rejection covered by verify-editor-command-surface.ps1
dx12.fog	-	probe	commandlet	Retained product regression in an isolated process; scenario validation or fixture; closure evidence required before retention	Tools/dx12-validation/Invoke-Dx12Suite.ps1:115 (dynamic discovery)
dx12.forward	-	probe	commandlet	Retained product regression in an isolated process; scenario validation or fixture; closure evidence required before retention	Tools/dx12-validation/Invoke-Dx12Suite.ps1:115 (dynamic discovery)
dx12.forwardscale	-	probe	remove	Retired completed design/performance comparison; dedicated implementation and assets removed. See CommandletRetirementAudit.md.	retired; rejection covered by verify-editor-command-surface.ps1
dx12.forwardshade	-	probe	commandlet	Retained product regression in an isolated process; scenario validation or fixture; closure evidence required before retention	Tools/dx12-validation/Invoke-Dx12Suite.ps1:115 (dynamic discovery)
dx12.gbuffer	-	probe	commandlet	Retained product regression in an isolated process; scenario validation or fixture; closure evidence required before retention	Tools/regression/verify-model-render-wiring.ps1:27;Tools/regression/verify-model-render-wiring.ps1:81;Tools/regression/verify-model-render-wiring.ps1:165;Tools/dx12-validation/Invoke-Dx12Suite.ps1:115 (dynamic discovery)
dx12.gizmoicon	-	probe	commandlet	Retained product regression in an isolated process; scenario validation or fixture; closure evidence required before retention	Tools/dx12-validation/Invoke-Dx12Suite.ps1:115 (dynamic discovery)
dx12.gizmoline	-	probe	commandlet	Retained product regression in an isolated process; scenario validation or fixture; closure evidence required before retention	Tools/dx12-validation/Invoke-Dx12Suite.ps1:115 (dynamic discovery)
dx12.gizmoscene	-	probe	commandlet	Retained product regression in an isolated process; scenario validation or fixture; closure evidence required before retention	Tools/dx12-validation/Invoke-Dx12Suite.ps1:14;Tools/dx12-validation/Invoke-Dx12Suite.ps1:115 (dynamic discovery)
dx12.grid	-	probe	commandlet	Retained product regression in an isolated process; scenario validation or fixture; closure evidence required before retention	Tools/dx12-validation/Invoke-Dx12Suite.ps1:115 (dynamic discovery)
dx12.ibl	-	probe	commandlet	Retained product regression in an isolated process; scenario validation or fixture; closure evidence required before retention	Tools/dx12-validation/Invoke-Dx12Suite.ps1:115 (dynamic discovery)
dx12.iblshade	-	probe	commandlet	Retained product regression in an isolated process; scenario validation or fixture; closure evidence required before retention	Tools/dx12-validation/Invoke-Dx12Suite.ps1:115 (dynamic discovery)
dx12.live	-	engine_service	api	retained developer product query or engine service; no synthetic fixture execution	Tools/regression/verify-pipeline-composition.ps1:167;Tools/regression/verify-pipeline-composition.ps1:171;scripts/skinned_pose_visual.txt:7
dx12.parallel	-	probe	commandlet	Retained product regression in an isolated process; scenario validation or fixture; closure evidence required before retention	Tools/dx12-validation/Invoke-Dx12Suite.ps1:115 (dynamic discovery)
dx12.post	-	probe	commandlet	Retained product regression in an isolated process; scenario validation or fixture; closure evidence required before retention	Tools/dx12-validation/Invoke-Dx12Suite.ps1:115 (dynamic discovery)
dx12.postscale	-	probe	remove	Retired completed design/performance comparison; dedicated implementation and assets removed. See CommandletRetirementAudit.md.	retired; rejection covered by verify-editor-command-surface.ps1
dx12.psocache	-	probe	commandlet	Retained product regression in an isolated process; scenario validation or fixture; closure evidence required before retention	Tools/dx12-validation/Invoke-Dx12Suite.ps1:115 (dynamic discovery)
dx12.rendergraph	-	probe	commandlet	Retained product regression in an isolated process; scenario validation or fixture; closure evidence required before retention	Tools/dx12-validation/Invoke-Dx12Suite.ps1:115 (dynamic discovery)
dx12.resize	-	probe	commandlet	Retained product regression in an isolated process; scenario validation or fixture; closure evidence required before retention	Tools/dx12-validation/Invoke-Dx12Suite.ps1:115 (dynamic discovery)
dx12.scene	-	probe	commandlet	Retained product regression in an isolated process; scenario validation or fixture; closure evidence required before retention	Tools/dx12-validation/Invoke-Dx12Suite.ps1:26;Tools/regression/run-all.ps1:505;Tools/regression/verify-experiment-ft-primitives.ps1:30;Tools/regression/verify-model-cutover-budget.ps1:16;Tools/regression/verify-model-cutover-budget.ps1:202;Tools/regression/verify-model-cutover-budget.ps1:216;Tools/regression/verify-model-cutover-budget.ps1:217;Tools/regression/verify-model-scene-consumption.ps1:16;Tools/regression/verify-model-scene-consumption.ps1:18;Tools/regression/verify-model-scene-consumption.ps1:31;Tools/regression/verify-model-scene-consumption.ps1:167;Tools/regression/verify-model-scene-consumption.ps1:186;Tools/regression/verify-model-scene-consumption.ps1:189;Tools/regression/verify-skin-pose-integrity.ps1:13;Tools/regression/verify-skin-pose-visual.ps1:6;Tools/regression/verify-skin-pose-visual.ps1:16;Tools/regression/verify-skin-pose-visual.ps1:114;scripts/skinned_pose_visual.txt:7;scripts/skinned_pose_visual.txt:9;scripts/skinned_pose_visual.txt:98;scripts/skin_pose_integrity.txt:4;scripts/skin_pose_visual.txt:4;scripts/skin_pose_visual.txt:9;scripts/skin_pose_visual.txt:42;Tools/dx12-validation/Invoke-Dx12Suite.ps1:115 (dynamic discovery)
dx12.selftest	-	probe	commandlet	Retained contract regression with explicit caller-owned fixture inputs: material texture path	Tools/dx12-validation/Invoke-DX12Validation.ps1:239;Tools/regression/run-all.ps1:786;Tools/regression/run-all.ps1:789;Tools/regression/verify-shadermeta-authoring-read.ps1:9;Tools/regression/verify-shadermeta-authoring-read.ps1:16;Tools/dx12-validation/Invoke-Dx12Suite.ps1:115 (dynamic discovery)
dx12.shadowquality	-	probe	commandlet	Retained product regression in an isolated process; scenario validation or fixture; closure evidence required before retention	Tools/dx12-validation/Invoke-Dx12Suite.ps1:115 (dynamic discovery)
dx12.skinning	-	probe	commandlet	Retained product regression in an isolated process; scenario validation or fixture; closure evidence required before retention	Tools/regression/verify-model-render-wiring.ps1:28;Tools/regression/verify-model-render-wiring.ps1:81;Tools/regression/verify-model-render-wiring.ps1:165;Tools/dx12-validation/Invoke-Dx12Suite.ps1:115 (dynamic discovery)
dx12.skybox	-	probe	commandlet	Retained product regression in an isolated process; scenario validation or fixture; closure evidence required before retention	Tools/dx12-validation/Invoke-Dx12Suite.ps1:115 (dynamic discovery)
dx12.ssao	-	probe	commandlet	Retained product regression in an isolated process; scenario validation or fixture; closure evidence required before retention	Tools/dx12-validation/Invoke-Dx12Suite.ps1:115 (dynamic discovery)
dx12.ssaoscale	-	probe	remove	Retired completed design/performance comparison; dedicated implementation and assets removed. See CommandletRetirementAudit.md.	retired; rejection covered by verify-editor-command-surface.ps1
dx12.ssgi	-	probe	commandlet	Retained product regression in an isolated process; scenario validation or fixture; closure evidence required before retention	Tools/dx12-validation/Invoke-Dx12Suite.ps1:115 (dynamic discovery)
dx12.ssr	-	probe	commandlet	Retained product regression in an isolated process; scenario validation or fixture; closure evidence required before retention	Tools/dx12-validation/Invoke-Dx12Suite.ps1:115 (dynamic discovery)
dx12.sss	-	probe	commandlet	Retained product regression in an isolated process; scenario validation or fixture; closure evidence required before retention	Tools/dx12-validation/Invoke-Dx12Suite.ps1:115 (dynamic discovery)
dx12.ui	-	probe	commandlet	Retained product regression in an isolated process; scenario validation or fixture; closure evidence required before retention	Tools/dx12-validation/Invoke-Dx12Suite.ps1:115 (dynamic discovery)
dx12.wireframe	-	probe	commandlet	Retained product regression in an isolated process; scenario validation or fixture; closure evidence required before retention	Tools/dx12-validation/Invoke-Dx12Suite.ps1:115 (dynamic discovery)
experiment.animevent	-	probe	commandlet	Retained product regression in an isolated process; scenario validation or fixture; closure evidence required before retention	scripts/skinned_pose_visual.txt:48;scripts/skinned_pose_visual.txt:71
experiment.animlive	-	probe	remove	Replaced by shared product service: animator.status	old entrypoint rejected; consumers migrated
experiment.animmask	-	probe	commandlet	Retained product regression in an isolated process; scenario validation or fixture; closure evidence required before retention	Tools/regression/verify-model-typed-consumers.ps1:70;scripts/skinned_pose_visual.txt:76
experiment.animpose	-	probe	commandlet	Retained product regression in an isolated process; scenario validation or fixture; closure evidence required before retention	Tools/regression/verify-skin-pose-integrity.ps1:9;Tools/regression/verify-skin-pose-visual.ps1:104;scripts/skinned_pose_visual.txt:37;scripts/skin_pose_integrity.txt:9;scripts/skin_pose_integrity.txt:18;scripts/skin_pose_integrity.txt:22;scripts/skin_pose_integrity.txt:26;scripts/skin_pose_visual.txt:6
experiment.animtick	-	probe	commandlet	Retained product regression in an isolated process; scenario validation or fixture; closure evidence required before retention	Tools/regression/verify-model-typed-consumers.ps1:68;Tools/regression/verify-skinned-proxy-refresh.ps1:14;scripts/editor_drop_animation.txt:18;scripts/skinned_pose_visual.txt:68
experiment.boneresolve	-	probe	commandlet	Retained product regression in an isolated process; scenario validation or fixture; closure evidence required before retention	Tools/regression/verify-model-typed-consumers.ps1:69;scripts/skinned_pose_visual.txt:74
experiment.catalog	-	probe	commandlet	Retained product regression in an isolated process; scenario validation or fixture; closure evidence required before retention	Tools/regression/verify-experiment-cooked-catalog.ps1:148;Tools/regression/verify-experiment-cooked-catalog.ps1:151;Tools/regression/verify-experiment-cooked-catalog.ps1:153
experiment.cooked	-	probe	commandlet	Retained product regression in an isolated process; scenario validation or fixture; closure evidence required before retention	Tools/regression/verify-experiment-cooked-identities.ps1:38;Tools/regression/verify-experiment-cooked-identities.ps1:39
experiment.editorsurface	-	probe	commandlet	Retained product regression in an isolated process; scenario validation or fixture; closure evidence required before retention	Tools/regression/verify-model-typed-consumers.ps1:71;scripts/skinned_pose_visual.txt:79
experiment.foliage	-	probe	commandlet	Retained contract regression with explicit caller-owned fixture inputs: seed asset directory and model path	Tools/regression/verify-model-typed-consumers.ps1:62;Tools/regression/verify-model-typed-consumers.ps1:72;scripts/skinned_pose_visual.txt:53;scripts/skinned_pose_visual.txt:95
experiment.matcook	-	probe	commandlet	Retained product regression in an isolated process; scenario validation or fixture; closure evidence required before retention	Tools/regression/verify-experiment-document-cook-parity.ps1:57
experiment.matmigrate	-	selftest	commandlet	current product resolver/conversion/CLR contract; isolated process execution	no literal consumer found
experiment.matparity	-	selftest	remove	Closed I5-M1 parity harness for the retired legacy material packer	no literal consumer found
experiment.matresolve	-	selftest	commandlet	current product resolver/conversion/CLR contract; isolated process execution	no literal consumer found
experiment.matruntime	-	probe	commandlet	Material instance, proxy and texture-owner contract; seed requires explicit texture path	scripts/skinned_pose_visual.txt:58;scripts/skinned_pose_visual.txt:88;scripts/skinned_pose_visual.txt:91
experiment.matscript	-	selftest	commandlet	current product resolver/conversion/CLR contract; isolated process execution	no literal consumer found
experiment.scenecook	-	probe	commandlet	Retained product regression in an isolated process; scenario validation or fixture; closure evidence required before retention	Tools/regression/verify-experiment-document-cook-parity.ps1:53
experiment.skinbounds	-	probe	commandlet	Retained product regression in an isolated process; scenario validation or fixture; closure evidence required before retention	scripts/skin_pose_integrity.txt:20;scripts/skin_pose_integrity.txt:24;scripts/skin_pose_integrity.txt:28;scripts/skin_pose_visual.txt:39
foliage.authoring.probe	-	raw_fixture	commandlet	Retained product regression in an isolated process; scenario validation or fixture; closure evidence required before retention	Tools/regression/verify-asset-authoring-ownership.ps1:445;Tools/regression/verify-asset-authoring-ownership.ps1:478;Tools/regression/verify-asset-authoring-ownership.ps1:495
game.pak	-	engine_service	api	retained developer product query or engine service; no synthetic fixture execution	Tools/regression/verify-cli-drain.ps1:95;Tools/regression/verify-cli-drain.ps1:104;Tools/regression/verify-cli-drain.ps1:155
gc.collect	-	probe	api	developer diagnostics; old probe class does not imply harness	no literal consumer found
gc.stats	gc.delta	probe	api	developer diagnostics; old probe class does not imply harness	scripts/lifecycle_baseline.txt:174;scripts/scene_churn_benchmark.txt:55
gpu.baseline	-	probe	api	Developer GPU census baseline control; no synthetic fixture	no literal consumer found
gpu.census	gpu.delta	probe	api	developer diagnostics; old probe class does not imply harness	scripts/asan_lifecycle_stress.txt:134;scripts/lifecycle_baseline.txt:171;scripts/scene_churn_benchmark.txt:54
help	-	engine_service	api	retained developer product query or engine service; no synthetic fixture execution	Tools/dx12-validation/Invoke-Dx12Suite.ps1:88;Tools/regression/run-all.ps1:68;Tools/regression/run-all.ps1:70;Tools/regression/run-all.ps1:71;Tools/regression/run-all.ps1:72;Tools/regression/run-all.ps1:102;Tools/regression/verify-cli-consumer-contract.ps1:11;Tools/regression/verify-cli-consumer-contract.ps1:14;Tools/regression/verify-cli-discovery.ps1:15;Tools/regression/verify-cli-discovery.ps1:16;Tools/regression/verify-cli-discovery.ps1:20;Tools/regression/verify-cli-discovery.ps1:61;Tools/regression/verify-cli-discovery.ps1:63;Tools/regression/verify-cli-discovery.ps1:65;Tools/regression/verify-cli-discovery.ps1:66;Tools/regression/verify-cli-discovery.ps1:76;Tools/regression/verify-cli-discovery.ps1:77;Tools/regression/verify-cli-discovery.ps1:82;Tools/regression/verify-cli-discovery.ps1:84;Tools/regression/verify-cli-discovery.ps1:86;Tools/regression/verify-cli-discovery.ps1:87;Tools/regression/verify-cli-discovery.ps1:89;Tools/regression/verify-cli-discovery.ps1:92;Tools/regression/verify-cli-drain.ps1:165;Tools/regression/verify-cli-drain.ps1:173;Tools/regression/verify-cli-drain.ps1:215;Tools/regression/verify-cli-drain.ps1:243;Tools/regression/verify-cli-drain.ps1:265;Tools/regression/verify-cli-drain.ps1:324;Tools/regression/verify-cli-exit-spine.ps1:119;Tools/regression/verify-cli-exit-spine.ps1:122;Tools/regression/verify-cli-registry-golden.ps1:15;Tools/regression/verify-cli-registry-golden.ps1:18;Tools/regression/verify-cli-service.ps1:74;Tools/regression/verify-cli-service.ps1:135;Tools/regression/verify-cli-service.ps1:203;Tools/regression/verify-cli-service.ps1:208;Tools/regression/verify-cli-service.ps1:245;Tools/regression/verify-transform-targeted-pull.ps1:30
inputmap.authoring.probe	-	raw_fixture	commandlet	Retained product regression in an isolated process; scenario validation or fixture; closure evidence required before retention	Tools/regression/verify-asset-authoring-ownership.ps1:637;Tools/regression/verify-asset-authoring-ownership.ps1:652
inputmap.corpus.probe	-	probe	commandlet	Retained product regression in an isolated process; scenario validation or fixture; closure evidence required before retention	Tools/regression/verify-inputmap-yaml-corpus.ps1:53
lifecycle.dump	-	engine_service	api	retained developer product query or engine service; no synthetic fixture execution	Tools/regression/verify-lifecycle-baseline.ps1:88;Tools/regression/verify-lifecycle-baseline.ps1:114;scripts/lifecycle_baseline.txt:169;scripts/script_add_awake_once.txt:67
lifecycle.registry	-	engine_service	api	retained developer product query or engine service; no synthetic fixture execution	no literal consumer found
lifecycle.stress	-	engine_service	commandlet	Retained product regression in an isolated process; scenario validation or fixture; closure evidence required before retention	Tools/regression/ai_registry_probe.txt:22;Tools/regression/verify-asan-lifecycle.ps1:136;scripts/asan_lifecycle_stress.txt:44;scripts/asan_lifecycle_stress.txt:95;scripts/asan_lifecycle_stress.txt:97;scripts/asan_lifecycle_stress.txt:106;scripts/asan_lifecycle_stress.txt:108;scripts/asan_lifecycle_stress.txt:110;scripts/asan_lifecycle_stress.txt:116;scripts/asan_lifecycle_stress.txt:124;scripts/asan_lifecycle_stress.txt:130;scripts/lifecycle_baseline.txt:74;scripts/lifecycle_baseline.txt:143;scripts/lifecycle_baseline.txt:145
lifecycle.trace	-	engine_service	api	retained developer product query or engine service; no synthetic fixture execution	Tools/regression/verify-script-add-awake-once.ps1:13;Tools/regression/verify-script-add-awake-once.ps1:95;scripts/asan_lifecycle_stress.txt:22;scripts/asan_lifecycle_stress.txt:85;scripts/asan_lifecycle_stress.txt:86;scripts/asan_lifecycle_stress.txt:133;scripts/lifecycle_baseline.txt:33;scripts/lifecycle_baseline.txt:117;scripts/lifecycle_baseline.txt:118;scripts/lifecycle_baseline.txt:138;scripts/lifecycle_baseline.txt:140;scripts/lifecycle_baseline.txt:157;scripts/lifecycle_baseline.txt:168;scripts/script_add_awake_once.txt:44;scripts/script_add_awake_once.txt:54;scripts/script_add_awake_once.txt:55;scripts/script_add_awake_once.txt:66
log.flush	-	engine_service	api	retained developer product query or engine service; no synthetic fixture execution	Tools/regression/ai_registry_probe.txt:25;Tools/regression/bt_smoke.txt:83;Tools/regression/ddol_canvas_probe.txt:89;Tools/regression/ddol_script_probe.txt:66;Tools/regression/hierarchy_convention.txt:74;Tools/regression/light_slot_restore.txt:87;Tools/regression/prefab_duplicate.txt:49;Tools/regression/prefab_identity_injection.txt:61;Tools/regression/prefab_nested_probe.txt:77;Tools/regression/prefab_nested_update_probe.txt:169;Tools/regression/prefab_override_write.txt:96;Tools/regression/prefab_roundtrip.txt:55;Tools/regression/reflect_golden.txt:42;Tools/regression/transform_roundtrip.txt:53;Tools/regression/ui_layout_golden.txt:141;Tools/regression/ui_navigation_local.txt:7;Tools/regression/verify-scene-entity-api.ps1:41;Tools/regression/verify-scene-entity-api.ps1:90;scripts/asan_lifecycle_stress.txt:135;scripts/lifecycle_baseline.txt:175;scripts/scene_churn_benchmark.txt:56;scripts/script_add_awake_once.txt:68
material.corpus.probe	-	probe	commandlet	Retained product regression in an isolated process; scenario validation or fixture; closure evidence required before retention	Tools/regression/verify-cli-exit-spine.ps1:129;Tools/regression/verify-cli-exit-spine.ps1:134;Tools/regression/verify-material-authoring-corpus.ps1:44
mem.delta	-	probe	api	developer diagnostics; old probe class does not imply harness	no literal consumer found
mem.hook	-	probe	api	developer diagnostics; old probe class does not imply harness	no literal consumer found
mem.reset	-	probe	api	developer diagnostics; old probe class does not imply harness	no literal consumer found
mem.stats	-	probe	api	developer diagnostics; old probe class does not imply harness	no literal consumer found
model.load	-	engine_service	api	retained developer product query or engine service; no synthetic fixture execution	Tools/featuretest/build-scenes.ps1:44;Tools/regression/run-all.ps1:513;Tools/regression/ui_regression.txt:11;Tools/regression/ui_regression.txt:28;Tools/regression/verify-asset-authoring-ownership.ps1:323;Tools/regression/verify-asset-authoring-ownership.ps1:363;Tools/regression/verify-asset-authoring-ownership.ps1:364;Tools/regression/verify-editor-drop-animation.ps1:3;Tools/regression/verify-editor-drop-animation.ps1:6;Tools/regression/verify-model-cutover-budget.ps1:195;Tools/regression/verify-model-scene-consumption.ps1:14;Tools/regression/verify-model-scene-consumption.ps1:120;Tools/regression/verify-model-typed-consumers.ps1:56;Tools/regression/verify-skin-pose-visual.ps1:11;Tools/regression/verify-skin-pose-visual.ps1:12;Tools/regression/verify-skin-pose-visual.ps1:13;Tools/regression/verify-skin-pose-visual.ps1:106;Tools/regression/verify-skin-pose-visual.ps1:107;Tools/regression/verify-skin-pose-visual.ps1:108;scripts/editor_drop_animation.txt:3;scripts/editor_drop_animation.txt:8;scripts/editor_drop_animation.txt:14;scripts/skinned_pose_visual.txt:20;scripts/skinned_proxy_refresh.txt:11;scripts/skinned_proxy_refresh.txt:16;scripts/skin_pose_integrity.txt:14;scripts/skin_pose_visual.txt:13
model.loadcached	-	engine_service	api	retained developer product query or engine service; no synthetic fixture execution	Tools/regression/verify-model-cutover-budget.ps1:195;Tools/regression/verify-model-scene-consumption.ps1:14;Tools/regression/verify-model-scene-consumption.ps1:120;Tools/regression/verify-model-typed-consumers.ps1:56;Tools/regression/verify-skin-pose-visual.ps1:13;Tools/regression/verify-skin-pose-visual.ps1:108;scripts/editor_drop_animation.txt:8;scripts/editor_drop_animation.txt:14;scripts/skinned_proxy_refresh.txt:16;scripts/skin_pose_visual.txt:13
model.place	-	engine_service	api	shared model instantiation command; structured result and undoable HTTP metadata	Tools/featuretest/build-scenes.ps1:76;Tools/featuretest/build-scenes.ps1:86;Tools/regression/ui_regression.txt:30;Tools/regression/verify-cli-editor-operation.ps1:9;Tools/regression/verify-cli-editor-operation.ps1:46;Tools/regression/verify-cli-editor-operation.ps1:111;Tools/regression/verify-cli-editor-operation.ps1:150;Tools/regression/verify-cli-editor-operation.ps1:155;Tools/regression/verify-cli-editor-operation.ps1:156;Tools/regression/verify-cli-editor-operation.ps1:194;Tools/regression/verify-model-cutover-budget.ps1:197;Tools/regression/verify-model-scene-consumption.ps1:15;Tools/regression/verify-model-scene-consumption.ps1:122;Tools/regression/verify-model-typed-consumers.ps1:58;scripts/editor_drop_animation.txt:16;scripts/skinned_pose_visual.txt:22;scripts/skinned_proxy_refresh.txt:18;scripts/skin_pose_integrity.txt:16;scripts/skin_pose_visual.txt:23
object.create	-	editor_operation	api	retained developer product query or engine service; no synthetic fixture execution	Tools/featuretest/build-scenes.ps1:62;Tools/featuretest/build-scenes.ps1:65;Tools/featuretest/build-scenes.ps1:172;Tools/featuretest/build-scenes.ps1:180;Tools/regression/ai_registry_probe.txt:12;Tools/regression/bt_smoke.txt:36;Tools/regression/bt_smoke.txt:58;Tools/regression/ddol_canvas_probe.txt:52;Tools/regression/ddol_canvas_probe.txt:60;Tools/regression/ddol_canvas_probe.txt:63;Tools/regression/ddol_script_probe.txt:54;Tools/regression/light_slot_restore.txt:51;Tools/regression/light_slot_restore.txt:54;Tools/regression/light_slot_restore.txt:56;Tools/regression/light_slot_restore.txt:58;Tools/regression/prefab_duplicate.txt:24;Tools/regression/prefab_identity_injection.txt:32;Tools/regression/prefab_nested_probe.txt:38;Tools/regression/prefab_nested_probe.txt:46;Tools/regression/prefab_nested_probe.txt:50;Tools/regression/prefab_nested_probe.txt:52;Tools/regression/prefab_nested_update_probe.txt:87;Tools/regression/prefab_nested_update_probe.txt:122;Tools/regression/prefab_override_write.txt:44;Tools/regression/prefab_roundtrip.txt:29;Tools/regression/reflect_golden.txt:23;Tools/regression/resolution_sweep.txt:18;Tools/regression/resolution_sweep.txt:21;Tools/regression/resolution_sweep.txt:33;Tools/regression/resolution_sweep.txt:38;Tools/regression/resolution_sweep.txt:44;Tools/regression/transform_roundtrip.txt:18;Tools/regression/ui_layout_golden.txt:28;Tools/regression/ui_layout_golden.txt:40;Tools/regression/ui_layout_golden.txt:45;Tools/regression/ui_layout_golden.txt:48;Tools/regression/ui_layout_golden.txt:51;Tools/regression/ui_layout_golden.txt:54;Tools/regression/ui_layout_golden.txt:57;Tools/regression/ui_layout_golden.txt:60;Tools/regression/ui_layout_golden.txt:63;Tools/regression/ui_layout_golden.txt:66;Tools/regression/ui_layout_golden.txt:69;Tools/regression/ui_layout_golden.txt:104;Tools/regression/ui_layout_golden.txt:107;Tools/regression/ui_layout_golden.txt:110;Tools/regression/ui_layout_golden.txt:127;Tools/regression/ui_regression.txt:34;Tools/regression/verify-cli-editor-operation.ps1:31;Tools/regression/verify-cli-editor-operation.ps1:32;Tools/regression/verify-cli-editor-operation.ps1:37;Tools/regression/verify-cli-editor-operation.ps1:38;Tools/regression/verify-cli-editor-operation.ps1:130;Tools/regression/verify-cli-editor-operation.ps1:161;Tools/regression/verify-cli-editor-operation.ps1:162;Tools/regression/verify-cli-editor-operation.ps1:172;Tools/regression/verify-cli-editor-operation.ps1:175;Tools/regression/verify-cli-invocation.ps1:79;Tools/regression/verify-cli-invocation.ps1:80;Tools/regression/verify-cli-script-reload.ps1:87;Tools/regression/verify-ddol-canvas.ps1:44;Tools/regression/verify-hierarchy-convention.ps1:58;Tools/regression/verify-hierarchy-convention.ps1:67;Tools/regression/verify-hierarchy-convention.ps1:68;Tools/regression/verify-play-roundtrip.ps1:59;Tools/regression/verify-play-selection-undo.ps1:57;Tools/regression/verify-play-selection-undo.ps1:61;Tools/regression/verify-play-selection-undo.ps1:150;Tools/regression/verify-prefab-nested-update.ps1:218;Tools/regression/verify-scene-entity-api.ps1:35;Tools/regression/verify-scene-entity-api.ps1:36;Tools/regression/verify-transform-roundtrip.ps1:24;Tools/regression/verify-transform-roundtrip.ps1:64;scripts/asan_lifecycle_stress.txt:28;scripts/asan_lifecycle_stress.txt:31;scripts/asan_lifecycle_stress.txt:34;scripts/asan_lifecycle_stress.txt:37;scripts/asan_lifecycle_stress.txt:47;scripts/asan_lifecycle_stress.txt:49;scripts/asan_lifecycle_stress.txt:51;scripts/asan_lifecycle_stress.txt:54;scripts/asan_lifecycle_stress.txt:56;scripts/asan_lifecycle_stress.txt:58;scripts/asan_lifecycle_stress.txt:60;scripts/asan_lifecycle_stress.txt:62;scripts/asan_lifecycle_stress.txt:64;scripts/asan_lifecycle_stress.txt:66;scripts/asan_lifecycle_stress.txt:68;scripts/asan_lifecycle_stress.txt:70;scripts/asan_lifecycle_stress.txt:72;scripts/asan_lifecycle_stress.txt:74;scripts/asan_lifecycle_stress.txt:76;scripts/lifecycle_baseline.txt:58;scripts/lifecycle_baseline.txt:61;scripts/lifecycle_baseline.txt:64;scripts/lifecycle_baseline.txt:67;scripts/lifecycle_baseline.txt:78;scripts/lifecycle_baseline.txt:80;scripts/lifecycle_baseline.txt:82;scripts/lifecycle_baseline.txt:85;scripts/lifecycle_baseline.txt:87;scripts/lifecycle_baseline.txt:89;scripts/lifecycle_baseline.txt:91;scripts/lifecycle_baseline.txt:93;scripts/lifecycle_baseline.txt:95;scripts/lifecycle_baseline.txt:97;scripts/lifecycle_baseline.txt:99;scripts/lifecycle_baseline.txt:101;scripts/lifecycle_baseline.txt:103;scripts/lifecycle_baseline.txt:105;scripts/lifecycle_baseline.txt:107;scripts/script_add_awake_once.txt:58;scripts/script_add_awake_once.txt:60
object.delete		new	api	Shared undoable subtree deletion	Tools/regression/verify-editor-command-surface.ps1
object.describe		new	api	Owned object identity and state snapshot	Tools/regression/verify-editor-command-surface.ps1
object.duplicate	-	editor_operation	api	retained developer product query or engine service; no synthetic fixture execution	Tools/regression/prefab_duplicate.txt:18;Tools/regression/prefab_duplicate.txt:37;Tools/regression/prefab_identity_injection.txt:41;Tools/regression/run-all.ps1:617;Tools/regression/verify-cli-editor-operation.ps1:132;Tools/regression/verify-cli-editor-operation.ps1:175
object.parent	-	editor_operation	api	retained developer product query or engine service; no synthetic fixture execution	Tools/regression/ddol_canvas_probe.txt:64;Tools/regression/prefab_nested_probe.txt:49;Tools/regression/prefab_nested_probe.txt:51;Tools/regression/prefab_nested_probe.txt:53;Tools/regression/prefab_nested_update_probe.txt:123;Tools/regression/resolution_sweep.txt:40;Tools/regression/resolution_sweep.txt:47;Tools/regression/ui_layout_golden.txt:47;Tools/regression/ui_layout_golden.txt:50;Tools/regression/ui_layout_golden.txt:53;Tools/regression/ui_layout_golden.txt:56;Tools/regression/ui_layout_golden.txt:59;Tools/regression/ui_layout_golden.txt:62;Tools/regression/ui_layout_golden.txt:65;Tools/regression/ui_layout_golden.txt:68;Tools/regression/ui_layout_golden.txt:71;Tools/regression/ui_layout_golden.txt:106;Tools/regression/ui_layout_golden.txt:109;Tools/regression/ui_layout_golden.txt:112;Tools/regression/ui_layout_golden.txt:130;Tools/regression/verify-cli-editor-operation.ps1:133;Tools/regression/verify-cli-invocation.ps1:16;Tools/regression/verify-cli-invocation.ps1:81;Tools/regression/verify-hierarchy-convention.ps1:59;Tools/regression/verify-hierarchy-convention.ps1:69;Tools/regression/verify-scene-entity-api.ps1:37;Tools/regression/verify-transform-roundtrip.ps1:69;scripts/asan_lifecycle_stress.txt:33;scripts/asan_lifecycle_stress.txt:36;scripts/asan_lifecycle_stress.txt:39;scripts/lifecycle_baseline.txt:63;scripts/lifecycle_baseline.txt:66;scripts/lifecycle_baseline.txt:69
object.properties		new	api	Read reflected component values and field types	Tools/regression/verify-editor-command-surface.ps1
object.property	-	editor_operation	api	retained developer product query or engine service; no synthetic fixture execution	Tools/featuretest/build-scenes.ps1:68;Tools/featuretest/build-scenes.ps1:69;Tools/featuretest/build-scenes.ps1:70;Tools/featuretest/build-scenes.ps1:175;Tools/featuretest/build-scenes.ps1:176;Tools/featuretest/build-scenes.ps1:177;Tools/featuretest/build-scenes.ps1:178;Tools/featuretest/build-scenes.ps1:184;Tools/featuretest/build-scenes.ps1:185;Tools/featuretest/build-scenes.ps1:186;Tools/featuretest/build-scenes.ps1:187;Tools/featuretest/build-scenes.ps1:188;Tools/regression/bt_smoke.txt:39;Tools/regression/bt_smoke.txt:40;Tools/regression/bt_smoke.txt:41;Tools/regression/bt_smoke.txt:42;Tools/regression/prefab_duplicate.txt:27;Tools/regression/prefab_duplicate.txt:43;Tools/regression/prefab_identity_injection.txt:35;Tools/regression/prefab_identity_injection.txt:52;Tools/regression/prefab_nested_update_probe.txt:89;Tools/regression/prefab_nested_update_probe.txt:111;Tools/regression/prefab_nested_update_probe.txt:119;Tools/regression/prefab_nested_update_probe.txt:133;Tools/regression/prefab_override_write.txt:47;Tools/regression/prefab_override_write.txt:48;Tools/regression/prefab_override_write.txt:64;Tools/regression/prefab_override_write.txt:79;Tools/regression/run-all.ps1:640;Tools/regression/verify-cli-editor-operation.ps1:141;Tools/regression/verify-cli-invocation.ps1:153;Tools/regression/verify-model-cutover-budget.ps1:200;Tools/regression/verify-model-scene-consumption.ps1:130;Tools/regression/verify-prefab-override-write.ps1:10;Tools/regression/verify-prefab-override-write.ps1:18;Tools/regression/verify-prefab-override-write.ps1:114;Tools/regression/verify-skin-pose-visual.ps1:103
object.rename	-	editor_operation	api	retained developer product query or engine service; no synthetic fixture execution	Tools/featuretest/build-scenes.ps1:88;Tools/regression/prefab_nested_probe.txt:24;Tools/regression/prefab_nested_update_probe.txt:62;Tools/regression/prefab_nested_update_probe.txt:63;Tools/regression/verify-cli-editor-operation.ps1:131;Tools/regression/verify-prefab-nested-update.ps1:54;Tools/regression/verify-prefab-nested-update.ps1:56
object.rootref	-	editor_operation	commandlet	Fixture-only root-reference mutation for hierarchy transfer regressions	Tools/regression/ddol_canvas_probe.txt:65;Tools/regression/ddol_canvas_probe.txt:84;Tools/regression/prefab_nested_probe.txt:54;Tools/regression/prefab_nested_probe.txt:72;Tools/regression/verify-cli-editor-operation.ps1:142
object.transform	-	editor_operation	api	retained developer product query or engine service; no synthetic fixture execution	Tools/featuretest/build-scenes.ps1:64;Tools/featuretest/build-scenes.ps1:67;Tools/featuretest/build-scenes.ps1:89;Tools/featuretest/build-scenes.ps1:174;Tools/featuretest/build-scenes.ps1:183;Tools/regression/prefab_override_write.txt:69;Tools/regression/prefab_override_write.txt:80;Tools/regression/run-all.ps1:641;Tools/regression/verify-cli-editor-operation.ps1:139;Tools/regression/verify-model-cutover-budget.ps1:199;Tools/regression/verify-model-scene-consumption.ps1:126;Tools/regression/verify-model-typed-consumers.ps1:60;Tools/regression/verify-prefab-override-write.ps1:17;Tools/regression/verify-prefab-override-write.ps1:181;Tools/regression/verify-transform-roundtrip.ps1:84;scripts/skinned_pose_visual.txt:29;scripts/skin_pose_visual.txt:28
perf.reflect	-	probe	remove	Retired completed design/performance comparison; dedicated implementation and assets removed. See CommandletRetirementAudit.md.	retired; rejection covered by verify-editor-command-surface.ps1
pipeline.nodes	-	engine_service	api	retained developer product query or engine service; no synthetic fixture execution	Tools/regression/lc0-static-inventory.ps1:78;Tools/regression/verify-pipeline-composition.ps1:12;Tools/regression/verify-pipeline-composition.ps1:173;Tools/regression/verify-pipeline-composition.ps1:196
pix.capture	-	probe	api	developer diagnostics; old probe class does not imply harness	Tools/dx12-validation/Invoke-DX12Validation.ps1:295;Tools/dx12-validation/Invoke-DX12Validation.ps1:297
play	stop	editor_operation	api	retained developer product query or engine service; no synthetic fixture execution	Tools/build.ps1:37;Tools/build.ps1:82;Tools/build.ps1:484;Tools/build.ps1:489;Tools/build.ps1:1148;Tools/build.ps1:1151;Tools/build.ps1:1244;Tools/build.ps1:1246;Tools/build.ps1:1295;Tools/build.ps1:1298;Tools/build.ps1:1303;Tools/build.ps1:1304;Tools/build.ps1:1322;Tools/build.ps1:1323;Tools/build.ps1:1324;Tools/build.ps1:1369;Tools/build.ps1:1535;Tools/build.ps1:1538;Tools/build.ps1:1605;Tools/build.ps1:1608;Tools/build.ps1:1784;Tools/dx12-validation/Invoke-DX12Validation.ps1:157;Tools/dx12-validation/Invoke-DX12Validation.ps1:343;Tools/dx12-validation/Invoke-DX12Validation.ps1:354;Tools/regression/bt_smoke.txt:72;Tools/regression/ddol_script_probe.txt:17;Tools/regression/ddol_script_probe.txt:58;Tools/regression/lc0-measure.ps1:199;Tools/regression/lc0-measure.ps1:200;Tools/regression/lc0-measure.ps1:209;Tools/regression/lc0-measure.ps1:261;Tools/regression/lc0-static-inventory.ps1:61;Tools/regression/lc0-static-inventory.ps1:62;Tools/regression/lc0-static-inventory.ps1:63;Tools/regression/lc0-static-inventory.ps1:65;Tools/regression/light_slot_restore.txt:73;Tools/regression/light_slot_restore.txt:82;Tools/regression/run-all.ps1:159;Tools/regression/run-all.ps1:164;Tools/regression/run-all.ps1:168;Tools/regression/run-all.ps1:534;Tools/regression/run-all.ps1:555;Tools/regression/run-all.ps1:560;Tools/regression/run-all.ps1:563;Tools/regression/run-all.ps1:569;Tools/regression/run-all.ps1:576;Tools/regression/run-all.ps1:843;Tools/regression/ui_regression.txt:42;Tools/regression/ui_regression.txt:52;Tools/regression/ui_regression.txt:61;Tools/regression/ui_regression.txt:67;Tools/regression/ui_regression.txt:71;Tools/regression/verify-asset-authoring-ownership.ps1:191;Tools/regression/verify-asset-authoring-ownership.ps1:195;Tools/regression/verify-asset-authoring-ownership.ps1:196;Tools/regression/verify-asset-presentation-boundary.ps1:51;Tools/regression/verify-asset-presentation-boundary.ps1:53;Tools/regression/verify-asset-presentation-boundary.ps1:56;Tools/regression/verify-asset-runtime-change-boundary.ps1:59;Tools/regression/verify-asset-runtime-change-boundary.ps1:63;Tools/regression/verify-bt-smoke.ps1:125;Tools/regression/verify-bt-smoke.ps1:138;Tools/regression/verify-bt-smoke.ps1:139;Tools/regression/verify-bt-smoke.ps1:143;Tools/regression/verify-bt-smoke.ps1:212;Tools/regression/verify-cli-editor-operation.ps1:119;Tools/regression/verify-cli-editor-operation.ps1:122;Tools/regression/verify-cli-editor-operation.ps1:127;Tools/regression/verify-ddol-script.ps1:131;Tools/regression/verify-legacy-skeleton-retirement.ps1:14;Tools/regression/verify-light-slot-restore.ps1:18;Tools/regression/verify-light-slot-restore.ps1:19;Tools/regression/verify-packaging-boundaries.ps1:12;Tools/regression/verify-packaging-boundaries.ps1:13;Tools/regression/verify-packaging-boundaries.ps1:14;Tools/regression/verify-phase17-local-d1-runtime-hygiene.ps1:107;Tools/regression/verify-phase17-local-d1-runtime-hygiene.ps1:109;Tools/regression/verify-phase17-local-d1-runtime-hygiene.ps1:110;Tools/regression/verify-phase17-local-d1-runtime-hygiene.ps1:112;Tools/regression/verify-phase17-local-d1-runtime-hygiene.ps1:135;Tools/regression/verify-phase17-local-d1-runtime-hygiene.ps1:138;Tools/regression/verify-phase17-local-d1-runtime-hygiene.ps1:146;Tools/regression/verify-phase17-local-d1-runtime-hygiene.ps1:150;Tools/regression/verify-phase17-local-d1-runtime-hygiene.ps1:159;Tools/regression/verify-phase17-local-d1-runtime-hygiene.ps1:162;Tools/regression/verify-pipeline-composition.ps1:99;Tools/regression/verify-pipeline-composition.ps1:100;Tools/regression/verify-pipeline-composition.ps1:101;Tools/regression/verify-pipeline-composition.ps1:102;Tools/regression/verify-pipeline-composition.ps1:124;Tools/regression/verify-pipeline-composition.ps1:125;Tools/regression/verify-pipeline-composition.ps1:126;Tools/regression/verify-pipeline-composition.ps1:127;Tools/regression/verify-pipeline-composition.ps1:133;Tools/regression/verify-pipeline-composition.ps1:136;Tools/regression/verify-pipeline-composition.ps1:138;Tools/regression/verify-play-mode-policy-boundary.ps1:88;Tools/regression/verify-play-mode-policy-boundary.ps1:89;Tools/regression/verify-play-mode-policy-boundary.ps1:90;Tools/regression/verify-play-mode-policy-boundary.ps1:92;Tools/regression/verify-play-mode-policy-boundary.ps1:93;Tools/regression/verify-play-mode-policy-boundary.ps1:96;Tools/regression/verify-play-mode-policy-boundary.ps1:102;Tools/regression/verify-play-mode-policy-boundary.ps1:105;Tools/regression/verify-play-mode-policy-boundary.ps1:108;Tools/regression/verify-play-mode-policy-boundary.ps1:149;Tools/regression/verify-play-roundtrip.ps1:5;Tools/regression/verify-play-roundtrip.ps1:15;Tools/regression/verify-play-roundtrip.ps1:47;Tools/regression/verify-play-roundtrip.ps1:55;Tools/regression/verify-play-roundtrip.ps1:57;Tools/regression/verify-play-roundtrip.ps1:61;Tools/regression/verify-play-roundtrip.ps1:62;Tools/regression/verify-play-roundtrip.ps1:65;Tools/regression/verify-play-roundtrip.ps1:76;Tools/regression/verify-play-roundtrip.ps1:83;Tools/regression/verify-play-roundtrip.ps1:123;Tools/regression/verify-play-roundtrip.ps1:127;Tools/regression/verify-play-roundtrip.ps1:137;Tools/regression/verify-play-roundtrip.ps1:145;Tools/regression/verify-play-roundtrip.ps1:148;Tools/regression/verify-play-roundtrip.ps1:151;Tools/regression/verify-play-roundtrip.ps1:172;Tools/regression/verify-play-roundtrip.ps1:173;Tools/regression/verify-play-roundtrip.ps1:174;Tools/regression/verify-play-roundtrip.ps1:176;Tools/regression/verify-play-roundtrip.ps1:177;Tools/regression/verify-play-roundtrip.ps1:183;Tools/regression/verify-play-roundtrip.ps1:199;Tools/regression/verify-play-selection-undo.ps1:5;Tools/regression/verify-play-selection-undo.ps1:7;Tools/regression/verify-play-selection-undo.ps1:49;Tools/regression/verify-play-selection-undo.ps1:65;Tools/regression/verify-play-selection-undo.ps1:67;Tools/regression/verify-play-selection-undo.ps1:68;Tools/regression/verify-play-selection-undo.ps1:127;Tools/regression/verify-play-selection-undo.ps1:132;Tools/regression/verify-play-selection-undo.ps1:158;Tools/regression/verify-play-selection-undo.ps1:165;Tools/regression/verify-play-selection-undo.ps1:168;Tools/regression/verify-play-selection-undo.ps1:185;Tools/regression/verify-play-selection-undo.ps1:191;Tools/regression/verify-play-selection-undo.ps1:210;Tools/regression/verify-player-command-service.ps1:18;Tools/regression/verify-player-command-service.ps1:21;Tools/regression/verify-player-command-service.ps1:66;Tools/regression/verify-player-command-service.ps1:92;Tools/regression/verify-player-command-service.ps1:93;Tools/regression/verify-player-command-service.ps1:102;Tools/regression/verify-player-command-service.ps1:117;Tools/regression/verify-player-command-service.ps1:135;Tools/regression/verify-player-command-service.ps1:136;Tools/regression/verify-player-command-service.ps1:143;Tools/regression/verify-player-command-service.ps1:145;Tools/regression/verify-player-command-service.ps1:147;Tools/regression/verify-player-command-service.ps1:151;Tools/regression/verify-player-command-service.ps1:155;Tools/regression/verify-player-command-service.ps1:161;Tools/regression/verify-player-command-service.ps1:178;Tools/regression/verify-player-command-service.ps1:179;Tools/regression/verify-player-command-service.ps1:180;Tools/regression/verify-player-command-service.ps1:188;Tools/regression/verify-player-command-service.ps1:229;Tools/regression/verify-player-command-service.ps1:230;Tools/regression/verify-player-command-service.ps1:238;Tools/regression/verify-player-missing-pak.ps1:21;Tools/regression/verify-player-missing-pak.ps1:23;Tools/regression/verify-player-missing-pak.ps1:110;Tools/regression/verify-player-missing-pak.ps1:163;Tools/regression/verify-player-missing-pak.ps1:175;Tools/regression/verify-player-missing-pak.ps1:184;Tools/regression/verify-player-missing-pak.ps1:185;Tools/regression/verify-player-missing-pak.ps1:188;Tools/regression/verify-player-missing-pak.ps1:194;Tools/regression/verify-player-missing-pak.ps1:202;Tools/regression/verify-player-normal-exit.ps1:23;Tools/regression/verify-player-normal-exit.ps1:25;Tools/regression/verify-player-normal-exit.ps1:46;Tools/regression/verify-player-normal-exit.ps1:56;Tools/regression/verify-player-normal-exit.ps1:57;Tools/regression/verify-player-normal-exit.ps1:64;Tools/regression/verify-player-normal-exit.ps1:71;Tools/regression/verify-player-normal-exit.ps1:88;Tools/regression/verify-player-normal-exit.ps1:89;Tools/regression/verify-player-normal-exit.ps1:107;Tools/regression/verify-player-normal-exit.ps1:139;Tools/regression/verify-player-normal-exit.ps1:140;Tools/regression/verify-player-normal-exit.ps1:147;Tools/regression/verify-player-normal-exit.ps1:148;Tools/regression/verify-player-normal-exit.ps1:151;Tools/regression/verify-player-normal-exit.ps1:159;Tools/regression/verify-player-normal-exit.ps1:170;Tools/regression/verify-player-runtime-boundary.ps1:15;Tools/regression/verify-player-runtime-boundary.ps1:16;Tools/regression/verify-player-runtime-boundary.ps1:17;Tools/regression/verify-player-runtime-boundary.ps1:43;Tools/regression/verify-player-runtime-hygiene.ps1:74;Tools/regression/verify-player-runtime-hygiene.ps1:75;Tools/regression/verify-player-runtime-hygiene.ps1:76;Tools/regression/verify-player-runtime-hygiene.ps1:78;Tools/regression/verify-player-runtime-hygiene.ps1:129;Tools/regression/verify-player-runtime-hygiene.ps1:133;Tools/regression/verify-player-runtime-hygiene.ps1:143;Tools/regression/verify-player-runtime-hygiene.ps1:147;Tools/regression/verify-player-runtime-hygiene.ps1:164;Tools/regression/verify-player-runtime-hygiene.ps1:166;Tools/regression/verify-player-runtime-text-parser.ps1:23;Tools/regression/verify-player-runtime-text-parser.ps1:25;Tools/regression/verify-player-runtime-text-parser.ps1:67;Tools/regression/verify-player-runtime-text-parser.ps1:86;Tools/regression/verify-player-runtime-text-parser.ps1:110;Tools/regression/verify-player-shipping-isolation.ps1:133;Tools/regression/verify-player-shipping-isolation.ps1:135;Tools/regression/verify-player-shipping-isolation.ps1:140;Tools/regression/verify-player-shipping-isolation.ps1:144;Tools/regression/verify-player-shipping-isolation.ps1:148;Tools/regression/verify-player-shipping-isolation.ps1:152;Tools/regression/verify-prefab-editor-ownership.ps1:45;Tools/regression/verify-prefab-editor-ownership.ps1:46;Tools/regression/verify-prefab-editor-ownership.ps1:84;Tools/regression/verify-prefab-editor-ownership.ps1:86;Tools/regression/verify-prefab-editor-ownership.ps1:87;Tools/regression/verify-tag-authoring-read.ps1:10;scripts/asan_lifecycle_stress.txt:90;scripts/lifecycle_baseline.txt:129;scripts/lifecycle_baseline.txt:134;scripts/skinned_proxy_refresh.txt:20
play.state	-	engine_service	api	retained developer product query or engine service; no synthetic fixture execution	Tools/regression/verify-play-roundtrip.ps1:15;Tools/regression/verify-play-roundtrip.ps1:55;Tools/regression/verify-play-roundtrip.ps1:61;Tools/regression/verify-play-roundtrip.ps1:65;Tools/regression/verify-play-roundtrip.ps1:137
prefab.corpus.digest	-	probe	commandlet	Retained product regression in an isolated process; scenario validation or fixture; closure evidence required before retention	Tools/regression/verify-prefab-authoring-corpus.ps1:52;Tools/regression/verify-prefab-authoring-corpus.ps1:56
prefab.create	-	editor_operation	api	retained developer product query or engine service; no synthetic fixture execution	Tools/regression/bt_smoke.txt:44;Tools/regression/prefab_duplicate.txt:29;Tools/regression/prefab_identity_injection.txt:37;Tools/regression/prefab_nested_probe.txt:40;Tools/regression/prefab_nested_probe.txt:57;Tools/regression/prefab_nested_update_probe.txt:91;Tools/regression/prefab_nested_update_probe.txt:128;Tools/regression/prefab_override_write.txt:19;Tools/regression/prefab_override_write.txt:51;Tools/regression/prefab_roundtrip.txt:19;Tools/regression/prefab_roundtrip.txt:32;Tools/regression/reflect_golden.txt:26;Tools/regression/verify-cli-editor-operation.ps1:146;Tools/regression/verify-player-command-service.ps1:198;Tools/regression/verify-prefab-identity-injection.ps1:115;Tools/regression/verify-prefab-nested-update.ps1:222
prefab.instantiate	-	editor_operation	api	retained developer product query or engine service; no synthetic fixture execution	Tools/regression/bt_smoke.txt:63;Tools/regression/bt_smoke.txt:65;Tools/regression/bt_smoke.txt:67;Tools/regression/prefab_duplicate.txt:31;Tools/regression/prefab_identity_injection.txt:39;Tools/regression/prefab_nested_probe.txt:47;Tools/regression/prefab_nested_probe.txt:65;Tools/regression/prefab_nested_update_probe.txt:101;Tools/regression/prefab_nested_update_probe.txt:105;Tools/regression/prefab_nested_update_probe.txt:156;Tools/regression/prefab_override_write.txt:55;Tools/regression/prefab_override_write.txt:56;Tools/regression/prefab_roundtrip.txt:42;Tools/regression/prefab_roundtrip.txt:44;Tools/regression/reflect_golden.txt:34;Tools/regression/reflect_golden.txt:36;Tools/regression/verify-cli-editor-operation.ps1:147;Tools/regression/verify-cli-editor-operation.ps1:175;Tools/regression/verify-prefab-authoring-corpus.ps1:49
prefab.objectguid	-	engine_service	api	retained developer product query or engine service; no synthetic fixture execution	Tools/regression/prefab_identity_injection.txt:45;Tools/regression/prefab_identity_injection.txt:46;Tools/regression/prefab_identity_injection.txt:57;Tools/regression/prefab_identity_injection.txt:58;Tools/regression/prefab_nested_probe.txt:69;Tools/regression/prefab_nested_probe.txt:70;Tools/regression/prefab_nested_probe.txt:71;Tools/regression/prefab_nested_update_probe.txt:153;Tools/regression/prefab_nested_update_probe.txt:160;Tools/regression/prefab_nested_update_probe.txt:161;Tools/regression/verify-prefab-nested-update.ps1:156;Tools/regression/verify-prefab-nested.ps1:6;Tools/regression/verify-prefab-nested.ps1:85;Tools/regression/verify-prefab-nested.ps1:156
prefab.overrides	-	engine_service	api	retained developer product query or engine service; no synthetic fixture execution	Tools/regression/prefab_duplicate.txt:34;Tools/regression/prefab_duplicate.txt:40;Tools/regression/prefab_identity_injection.txt:44;Tools/regression/prefab_identity_injection.txt:49;Tools/regression/prefab_nested_update_probe.txt:149;Tools/regression/prefab_override_write.txt:61;Tools/regression/prefab_override_write.txt:73;Tools/regression/prefab_override_write.txt:76;Tools/regression/prefab_override_write.txt:86;Tools/regression/prefab_override_write.txt:90;Tools/regression/verify-prefab-duplicate.ps1:10;Tools/regression/verify-prefab-duplicate.ps1:120;Tools/regression/verify-prefab-identity-injection.ps1:68;Tools/regression/verify-prefab-nested-update.ps1:145;Tools/regression/verify-prefab-nested-update.ps1:161;Tools/regression/verify-prefab-override-write.ps1:7;Tools/regression/verify-prefab-override-write.ps1:79;Tools/regression/verify-prefab-override-write.ps1:86
prefab.status	-	engine_service	api	retained developer product query or engine service; no synthetic fixture execution	Tools/regression/prefab_duplicate.txt:11;Tools/regression/prefab_duplicate.txt:16;Tools/regression/prefab_duplicate.txt:33;Tools/regression/prefab_duplicate.txt:39;Tools/regression/prefab_identity_injection.txt:15;Tools/regression/prefab_identity_injection.txt:43;Tools/regression/prefab_identity_injection.txt:56;Tools/regression/prefab_nested_probe.txt:64;Tools/regression/prefab_nested_probe.txt:67;Tools/regression/prefab_nested_update_probe.txt:84;Tools/regression/prefab_override_write.txt:58;Tools/regression/prefab_roundtrip.txt:41;Tools/regression/prefab_roundtrip.txt:46;Tools/regression/prefab_roundtrip.txt:53;Tools/regression/verify-prefab-duplicate.ps1:7;Tools/regression/verify-prefab-duplicate.ps1:95;Tools/regression/verify-prefab-identity-injection.ps1:7;Tools/regression/verify-prefab-identity-injection.ps1:105;Tools/regression/verify-prefab-nested-update.ps1:152;Tools/regression/verify-prefab-nested.ps1:4;Tools/regression/verify-prefab-nested.ps1:64;Tools/regression/verify-prefab-nested.ps1:69;Tools/regression/verify-prefab-roundtrip.ps1:68;Tools/regression/verify-prefab-roundtrip.ps1:73
prefab.update	-	editor_operation	api	retained developer product query or engine service; no synthetic fixture execution	Tools/regression/prefab_duplicate.txt:45;Tools/regression/prefab_identity_injection.txt:5;Tools/regression/prefab_identity_injection.txt:10;Tools/regression/prefab_identity_injection.txt:54;Tools/regression/prefab_nested_update_probe.txt:49;Tools/regression/prefab_nested_update_probe.txt:135;Tools/regression/prefab_override_write.txt:23;Tools/regression/prefab_override_write.txt:82;Tools/regression/run-all.ps1:628;Tools/regression/verify-cli-editor-operation.ps1:148;Tools/regression/verify-prefab-duplicate.ps1:13;Tools/regression/verify-prefab-duplicate.ps1:20;Tools/regression/verify-prefab-duplicate.ps1:184;Tools/regression/verify-prefab-duplicate.ps1:188;Tools/regression/verify-prefab-identity-injection.ps1:12;Tools/regression/verify-prefab-identity-injection.ps1:85;Tools/regression/verify-prefab-identity-injection.ps1:178;Tools/regression/verify-prefab-identity-injection.ps1:182;Tools/regression/verify-prefab-nested-update.ps1:165;Tools/regression/verify-prefab-nested-update.ps1:169;Tools/regression/verify-prefab-override-write.ps1:174
profile.selftest	-	probe	commandlet	Retained product regression in an isolated process; scenario validation or fixture; closure evidence required before retention	Tools/profiling-validation/Invoke-ProfilingValidation.ps1:122;Tools/profiling-validation/Invoke-ProfilingValidation.ps1:128
profile.stats	-	probe	api	developer diagnostics; old probe class does not imply harness	Tools/profiling-validation/Invoke-ProfilingValidation.ps1:121;Tools/profiling-validation/Invoke-ProfilingValidation.ps1:157;Tools/profiling-validation/Invoke-ProfilingValidation.ps1:162
quit	exit	engine_service	api	retained developer product query or engine service; no synthetic fixture execution	Tools/dx12-validation/Invoke-Dx12Suite.ps1:100;Tools/dx12-validation/Invoke-Dx12Suite.ps1:134;Tools/dx12-validation/Invoke-Dx12Suite.ps1:169;Tools/dx12-validation/Invoke-DX12Validation.ps1:241;Tools/dx12-validation/Invoke-DX12Validation.ps1:268;Tools/dx12-validation/Invoke-DX12Validation.ps1:299;Tools/dx12-validation/Invoke-DX12Validation.ps1:373;Tools/featuretest/build-scenes.ps1:214;Tools/featuretest/run-featuretests.ps1:61;Tools/featuretest/run-featuretests.ps1:110;Tools/migration/Invoke-SceneTextureGuidMigration.ps1:88;Tools/profiling-validation/Invoke-ProfilingValidation.ps1:123;Tools/profiling-validation/Invoke-ProfilingValidation.ps1:158;Tools/regression/ai_registry_probe.txt:26;Tools/regression/bt_smoke.txt:84;Tools/regression/ddol_canvas_probe.txt:90;Tools/regression/ddol_script_probe.txt:67;Tools/regression/hierarchy_convention.txt:75;Tools/regression/immediate_quit.txt:14;Tools/regression/lc0-measure.ps1:122;Tools/regression/lc6-live-classification.ps1:117;Tools/regression/light_slot_restore.txt:88;Tools/regression/prefab_duplicate.txt:50;Tools/regression/prefab_identity_injection.txt:62;Tools/regression/prefab_nested_probe.txt:78;Tools/regression/prefab_nested_update_probe.txt:170;Tools/regression/prefab_override_write.txt:97;Tools/regression/prefab_roundtrip.txt:56;Tools/regression/reflect_golden.txt:43;Tools/regression/resolution_sweep.txt:101;Tools/regression/transform_roundtrip.txt:54;Tools/regression/ui_layout_golden.txt:142;Tools/regression/ui_navigation_local.txt:8;Tools/regression/ui_regression.txt:75;Tools/regression/verify-animator-scene-single-truth.ps1:36;Tools/regression/verify-asset-authoring-ownership.ps1:323;Tools/regression/verify-asset-authoring-ownership.ps1:365;Tools/regression/verify-asset-authoring-ownership.ps1:376;Tools/regression/verify-asset-authoring-ownership.ps1:430;Tools/regression/verify-asset-authoring-ownership.ps1:446;Tools/regression/verify-asset-authoring-ownership.ps1:479;Tools/regression/verify-asset-authoring-ownership.ps1:496;Tools/regression/verify-asset-authoring-ownership.ps1:514;Tools/regression/verify-asset-authoring-ownership.ps1:535;Tools/regression/verify-asset-authoring-ownership.ps1:546;Tools/regression/verify-asset-authoring-ownership.ps1:565;Tools/regression/verify-asset-authoring-ownership.ps1:581;Tools/regression/verify-asset-authoring-ownership.ps1:600;Tools/regression/verify-asset-authoring-ownership.ps1:613;Tools/regression/verify-asset-authoring-ownership.ps1:638;Tools/regression/verify-asset-authoring-ownership.ps1:653;Tools/regression/verify-asset-guid-rename.ps1:20;Tools/regression/verify-asset-identity.ps1:100;Tools/regression/verify-asset-sidecar-v2.ps1:44;Tools/regression/verify-authoring-node-equality.ps1:32;Tools/regression/verify-cli-discovery.ps1:37;Tools/regression/verify-cli-exit-contract.ps1:51;Tools/regression/verify-cli-exit-contract.ps1:54;Tools/regression/verify-cli-exit-spine.ps1:92;Tools/regression/verify-cli-invocation.ps1:36;Tools/regression/verify-cli-invocation.ps1:104;Tools/regression/verify-cli-parser-golden.ps1:71;Tools/regression/verify-cli-registry-golden.ps1:47;Tools/regression/verify-cli-service.ps1:38;Tools/regression/verify-cli-service.ps1:74;Tools/regression/verify-cli-service.ps1:314;Tools/regression/verify-experiment-cooked-catalog.ps1:156;Tools/regression/verify-experiment-cooked-identities.ps1:40;Tools/regression/verify-experiment-document-cook-parity.ps1:60;Tools/regression/verify-experiment-ft-primitives.ps1:31;Tools/regression/verify-hierarchy-mutation.ps1:56;Tools/regression/verify-inputmap-yaml-corpus.ps1:53;Tools/regression/verify-material-authoring-corpus.ps1:45;Tools/regression/verify-model-asset-generation.ps1:102;Tools/regression/verify-model-cutover-budget.ps1:131;Tools/regression/verify-model-cutover-budget.ps1:160;Tools/regression/verify-model-cutover-budget.ps1:204;Tools/regression/verify-model-render-wiring.ps1:32;Tools/regression/verify-model-scene-consumption.ps1:136;Tools/regression/verify-model-scene-consumption.ps1:168;Tools/regression/verify-model-typed-consumers.ps1:75;Tools/regression/verify-phase17-local-d0-baseline.ps1:88;Tools/regression/verify-pipeline-composition.ps1:174;Tools/regression/verify-play-roundtrip.ps1:67;Tools/regression/verify-play-selection-undo.ps1:73;Tools/regression/verify-player-command-service.ps1:207;Tools/regression/verify-player-command-service.ps1:208;Tools/regression/verify-player-command-service.ps1:210;Tools/regression/verify-player-command-service.ps1:213;Tools/regression/verify-player-command-service.ps1:215;Tools/regression/verify-player-command-service.ps1:227;Tools/regression/verify-prefab-authoring-corpus.ps1:57;Tools/regression/verify-render-proxy-dirty.ps1:90;Tools/regression/verify-ryml-error-policy.ps1:41;Tools/regression/verify-scene-authoring-corpus.ps1:58;Tools/regression/verify-scene-entity-api.ps1:42;Tools/regression/verify-scene-entity-api.ps1:91;Tools/regression/verify-serialization-baseline.ps1:63;Tools/regression/verify-shadermeta-authoring-read.ps1:95;Tools/regression/verify-shutdown-order.ps1:22;Tools/regression/verify-tag-authoring-read.ps1:67;Tools/regression/verify-transform-bulk-writers.ps1:74;Tools/regression/verify-transform-domain-gates.ps1:46;Tools/regression/verify-transform-execution-graphs.ps1:50;Tools/regression/verify-transform-sparse-resolver.ps1:57;Tools/regression/verify-transform-targeted-pull.ps1:51;Tools/regression/verify-transform-write-publication.ps1:103;Tools/showcase/Start-MaterialShowcase.ps1:122;Tools/showcase/Start-MaterialShowcase.ps1:233;scripts/asan_lifecycle_stress.txt:136;scripts/editor_drop_animation.txt:21;scripts/lifecycle_baseline.txt:176;scripts/scene_churn_benchmark.txt:57;scripts/script_add_awake_once.txt:69;scripts/skinned_pose_visual.txt:100;scripts/skinned_proxy_refresh.txt:28;scripts/skin_pose_integrity.txt:30;scripts/skin_pose_visual.txt:43
reflect.golden	-	probe	commandlet	Retained product regression in an isolated process; scenario validation or fixture; closure evidence required before retention	Tools/regression/reflect_golden.txt:3;Tools/regression/reflect_golden.txt:39;Tools/regression/verify-reflection-golden.ps1:8;Tools/regression/verify-reflection-golden.ps1:14;Tools/regression/verify-reflection-golden.ps1:74
render.backend	-	engine_service	api	retained developer product query or engine service; no synthetic fixture execution	Tools/build.ps1:1004;Tools/build.ps1:1005;Tools/build.ps1:1075;Tools/build.ps1:1079;Tools/dx12-validation/Invoke-DX12Validation.ps1:265;Tools/dx12-validation/Invoke-DX12Validation.ps1:267;Tools/dx12-validation/Invoke-DX12Validation.ps1:293;Tools/dx12-validation/Invoke-DX12Validation.ps1:373
render.livecheck	-	probe	commandlet	Retained product regression in an isolated process; scenario validation or fixture; closure evidence required before retention	no literal consumer found
render.matmode	-	engine_service	api	retained developer product query or engine service; no synthetic fixture execution	scripts/skinned_pose_visual.txt:43
render.rtinfo	-	engine_service	api	retained developer product query or engine service; no synthetic fixture execution	no literal consumer found
render.shadowinfo	-	engine_service	api	retained developer product query or engine service; no synthetic fixture execution	no literal consumer found
rhi.uploadsegments	-	probe	commandlet	Retained contract regression with explicit caller-owned fixture inputs: mesh model path and material texture path	no literal consumer found
scene.bonedump	-	probe	api	developer diagnostics; old probe class does not imply harness	no literal consumer found
scene.ddol	-	engine_service	api	retained developer product query or engine service; no synthetic fixture execution	Tools/regression/ai_registry_probe.txt:17;Tools/regression/ddol_canvas_probe.txt:22;Tools/regression/ddol_canvas_probe.txt:72;Tools/regression/ddol_script_probe.txt:62;Tools/regression/verify-ddol-canvas.ps1:24;Tools/regression/verify-ddol-canvas.ps1:181
scene.dump	-	engine_service	api	retained developer product query or engine service; no synthetic fixture execution	Tools/featuretest/build-scenes.ps1:211;Tools/featuretest/run-featuretests.ps1:108;Tools/regression/verify-cli-editor-operation.ps1:113;Tools/showcase/Start-MaterialShowcase.ps1:120;scripts/lifecycle_baseline.txt:170
scene.executiongraph	-	probe	commandlet	Retained product regression in an isolated process; scenario validation or fixture; closure evidence required before retention	Tools/regression/verify-transform-execution-graphs.ps1:20;Tools/regression/verify-transform-execution-graphs.ps1:48;Tools/regression/verify-transform-execution-graphs.ps1:49
scene.flag	-	engine_service	api	retained developer product query or engine service; no synthetic fixture execution	no literal consumer found
scene.hierarchycheck	-	engine_service	api	Read-only shared scene validation service; no fixture creation	EditorDiagnostics.cpp; verify-editor-command-surface.ps1; hierarchy consumers
scene.hierarchymutation	-	probe	commandlet	Retained product regression in an isolated process; scenario validation or fixture; closure evidence required before retention	Tools/regression/verify-hierarchy-mutation.ps1:54
scene.load	scene.switch	engine_service	api	retained developer product query or engine service; no synthetic fixture execution	Tools/regression/lc0-measure.ps1:182;Tools/regression/verify-cli-exit-spine.ps1:119;Tools/regression/verify-cli-exit-spine.ps1:149;Tools/regression/verify-cli-exit-spine.ps1:157;Tools/regression/verify-cli-service.ps1:225;Tools/regression/verify-cli-service.ps1:232;Tools/regression/verify-cli-service.ps1:266
scene.new	-	engine_service	api	retained developer product query or engine service; no synthetic fixture execution	Tools/featuretest/build-scenes.ps1:207;Tools/regression/ai_registry_probe.txt:5;Tools/regression/ai_registry_probe.txt:10;Tools/regression/bt_smoke.txt:32;Tools/regression/bt_smoke.txt:49;Tools/regression/bt_smoke.txt:79;Tools/regression/ddol_canvas_probe.txt:50;Tools/regression/ddol_canvas_probe.txt:58;Tools/regression/ddol_script_probe.txt:47;Tools/regression/ddol_script_probe.txt:52;Tools/regression/hierarchy_convention.txt:37;Tools/regression/hierarchy_convention.txt:56;Tools/regression/light_slot_restore.txt:49;Tools/regression/light_slot_restore.txt:68;Tools/regression/prefab_duplicate.txt:22;Tools/regression/prefab_identity_injection.txt:30;Tools/regression/prefab_nested_probe.txt:21;Tools/regression/prefab_nested_probe.txt:34;Tools/regression/prefab_nested_probe.txt:61;Tools/regression/prefab_nested_update_probe.txt:80;Tools/regression/prefab_override_write.txt:40;Tools/regression/prefab_roundtrip.txt:25;Tools/regression/prefab_roundtrip.txt:38;Tools/regression/reflect_golden.txt:19;Tools/regression/reflect_golden.txt:31;Tools/regression/resolution_sweep.txt:29;Tools/regression/transform_roundtrip.txt:33;Tools/regression/ui_layout_golden.txt:32;Tools/regression/ui_navigation_local.txt:3;Tools/regression/ui_regression.txt:13;Tools/regression/ui_regression.txt:16;Tools/regression/ui_regression.txt:25;Tools/regression/verify-cli-invocation.ps1:78;Tools/regression/verify-ddol-canvas.ps1:44;Tools/regression/verify-prefab-authoring-corpus.ps1:46;Tools/regression/verify-scene-entity-api.ps1:33;scripts/asan_lifecycle_stress.txt:26;scripts/asan_lifecycle_stress.txt:45;scripts/asan_lifecycle_stress.txt:82;scripts/lifecycle_baseline.txt:56;scripts/lifecycle_baseline.txt:76;scripts/lifecycle_baseline.txt:114
scene.proxybench	-	probe	commandlet	Retained product regression in an isolated process; scenario validation or fixture; closure evidence required before retention	Tools/regression/verify-render-proxy-dirty.ps1:87;Tools/regression/verify-render-proxy-dirty.ps1:88
scene.proxydirty	-	probe	commandlet	Retained product regression in an isolated process; scenario validation or fixture; closure evidence required before retention	Tools/regression/verify-render-proxy-dirty.ps1:22;Tools/regression/verify-render-proxy-dirty.ps1:89
scene.save	-	engine_service	api	retained developer product query or engine service; no synthetic fixture execution	Tools/featuretest/build-scenes.ps1:212;Tools/migration/Invoke-SceneTextureGuidMigration.ps1:12;Tools/migration/Invoke-SceneTextureGuidMigration.ps1:86;Tools/regression/ai_registry_probe.txt:7;Tools/regression/ddol_canvas_probe.txt:53;Tools/regression/ddol_script_probe.txt:38;Tools/regression/ddol_script_probe.txt:49;Tools/regression/hierarchy_convention.txt:46;Tools/regression/hierarchy_convention.txt:65;Tools/regression/light_slot_restore.txt:63;Tools/regression/prefab_duplicate.txt:47;Tools/regression/prefab_identity_injection.txt:59;Tools/regression/prefab_nested_update_probe.txt:164;Tools/regression/prefab_nested_update_probe.txt:166;Tools/regression/prefab_override_write.txt:93;Tools/regression/prefab_roundtrip.txt:48;Tools/regression/transform_roundtrip.txt:44;Tools/regression/verify-asan-lifecycle.ps1:75;Tools/regression/verify-ddol-canvas.ps1:64;Tools/regression/verify-ddol-canvas.ps1:152;Tools/regression/verify-ddol-script.ps1:59;Tools/regression/verify-ddol-script.ps1:127;Tools/regression/verify-lifecycle-baseline.ps1:59;Tools/regression/verify-light-slot-restore.ps1:43;Tools/regression/verify-light-slot-restore.ps1:78;Tools/regression/verify-model-scene-consumption.ps1:134;Tools/regression/verify-model-typed-consumers.ps1:64;Tools/regression/verify-player-command-service.ps1:198;Tools/regression/verify-prefab-authoring-corpus.ps1:53;Tools/regression/verify-prefab-nested-update.ps1:213;Tools/regression/verify-prefab-nested-update.ps1:240;Tools/regression/verify-prefab-override-write.ps1:125;Tools/regression/verify-scene-authoring-corpus.ps1:53;Tools/regression/verify-scene-authoring-corpus.ps1:56;Tools/regression/verify-scene-entity-api.ps1:39;scripts/asan_lifecycle_stress.txt:41;scripts/asan_lifecycle_stress.txt:79;scripts/lifecycle_baseline.txt:71;scripts/lifecycle_baseline.txt:110;scripts/skinned_pose_visual.txt:60;scripts/skin_pose_visual.txt:32
scene.select	-	engine_service	api	retained developer product query or engine service; no synthetic fixture execution	Tools/regression/verify-play-selection-undo.ps1:55;Tools/regression/verify-play-selection-undo.ps1:63;Tools/regression/verify-play-selection-undo.ps1:64;Tools/regression/verify-play-selection-undo.ps1:67;Tools/regression/verify-play-selection-undo.ps1:71;Tools/regression/verify-play-selection-undo.ps1:142;Tools/regression/verify-play-selection-undo.ps1:144
scene.selection	-	engine_service	api	retained developer product query or engine service; no synthetic fixture execution	Tools/regression/verify-play-selection-undo.ps1:55;Tools/regression/verify-play-selection-undo.ps1:64;Tools/regression/verify-play-selection-undo.ps1:67;Tools/regression/verify-play-selection-undo.ps1:71
scene.sparseresolver	-	probe	split	Live telemetry/toggle only; fixture actions use scene.sparseresolver.check	Tools/regression/verify-transform-sparse-resolver.ps1:20;Tools/regression/verify-transform-sparse-resolver.ps1:55;Tools/regression/verify-transform-sparse-resolver.ps1:56
scene.sparseresolver.check		new	commandlet	Sparse resolver probe and benchmark	Tools/regression/verify-editor-command-surface.ps1
scene.transformbulk	-	probe	commandlet	Retained contract regression with explicit caller-owned fixture inputs: pose model path and distinct rebind model path	Tools/regression/verify-mbc-cutover-freeze.ps1:193;Tools/regression/verify-transform-bulk-writers.ps1:15;Tools/regression/verify-transform-bulk-writers.ps1:73
scene.transformdigest	-	probe	api	developer diagnostics; old probe class does not imply harness	Tools/regression/transform_roundtrip.txt:41;Tools/regression/transform_roundtrip.txt:50;Tools/regression/verify-play-roundtrip.ps1:56;Tools/regression/verify-play-roundtrip.ps1:62;Tools/regression/verify-play-roundtrip.ps1:66
scene.transformdomains	-	probe	commandlet	Retained product regression in an isolated process; scenario validation or fixture; closure evidence required before retention	Tools/regression/verify-transform-domain-gates.ps1:45
scene.transformpull	-	probe	split	Live telemetry/toggle only; fixture actions use scene.transformpull.check	Tools/regression/verify-transform-targeted-pull.ps1:14;Tools/regression/verify-transform-targeted-pull.ps1:50
scene.transformpull.check		new	commandlet	Targeted pull regression	Tools/regression/verify-editor-command-surface.ps1
scene.transformstats	-	probe	api	Source inspection: telemetry/toggle only; no synthetic fixture branch remains	no literal consumer found
scene.transformwritestats	-	probe	split	Live telemetry/toggle only; fixture actions use scene.transformwritestats.check	Tools/regression/verify-transform-write-publication.ps1:102
scene.transformwritestats.check		new	commandlet	Transform publication contract probe	Tools/regression/verify-editor-command-surface.ps1
scene.traversalbench	-	probe	commandlet	Retained product regression in an isolated process; scenario validation or fixture; closure evidence required before retention	no literal consumer found
script.add	-	engine_service	api	retained developer product query or engine service; no synthetic fixture execution	Tools/featuretest/build-scenes.ps1:114;Tools/regression/ddol_script_probe.txt:56;Tools/regression/run-all.ps1:245;Tools/regression/run-all.ps1:248;Tools/regression/ui_regression.txt:50;Tools/regression/verify-cli-script-reload.ps1:18;Tools/regression/verify-cli-script-reload.ps1:20;Tools/regression/verify-cli-script-reload.ps1:88;Tools/regression/verify-script-add-awake-once.ps1:1;Tools/regression/verify-script-add-awake-once.ps1:6;Tools/regression/verify-script-add-awake-once.ps1:16;Tools/regression/verify-script-add-awake-once.ps1:121;Tools/regression/verify-script-add-awake-once.ps1:141;Tools/regression/verify-script-add-awake-once.ps1:146;Tools/regression/verify-script-add-awake-once.ps1:151;scripts/script_add_awake_once.txt:1;scripts/script_add_awake_once.txt:10;scripts/script_add_awake_once.txt:18;scripts/script_add_awake_once.txt:47;scripts/script_add_awake_once.txt:63
script.fields	-	engine_service	api	retained developer product query or engine service; no synthetic fixture execution	no literal consumer found
script.invoke	-	engine_service	api	retained developer product query or engine service; no synthetic fixture execution	Tools/regression/run-all.ps1:138;Tools/regression/verify-cli-script-invoke.ps1:29;Tools/regression/verify-cli-script-invoke.ps1:141;Tools/regression/verify-cli-script-invoke.ps1:145;Tools/regression/verify-cli-script-invoke.ps1:183;Tools/regression/verify-cli-script-invoke.ps1:218;Tools/regression/verify-cli-script-invoke.ps1:230;Tools/regression/verify-cli-script-invoke.ps1:348;Tools/regression/verify-player-command-service.ps1:198
script.reload	-	engine_service	api	retained developer product query or engine service; no synthetic fixture execution	Tools/regression/verify-cli-script-invoke.ps1:274;Tools/regression/verify-cli-script-invoke.ps1:308;Tools/regression/verify-cli-script-reload.ps1:101;Tools/regression/verify-cli-script-reload.ps1:109;Tools/regression/verify-cli-script-reload.ps1:126
script.set	-	engine_service	api	retained developer product query or engine service; no synthetic fixture execution	Tools/regression/verify-cli-invocation.ps1:153
script.status	-	engine_service	api	retained developer product query or engine service; no synthetic fixture execution	Tools/regression/verify-cli-script-invoke.ps1:155;Tools/regression/verify-cli-script-reload.ps1:133;Tools/regression/verify-cli-script-reload.ps1:137;Tools/regression/verify-cli-script-reload.ps1:141
selftest	-	probe	remove	Generic selftest service doorway retired; verification uses a separate process registry	Tools/dx12-validation/Invoke-DX12Validation.ps1:235;Tools/dx12-validation/Invoke-DX12Validation.ps1:236;Tools/dx12-validation/Invoke-DX12Validation.ps1:239;Tools/dx12-validation/Invoke-DX12Validation.ps1:246;Tools/profiling-validation/Invoke-ProfilingValidation.ps1:118;Tools/profiling-validation/Invoke-ProfilingValidation.ps1:122;Tools/profiling-validation/Invoke-ProfilingValidation.ps1:128;Tools/regression/run-all.ps1:436;Tools/regression/run-all.ps1:786;Tools/regression/run-all.ps1:789;Tools/regression/verify-asset-identity.ps1:4;Tools/regression/verify-asset-identity.ps1:94;Tools/regression/verify-asset-identity.ps1:115;Tools/regression/verify-asset-identity.ps1:139;Tools/regression/verify-asset-sidecar-v2.ps1:3;Tools/regression/verify-asset-sidecar-v2.ps1:61;Tools/regression/verify-cli-discovery.ps1:50;Tools/regression/verify-cli-discovery.ps1:51;Tools/regression/verify-cli-discovery.ps1:53;Tools/regression/verify-cli-discovery.ps1:54;Tools/regression/verify-cli-discovery.ps1:55;Tools/regression/verify-cli-discovery.ps1:56;Tools/regression/verify-cli-discovery.ps1:57;Tools/regression/verify-model-asset-generation.ps1:143;Tools/regression/verify-model-scene-consumption.ps1:6;Tools/regression/verify-model-scene-consumption.ps1:37;Tools/regression/verify-player-command-service.ps1:198;Tools/regression/verify-shadermeta-authoring-read.ps1:9;Tools/regression/verify-shadermeta-authoring-read.ps1:16
serialize.bench	-	probe	commandlet	Retained product regression in an isolated process; scenario validation or fixture; closure evidence required before retention	Tools/regression/verify-phase17-local-d0-baseline.ps1:83;Tools/regression/verify-phase17-local-d0-baseline.ps1:85;Tools/regression/verify-phase17-local-d0-baseline.ps1:87;Tools/regression/verify-phase17-local-d0-baseline.ps1:121;Tools/regression/verify-serialization-baseline.ps1:58;Tools/regression/verify-serialization-baseline.ps1:60;Tools/regression/verify-serialization-baseline.ps1:62;Tools/regression/verify-serialization-baseline.ps1:90
serialize.nodeequal	-	probe	commandlet	Retained product regression in an isolated process; scenario validation or fixture; closure evidence required before retention	Tools/regression/verify-authoring-node-equality.ps1:32;Tools/regression/verify-authoring-node-equality.ps1:50
serialize.rymlerror	-	probe	commandlet	Retained product regression in an isolated process; scenario validation or fixture; closure evidence required before retention	Tools/regression/verify-ryml-error-policy.ps1:41
shadermeta.probe	-	probe	commandlet	Retained product regression in an isolated process; scenario validation or fixture; closure evidence required before retention	Tools/regression/verify-shadermeta-authoring-read.ps1:95
tag.add	-	editor_operation	api	Shared project tag query or persisted Undo/Redo edit	verify-editor-command-surface.ps1; EditorProjectOperations.cpp
tag.authoring.probe	-	raw_fixture	remove	Replaced by shared product service: tag.list/tag.has/tag.add/tag.remove	old entrypoint rejected; consumers migrated
tag.has	-	engine_service	api	Shared project tag query or persisted Undo/Redo edit	verify-editor-command-surface.ps1; EditorProjectOperations.cpp
tag.list	-	engine_service	api	Shared project tag query or persisted Undo/Redo edit	verify-editor-command-surface.ps1; EditorProjectOperations.cpp
tag.remove	-	editor_operation	api	Shared project tag query or persisted Undo/Redo edit	verify-editor-command-surface.ps1; EditorProjectOperations.cpp
terrain.authoring.probe	-	raw_fixture	commandlet	Retained product regression in an isolated process; scenario validation or fixture; closure evidence required before retention	Tools/regression/verify-asset-authoring-ownership.ps1:375;Tools/regression/verify-asset-authoring-ownership.ps1:429
ui.anchor	-	engine_service	api	native UI property transaction shared with Inspector and Scene View; typed HTTP input; undo/redo	Tools/regression/ui_layout_golden.txt:77;Tools/regression/ui_layout_golden.txt:80;Tools/regression/ui_layout_golden.txt:83;Tools/regression/ui_layout_golden.txt:86;Tools/regression/ui_layout_golden.txt:89;Tools/regression/ui_layout_golden.txt:92;Tools/regression/ui_layout_golden.txt:94;Tools/regression/ui_layout_golden.txt:96;Tools/regression/ui_layout_golden.txt:98;Tools/regression/ui_layout_golden.txt:115;Tools/regression/ui_layout_golden.txt:118;Tools/regression/ui_layout_golden.txt:121;Tools/regression/ui_layout_golden.txt:132
ui.hitbox	-	engine_service	api	retained developer product query or engine service; no synthetic fixture execution	Tools/regression/resolution_sweep.txt:19;Tools/regression/resolution_sweep.txt:56;Tools/regression/resolution_sweep.txt:63;Tools/regression/resolution_sweep.txt:70;Tools/regression/resolution_sweep.txt:77;Tools/regression/resolution_sweep.txt:84;Tools/regression/resolution_sweep.txt:91;Tools/regression/resolution_sweep.txt:98;Tools/regression/ui_layout_golden.txt:139
ui.navprobe	-	engine_service	commandlet	Retained product regression in an isolated process; scenario validation or fixture; closure evidence required before retention	Tools/regression/ui_navigation_local.txt:5;Tools/regression/verify-ui-navigation-local.ps1:3;Tools/regression/verify-ui-navigation-local.ps1:38
ui.pos	-	ui.anchor alias	api	native UI property transaction shared with Inspector and Scene View; typed HTTP input; undo/redo	Tools/regression/verify-editor-command-surface.ps1
ui.rect	-	engine_service	api	retained developer product query or engine service; no synthetic fixture execution	Tools/regression/resolution_sweep.txt:19;Tools/regression/resolution_sweep.txt:55;Tools/regression/resolution_sweep.txt:62;Tools/regression/resolution_sweep.txt:69;Tools/regression/resolution_sweep.txt:76;Tools/regression/resolution_sweep.txt:83;Tools/regression/resolution_sweep.txt:90;Tools/regression/resolution_sweep.txt:97;Tools/regression/ui_layout_golden.txt:29;Tools/regression/ui_layout_golden.txt:138;Tools/regression/verify-resolution-sweep.ps1:93;Tools/regression/verify-ui-layout-golden.ps1:7;Tools/regression/verify-ui-layout-golden.ps1:63
ui.screenpos	-	ui.anchor alias	api	native UI property transaction shared with Inspector and Scene View; typed HTTP input; undo/redo	Tools/regression/verify-editor-command-surface.ps1
ui.size	-	ui.anchor alias	api	native UI property transaction shared with Inspector and Scene View; typed HTTP input; undo/redo	Tools/regression/verify-editor-command-surface.ps1
ui.status	-	engine_service	api	retained developer product query or engine service; no synthetic fixture execution	Tools/regression/ddol_canvas_probe.txt:15;Tools/regression/ddol_canvas_probe.txt:69;Tools/regression/ddol_canvas_probe.txt:80;Tools/regression/run-all.ps1:299;Tools/regression/verify-ddol-canvas.ps1:15;Tools/regression/verify-ddol-canvas.ps1:17;Tools/regression/verify-ddol-canvas.ps1:94;Tools/regression/verify-ddol-canvas.ps1:158
undo	redo	editor_operation	api	retained developer product query or engine service; no synthetic fixture execution	Tools/regression/run-all.ps1:564;Tools/regression/run-all.ps1:569;Tools/regression/verify-cli-editor-operation.ps1:30;Tools/regression/verify-cli-editor-operation.ps1:31;Tools/regression/verify-cli-editor-operation.ps1:38;Tools/regression/verify-cli-editor-operation.ps1:40;Tools/regression/verify-cli-editor-operation.ps1:41;Tools/regression/verify-cli-editor-operation.ps1:107;Tools/regression/verify-cli-editor-operation.ps1:119;Tools/regression/verify-cli-editor-operation.ps1:122;Tools/regression/verify-cli-editor-operation.ps1:127;Tools/regression/verify-cli-editor-operation.ps1:161;Tools/regression/verify-cli-editor-operation.ps1:218;Tools/regression/verify-cli-editor-operation.ps1:245;Tools/regression/verify-cli-editor-operation.ps1:248;Tools/regression/verify-cli-editor-operation.ps1:279;Tools/regression/verify-cli-editor-operation.ps1:289;Tools/regression/verify-play-mode-policy-boundary.ps1:38;Tools/regression/verify-play-selection-undo.ps1:6;Tools/regression/verify-play-selection-undo.ps1:51;Tools/regression/verify-play-selection-undo.ps1:56;Tools/regression/verify-play-selection-undo.ps1:57;Tools/regression/verify-play-selection-undo.ps1:61;Tools/regression/verify-play-selection-undo.ps1:62;Tools/regression/verify-play-selection-undo.ps1:68;Tools/regression/verify-play-selection-undo.ps1:72;Tools/regression/verify-play-selection-undo.ps1:82;Tools/regression/verify-play-selection-undo.ps1:89;Tools/regression/verify-play-selection-undo.ps1:109;Tools/regression/verify-play-selection-undo.ps1:112;Tools/regression/verify-play-selection-undo.ps1:130;Tools/regression/verify-play-selection-undo.ps1:131;Tools/regression/verify-play-selection-undo.ps1:132;Tools/regression/verify-play-selection-undo.ps1:133;Tools/regression/verify-play-selection-undo.ps1:148;Tools/regression/verify-play-selection-undo.ps1:149;Tools/regression/verify-play-selection-undo.ps1:151;Tools/regression/verify-play-selection-undo.ps1:164;Tools/regression/verify-play-selection-undo.ps1:165;Tools/regression/verify-play-selection-undo.ps1:167;Tools/regression/verify-play-selection-undo.ps1:168;Tools/regression/verify-play-selection-undo.ps1:169;Tools/regression/verify-play-selection-undo.ps1:183;Tools/regression/verify-play-selection-undo.ps1:184;Tools/regression/verify-play-selection-undo.ps1:187;Tools/regression/verify-play-selection-undo.ps1:188;Tools/regression/verify-play-selection-undo.ps1:205;Tools/regression/verify-play-selection-undo.ps1:206;Tools/regression/verify-play-selection-undo.ps1:207;Tools/regression/verify-play-selection-undo.ps1:210;Tools/regression/verify-play-selection-undo.ps1:212
undo.state	-	engine_service	api	retained developer product query or engine service; no synthetic fixture execution	Tools/regression/verify-cli-editor-operation.ps1:30;Tools/regression/verify-cli-editor-operation.ps1:107;Tools/regression/verify-play-selection-undo.ps1:56;Tools/regression/verify-play-selection-undo.ps1:62;Tools/regression/verify-play-selection-undo.ps1:68;Tools/regression/verify-play-selection-undo.ps1:72;Tools/regression/verify-play-selection-undo.ps1:112
vk.decal	-	probe	commandlet	Retained product regression in an isolated process; scenario validation or fixture; closure evidence required before retention	no literal consumer found
vk.deferred	-	probe	commandlet	Retained product regression in an isolated process; scenario validation or fixture; closure evidence required before retention	no literal consumer found
vk.fog	-	probe	commandlet	Retained product regression in an isolated process; scenario validation or fixture; closure evidence required before retention	no literal consumer found
vk.forward	-	probe	commandlet	Retained product regression in an isolated process; scenario validation or fixture; closure evidence required before retention	Tools/regression/verify-model-render-wiring.ps1:31;Tools/regression/verify-model-render-wiring.ps1:82;Tools/regression/verify-model-render-wiring.ps1:165
vk.gbuffer	-	probe	commandlet	Retained product regression in an isolated process; scenario validation or fixture; closure evidence required before retention	Tools/regression/verify-model-render-wiring.ps1:30;Tools/regression/verify-model-render-wiring.ps1:82;Tools/regression/verify-model-render-wiring.ps1:165
vk.gizmoicon	-	probe	commandlet	Retained product regression in an isolated process; scenario validation or fixture; closure evidence required before retention	no literal consumer found
vk.gizmoline	-	probe	commandlet	Retained product regression in an isolated process; scenario validation or fixture; closure evidence required before retention	no literal consumer found
vk.grid	-	probe	commandlet	Retained product regression in an isolated process; scenario validation or fixture; closure evidence required before retention	no literal consumer found
vk.ibl	-	probe	commandlet	Retained product regression in an isolated process; scenario validation or fixture; closure evidence required before retention	no literal consumer found
vk.parallel	-	probe	commandlet	Retained product regression in an isolated process; scenario validation or fixture; closure evidence required before retention	no literal consumer found
vk.post	-	probe	commandlet	Retained product regression in an isolated process; scenario validation or fixture; closure evidence required before retention	no literal consumer found
vk.selftest	-	probe	commandlet	Retained contract regression with explicit caller-owned fixture inputs: mesh model path and material texture path	no literal consumer found
vk.shadow	-	probe	commandlet	Retained product regression in an isolated process; scenario validation or fixture; closure evidence required before retention	Tools/regression/verify-model-render-wiring.ps1:29;Tools/regression/verify-model-render-wiring.ps1:81;Tools/regression/verify-model-render-wiring.ps1:165
vk.skybox	-	probe	commandlet	Retained product regression in an isolated process; scenario validation or fixture; closure evidence required before retention	no literal consumer found
vk.ssao	-	probe	commandlet	Retained product regression in an isolated process; scenario validation or fixture; closure evidence required before retention	no literal consumer found
vk.ssgi	-	probe	commandlet	Retained product regression in an isolated process; scenario validation or fixture; closure evidence required before retention	no literal consumer found
vk.ssr	-	probe	commandlet	Retained product regression in an isolated process; scenario validation or fixture; closure evidence required before retention	no literal consumer found
vk.sss	-	probe	commandlet	Retained product regression in an isolated process; scenario validation or fixture; closure evidence required before retention	no literal consumer found
vk.ui	-	probe	commandlet	Retained product regression in an isolated process; scenario validation or fixture; closure evidence required before retention	no literal consumer found
vk.wireframe	-	probe	commandlet	Retained product regression in an isolated process; scenario validation or fixture; closure evidence required before retention	no literal consumer found
wait	-	engine_service	batch_syntax	Process script frame delay; HTTP execution rejects this global pause	Tools/build.ps1:1185;Tools/build.ps1:1186;Tools/dx12-validation/Invoke-Dx12Suite.ps1:133;Tools/dx12-validation/Invoke-Dx12Suite.ps1:134;Tools/dx12-validation/Invoke-Dx12Suite.ps1:169;Tools/dx12-validation/Invoke-DX12Validation.ps1:220;Tools/dx12-validation/Invoke-DX12Validation.ps1:221;Tools/dx12-validation/Invoke-DX12Validation.ps1:240;Tools/dx12-validation/Invoke-DX12Validation.ps1:266;Tools/dx12-validation/Invoke-DX12Validation.ps1:294;Tools/dx12-validation/Invoke-DX12Validation.ps1:296;Tools/dx12-validation/Invoke-DX12Validation.ps1:298;Tools/dx12-validation/Invoke-DX12Validation.ps1:330;Tools/dx12-validation/Invoke-DX12Validation.ps1:331;Tools/dx12-validation/Invoke-DX12Validation.ps1:373;Tools/dx12-validation/Invoke-DX12Validation.ps1:384;Tools/featuretest/build-scenes.ps1:45;Tools/featuretest/build-scenes.ps1:87;Tools/featuretest/build-scenes.ps1:207;Tools/featuretest/build-scenes.ps1:210;Tools/featuretest/build-scenes.ps1:213;Tools/featuretest/run-featuretests.ps1:74;Tools/featuretest/run-featuretests.ps1:78;Tools/featuretest/run-featuretests.ps1:105;Tools/featuretest/run-featuretests.ps1:109;Tools/migration/Invoke-ModelAssetV8Cutover.ps1:64;Tools/migration/Invoke-ModelAssetV8Cutover.ps1:65;Tools/profiling-validation/Invoke-ProfilingValidation.ps1:120;Tools/profiling-validation/Invoke-ProfilingValidation.ps1:156;Tools/regression/ai_registry_probe.txt:4;Tools/regression/ai_registry_probe.txt:6;Tools/regression/ai_registry_probe.txt:8;Tools/regression/ai_registry_probe.txt:11;Tools/regression/ai_registry_probe.txt:14;Tools/regression/ai_registry_probe.txt:19;Tools/regression/ai_registry_probe.txt:23;Tools/regression/bt_smoke.txt:31;Tools/regression/bt_smoke.txt:33;Tools/regression/bt_smoke.txt:38;Tools/regression/bt_smoke.txt:43;Tools/regression/bt_smoke.txt:46;Tools/regression/bt_smoke.txt:50;Tools/regression/bt_smoke.txt:60;Tools/regression/bt_smoke.txt:64;Tools/regression/bt_smoke.txt:66;Tools/regression/bt_smoke.txt:68;Tools/regression/bt_smoke.txt:73;Tools/regression/bt_smoke.txt:76;Tools/regression/bt_smoke.txt:80;Tools/regression/ddol_canvas_probe.txt:44;Tools/regression/ddol_canvas_probe.txt:51;Tools/regression/ddol_canvas_probe.txt:54;Tools/regression/ddol_canvas_probe.txt:59;Tools/regression/ddol_canvas_probe.txt:61;Tools/regression/ddol_canvas_probe.txt:66;Tools/regression/ddol_canvas_probe.txt:73;Tools/regression/ddol_canvas_probe.txt:77;Tools/regression/ddol_script_probe.txt:44;Tools/regression/ddol_script_probe.txt:48;Tools/regression/ddol_script_probe.txt:50;Tools/regression/ddol_script_probe.txt:53;Tools/regression/ddol_script_probe.txt:55;Tools/regression/ddol_script_probe.txt:57;Tools/regression/ddol_script_probe.txt:61;Tools/regression/ddol_script_probe.txt:63;Tools/regression/ddol_script_probe.txt:65;Tools/regression/hierarchy_convention.txt:34;Tools/regression/hierarchy_convention.txt:38;Tools/regression/hierarchy_convention.txt:41;Tools/regression/hierarchy_convention.txt:44;Tools/regression/hierarchy_convention.txt:47;Tools/regression/hierarchy_convention.txt:50;Tools/regression/hierarchy_convention.txt:53;Tools/regression/hierarchy_convention.txt:57;Tools/regression/hierarchy_convention.txt:60;Tools/regression/hierarchy_convention.txt:63;Tools/regression/hierarchy_convention.txt:66;Tools/regression/hierarchy_convention.txt:69;Tools/regression/hierarchy_convention.txt:72;Tools/regression/immediate_quit.txt:10;Tools/regression/immediate_quit.txt:11;Tools/regression/lc0-measure.ps1:214;Tools/regression/lc0-measure.ps1:216;Tools/regression/lc0-measure.ps1:220;Tools/regression/lc0-measure.ps1:221;Tools/regression/lc0-measure.ps1:228;Tools/regression/lc0-measure.ps1:229;Tools/regression/lc0-measure.ps1:262;Tools/regression/light_slot_restore.txt:46;Tools/regression/light_slot_restore.txt:50;Tools/regression/light_slot_restore.txt:53;Tools/regression/light_slot_restore.txt:60;Tools/regression/light_slot_restore.txt:64;Tools/regression/light_slot_restore.txt:69;Tools/regression/light_slot_restore.txt:76;Tools/regression/light_slot_restore.txt:83;Tools/regression/light_slot_restore.txt:85;Tools/regression/prefab_duplicate.txt:21;Tools/regression/prefab_duplicate.txt:23;Tools/regression/prefab_duplicate.txt:26;Tools/regression/prefab_duplicate.txt:28;Tools/regression/prefab_duplicate.txt:30;Tools/regression/prefab_duplicate.txt:32;Tools/regression/prefab_duplicate.txt:38;Tools/regression/prefab_duplicate.txt:44;Tools/regression/prefab_duplicate.txt:46;Tools/regression/prefab_duplicate.txt:48;Tools/regression/prefab_identity_injection.txt:29;Tools/regression/prefab_identity_injection.txt:31;Tools/regression/prefab_identity_injection.txt:34;Tools/regression/prefab_identity_injection.txt:36;Tools/regression/prefab_identity_injection.txt:38;Tools/regression/prefab_identity_injection.txt:40;Tools/regression/prefab_identity_injection.txt:42;Tools/regression/prefab_identity_injection.txt:50;Tools/regression/prefab_identity_injection.txt:53;Tools/regression/prefab_identity_injection.txt:55;Tools/regression/prefab_identity_injection.txt:60;Tools/regression/prefab_nested_probe.txt:33;Tools/regression/prefab_nested_probe.txt:35;Tools/regression/prefab_nested_probe.txt:39;Tools/regression/prefab_nested_probe.txt:42;Tools/regression/prefab_nested_probe.txt:43;Tools/regression/prefab_nested_probe.txt:48;Tools/regression/prefab_nested_probe.txt:55;Tools/regression/prefab_nested_probe.txt:58;Tools/regression/prefab_nested_probe.txt:62;Tools/regression/prefab_nested_probe.txt:66;Tools/regression/prefab_nested_update_probe.txt:79;Tools/regression/prefab_nested_update_probe.txt:81;Tools/regression/prefab_nested_update_probe.txt:90;Tools/regression/prefab_nested_update_probe.txt:95;Tools/regression/prefab_nested_update_probe.txt:98;Tools/regression/prefab_nested_update_probe.txt:102;Tools/regression/prefab_nested_update_probe.txt:106;Tools/regression/prefab_nested_update_probe.txt:120;Tools/regression/prefab_nested_update_probe.txt:124;Tools/regression/prefab_nested_update_probe.txt:130;Tools/regression/prefab_nested_update_probe.txt:134;Tools/regression/prefab_nested_update_probe.txt:136;Tools/regression/prefab_nested_update_probe.txt:157;Tools/regression/prefab_nested_update_probe.txt:167;Tools/regression/prefab_override_write.txt:39;Tools/regression/prefab_override_write.txt:41;Tools/regression/prefab_override_write.txt:46;Tools/regression/prefab_override_write.txt:49;Tools/regression/prefab_override_write.txt:52;Tools/regression/prefab_override_write.txt:57;Tools/regression/prefab_override_write.txt:65;Tools/regression/prefab_override_write.txt:70;Tools/regression/prefab_override_write.txt:81;Tools/regression/prefab_override_write.txt:83;Tools/regression/prefab_override_write.txt:94;Tools/regression/prefab_roundtrip.txt:24;Tools/regression/prefab_roundtrip.txt:26;Tools/regression/prefab_roundtrip.txt:31;Tools/regression/prefab_roundtrip.txt:33;Tools/regression/prefab_roundtrip.txt:35;Tools/regression/prefab_roundtrip.txt:39;Tools/regression/prefab_roundtrip.txt:43;Tools/regression/prefab_roundtrip.txt:45;Tools/regression/prefab_roundtrip.txt:49;Tools/regression/prefab_roundtrip.txt:52;Tools/regression/reflect_golden.txt:18;Tools/regression/reflect_golden.txt:20;Tools/regression/reflect_golden.txt:25;Tools/regression/reflect_golden.txt:28;Tools/regression/reflect_golden.txt:32;Tools/regression/reflect_golden.txt:35;Tools/regression/reflect_golden.txt:37;Tools/regression/resolution_sweep.txt:28;Tools/regression/resolution_sweep.txt:30;Tools/regression/resolution_sweep.txt:35;Tools/regression/resolution_sweep.txt:41;Tools/regression/resolution_sweep.txt:48;Tools/regression/resolution_sweep.txt:52;Tools/regression/resolution_sweep.txt:60;Tools/regression/resolution_sweep.txt:67;Tools/regression/resolution_sweep.txt:74;Tools/regression/resolution_sweep.txt:81;Tools/regression/resolution_sweep.txt:88;Tools/regression/resolution_sweep.txt:95;Tools/regression/resolution_sweep.txt:100;Tools/regression/transform_roundtrip.txt:31;Tools/regression/transform_roundtrip.txt:34;Tools/regression/transform_roundtrip.txt:39;Tools/regression/transform_roundtrip.txt:42;Tools/regression/transform_roundtrip.txt:45;Tools/regression/transform_roundtrip.txt:48;Tools/regression/transform_roundtrip.txt:51;Tools/regression/ui_layout_golden.txt:31;Tools/regression/ui_layout_golden.txt:33;Tools/regression/ui_layout_golden.txt:38;Tools/regression/ui_layout_golden.txt:42;Tools/regression/ui_layout_golden.txt:72;Tools/regression/ui_layout_golden.txt:101;Tools/regression/ui_layout_golden.txt:113;Tools/regression/ui_layout_golden.txt:124;Tools/regression/ui_layout_golden.txt:131;Tools/regression/ui_layout_golden.txt:135;Tools/regression/ui_navigation_local.txt:2;Tools/regression/ui_navigation_local.txt:4;Tools/regression/ui_navigation_local.txt:6;Tools/regression/ui_regression.txt:24;Tools/regression/ui_regression.txt:26;Tools/regression/ui_regression.txt:29;Tools/regression/ui_regression.txt:31;Tools/regression/ui_regression.txt:35;Tools/regression/ui_regression.txt:39;Tools/regression/ui_regression.txt:41;Tools/regression/ui_regression.txt:43;Tools/regression/ui_regression.txt:45;Tools/regression/ui_regression.txt:49;Tools/regression/ui_regression.txt:51;Tools/regression/ui_regression.txt:53;Tools/regression/ui_regression.txt:55;Tools/regression/ui_regression.txt:60;Tools/regression/ui_regression.txt:62;Tools/regression/ui_regression.txt:64;Tools/regression/ui_regression.txt:68;Tools/regression/ui_regression.txt:70;Tools/regression/ui_regression.txt:72;Tools/regression/ui_regression.txt:74;Tools/regression/verify-asset-guid-rename.ps1:19;Tools/regression/verify-asset-packer-boundaries.ps1:74;Tools/regression/verify-asset-packer-boundaries.ps1:75;Tools/regression/verify-build-path-alias-boundaries.ps1:85;Tools/regression/verify-build-path-alias-boundaries.ps1:86;Tools/regression/verify-build-stage-boundary.ps1:90;Tools/regression/verify-build-stage-boundary.ps1:91;Tools/regression/verify-cli-drain.ps1:68;Tools/regression/verify-cli-drain.ps1:69;Tools/regression/verify-cli-drain.ps1:98;Tools/regression/verify-cli-drain.ps1:140;Tools/regression/verify-cli-drain.ps1:144;Tools/regression/verify-cli-drain.ps1:146;Tools/regression/verify-cli-drain.ps1:147;Tools/regression/verify-cli-drain.ps1:148;Tools/regression/verify-cli-exit-spine.ps1:119;Tools/regression/verify-cli-exit-spine.ps1:122;Tools/regression/verify-cli-exit-spine.ps1:138;Tools/regression/verify-cli-exit-spine.ps1:141;Tools/regression/verify-cli-service.ps1:195;Tools/regression/verify-cli-service.ps1:196;Tools/regression/verify-cli-service.ps1:214;Tools/regression/verify-cli-service.ps1:216;Tools/regression/verify-cli-service.ps1:217;Tools/regression/verify-cli-service.ps1:218;Tools/regression/verify-cli-service.ps1:233;Tools/regression/verify-cli-service.ps1:235;Tools/regression/verify-crash-dump.ps1:39;Tools/regression/verify-crash-dump.ps1:40;Tools/regression/verify-experiment-asset-cooker.ps1:103;Tools/regression/verify-experiment-asset-cooker.ps1:104;Tools/regression/verify-experiment-asset-cooker.ps1:219;Tools/regression/verify-experiment-cooked-catalog.ps1:148;Tools/regression/verify-experiment-cooked-catalog.ps1:150;Tools/regression/verify-experiment-cooked-catalog.ps1:152;Tools/regression/verify-experiment-cooked-catalog.ps1:154;Tools/regression/verify-experiment-ft-primitives.ps1:29;Tools/regression/verify-experiment-model-cook-all.ps1:179;Tools/regression/verify-experiment-model-cook-all.ps1:180;Tools/regression/verify-mathematics-contract.ps1:45;Tools/regression/verify-mathematics-contract.ps1:46;Tools/regression/verify-model-asset-generation.ps1:123;Tools/regression/verify-model-asset-generation.ps1:124;Tools/regression/verify-model-corpus-v8-cutover.ps1:41;Tools/regression/verify-model-corpus-v8-cutover.ps1:42;Tools/regression/verify-model-cutover-budget.ps1:79;Tools/regression/verify-model-cutover-budget.ps1:80;Tools/regression/verify-model-cutover-budget.ps1:194;Tools/regression/verify-model-cutover-budget.ps1:196;Tools/regression/verify-model-cutover-budget.ps1:198;Tools/regression/verify-model-cutover-budget.ps1:201;Tools/regression/verify-model-render-wiring.ps1:58;Tools/regression/verify-model-render-wiring.ps1:59;Tools/regression/verify-model-scene-consumption.ps1:75;Tools/regression/verify-model-scene-consumption.ps1:76;Tools/regression/verify-model-scene-consumption.ps1:119;Tools/regression/verify-model-scene-consumption.ps1:121;Tools/regression/verify-model-scene-consumption.ps1:123;Tools/regression/verify-model-scene-consumption.ps1:127;Tools/regression/verify-model-scene-consumption.ps1:131;Tools/regression/verify-model-scene-consumption.ps1:135;Tools/regression/verify-model-scene-consumption.ps1:162;Tools/regression/verify-model-scene-consumption.ps1:166;Tools/regression/verify-model-typed-consumers.ps1:55;Tools/regression/verify-model-typed-consumers.ps1:57;Tools/regression/verify-model-typed-consumers.ps1:59;Tools/regression/verify-model-typed-consumers.ps1:61;Tools/regression/verify-model-typed-consumers.ps1:63;Tools/regression/verify-model-typed-consumers.ps1:65;Tools/regression/verify-model-typed-consumers.ps1:67;Tools/regression/verify-model-typed-consumers.ps1:94;Tools/regression/verify-model-typed-consumers.ps1:95;Tools/regression/verify-pipeline-composition.ps1:165;Tools/regression/verify-pipeline-composition.ps1:168;Tools/regression/verify-pipeline-composition.ps1:170;Tools/regression/verify-pipeline-composition.ps1:172;Tools/regression/verify-play-roundtrip.ps1:48;Tools/regression/verify-play-roundtrip.ps1:54;Tools/regression/verify-play-roundtrip.ps1:58;Tools/regression/verify-play-roundtrip.ps1:60;Tools/regression/verify-play-roundtrip.ps1:64;Tools/regression/verify-play-selection-undo.ps1:54;Tools/regression/verify-play-selection-undo.ps1:66;Tools/regression/verify-play-selection-undo.ps1:70;Tools/regression/verify-player-missing-pak.ps1:171;Tools/regression/verify-player-missing-pak.ps1:172;Tools/regression/verify-player-normal-exit.ps1:130;Tools/regression/verify-player-normal-exit.ps1:131;Tools/regression/verify-player-runtime-boundary.ps1:66;Tools/regression/verify-player-runtime-boundary.ps1:67;Tools/regression/verify-player-runtime-text-parser.ps1:95;Tools/regression/verify-player-runtime-text-parser.ps1:96;Tools/regression/verify-prefab-authoring-corpus.ps1:47;Tools/regression/verify-prefab-authoring-corpus.ps1:51;Tools/regression/verify-prefab-authoring-corpus.ps1:55;Tools/regression/verify-prefab-nested-update.ps1:193;Tools/regression/verify-scene-authoring-corpus.ps1:52;Tools/regression/verify-scene-authoring-corpus.ps1:55;Tools/regression/verify-scene-entity-api.ps1:32;Tools/regression/verify-scene-entity-api.ps1:34;Tools/regression/verify-scene-entity-api.ps1:38;Tools/regression/verify-scene-entity-api.ps1:40;Tools/regression/verify-scene-entity-api.ps1:86;Tools/regression/verify-scene-entity-api.ps1:88;Tools/regression/verify-transform-roundtrip.ps1:88;Tools/showcase/Start-MaterialShowcase.ps1:109;Tools/showcase/Start-MaterialShowcase.ps1:111;Tools/showcase/Start-MaterialShowcase.ps1:121;Tools/showcase/Start-MaterialShowcase.ps1:136;scripts/asan_lifecycle_stress.txt:27;scripts/asan_lifecycle_stress.txt:30;scripts/asan_lifecycle_stress.txt:40;scripts/asan_lifecycle_stress.txt:42;scripts/asan_lifecycle_stress.txt:46;scripts/asan_lifecycle_stress.txt:53;scripts/asan_lifecycle_stress.txt:78;scripts/asan_lifecycle_stress.txt:80;scripts/asan_lifecycle_stress.txt:83;scripts/asan_lifecycle_stress.txt:89;scripts/asan_lifecycle_stress.txt:91;scripts/asan_lifecycle_stress.txt:96;scripts/asan_lifecycle_stress.txt:98;scripts/asan_lifecycle_stress.txt:107;scripts/asan_lifecycle_stress.txt:109;scripts/asan_lifecycle_stress.txt:111;scripts/asan_lifecycle_stress.txt:118;scripts/asan_lifecycle_stress.txt:123;scripts/asan_lifecycle_stress.txt:125;scripts/asan_lifecycle_stress.txt:127;scripts/asan_lifecycle_stress.txt:129;scripts/asan_lifecycle_stress.txt:131;scripts/editor_drop_animation.txt:13;scripts/editor_drop_animation.txt:15;scripts/editor_drop_animation.txt:17;scripts/editor_drop_animation.txt:20;scripts/lifecycle_baseline.txt:57;scripts/lifecycle_baseline.txt:60;scripts/lifecycle_baseline.txt:70;scripts/lifecycle_baseline.txt:72;scripts/lifecycle_baseline.txt:77;scripts/lifecycle_baseline.txt:84;scripts/lifecycle_baseline.txt:109;scripts/lifecycle_baseline.txt:111;scripts/lifecycle_baseline.txt:115;scripts/lifecycle_baseline.txt:126;scripts/lifecycle_baseline.txt:130;scripts/lifecycle_baseline.txt:139;scripts/lifecycle_baseline.txt:144;scripts/lifecycle_baseline.txt:146;scripts/lifecycle_baseline.txt:150;scripts/lifecycle_baseline.txt:158;scripts/lifecycle_baseline.txt:161;scripts/lifecycle_baseline.txt:165;scripts/scene_churn_benchmark.txt:25;scripts/scene_churn_benchmark.txt:31;scripts/scene_churn_benchmark.txt:33;scripts/scene_churn_benchmark.txt:39;scripts/scene_churn_benchmark.txt:41;scripts/scene_churn_benchmark.txt:47;scripts/scene_churn_benchmark.txt:49;scripts/script_add_awake_once.txt:59;scripts/script_add_awake_once.txt:61;scripts/script_add_awake_once.txt:64;scripts/skinned_pose_visual.txt:15;scripts/skinned_pose_visual.txt:21;scripts/skinned_pose_visual.txt:23;scripts/skinned_pose_visual.txt:30;scripts/skinned_pose_visual.txt:38;scripts/skinned_pose_visual.txt:44;scripts/skinned_pose_visual.txt:49;scripts/skinned_pose_visual.txt:54;scripts/skinned_pose_visual.txt:59;scripts/skinned_pose_visual.txt:61;scripts/skinned_pose_visual.txt:63;scripts/skinned_pose_visual.txt:69;scripts/skinned_pose_visual.txt:72;scripts/skinned_pose_visual.txt:75;scripts/skinned_pose_visual.txt:77;scripts/skinned_pose_visual.txt:80;scripts/skinned_pose_visual.txt:83;scripts/skinned_pose_visual.txt:86;scripts/skinned_pose_visual.txt:89;scripts/skinned_pose_visual.txt:92;scripts/skinned_pose_visual.txt:96;scripts/skinned_proxy_refresh.txt:15;scripts/skinned_proxy_refresh.txt:17;scripts/skinned_proxy_refresh.txt:19;scripts/skinned_proxy_refresh.txt:21;scripts/skinned_proxy_refresh.txt:23;scripts/skinned_proxy_refresh.txt:25;scripts/skinned_proxy_refresh.txt:27;scripts/skin_pose_integrity.txt:13;scripts/skin_pose_integrity.txt:15;scripts/skin_pose_integrity.txt:17;scripts/skin_pose_integrity.txt:19;scripts/skin_pose_integrity.txt:21;scripts/skin_pose_integrity.txt:23;scripts/skin_pose_integrity.txt:25;scripts/skin_pose_integrity.txt:27;scripts/skin_pose_integrity.txt:29;scripts/skin_pose_visual.txt:20;scripts/skin_pose_visual.txt:22;scripts/skin_pose_visual.txt:24;scripts/skin_pose_visual.txt:29;scripts/skin_pose_visual.txt:31;scripts/skin_pose_visual.txt:33;scripts/skin_pose_visual.txt:35;scripts/skin_pose_visual.txt:37;scripts/skin_pose_visual.txt:41
window.info	-	engine_service	api	retained developer product query or engine service; no synthetic fixture execution	Tools/regression/resolution_sweep.txt:3;Tools/regression/resolution_sweep.txt:8;Tools/regression/resolution_sweep.txt:54;Tools/regression/resolution_sweep.txt:61;Tools/regression/resolution_sweep.txt:68;Tools/regression/resolution_sweep.txt:75;Tools/regression/resolution_sweep.txt:82;Tools/regression/resolution_sweep.txt:89;Tools/regression/resolution_sweep.txt:96;Tools/regression/ui_layout_golden.txt:35;Tools/regression/ui_layout_golden.txt:137;Tools/regression/verify-resolution-sweep.ps1:12;Tools/regression/verify-ui-layout-golden.ps1:85
window.resize	-	engine_service	api	retained developer product query or engine service; no synthetic fixture execution	Tools/featuretest/run-featuretests.ps1:74;Tools/regression/resolution_sweep.txt:59;Tools/regression/resolution_sweep.txt:66;Tools/regression/resolution_sweep.txt:73;Tools/regression/resolution_sweep.txt:80;Tools/regression/resolution_sweep.txt:87;Tools/regression/resolution_sweep.txt:94;Tools/regression/ui_layout_golden.txt:37;Tools/regression/verify-resolution-sweep.ps1:27;Tools/regression/verify-resolution-sweep.ps1:144;Tools/showcase/Start-MaterialShowcase.ps1:109
