mask,case,angle,field,x,y,z,w
2047,blender_defaults,0,14,0.190667942,0.190667942,0.190667942,0
2047,blender_defaults,0,19,0,0,0,0
2047,blender_defaults,0,20,0.57159251,0.57159251,0.57159251,0
2047,blender_defaults,0,21,0.834800601,0.834800601,0.834800601,0
2047,blender_defaults,0,22,0.0421196967,1.51778758,0,0
2047,blender_defaults,0,24,1,1,1,0
2047,blender_defaults,0,25,0.0399999991,0.0399999991,0.0399999991,0
2047,blender_defaults,1,14,0.202239707,0.202239707,0.202239707,0
2047,blender_defaults,1,19,0,0,0,0
2047,blender_defaults,1,20,0.264190376,0.264190376,0.264190376,0
2047,blender_defaults,1,21,0.824151456,0.824151456,0.824151456,0
2047,blender_defaults,1,22,0.0521572605,0.933210135,0,0
2047,blender_defaults,1,24,1,1,1,0
2047,blender_defaults,1,25,0.0399999991,0.0399999991,0.0399999991,0
2047,blender_defaults,2,14,0.21385248,0.21385248,0.21385248,0
2047,blender_defaults,2,19,0,0,0,0
2047,blender_defaults,2,20,0.0891867131,0.0891867131,0.0891867131,0
2047,blender_defaults,2,21,0.813540936,0.813540936,0.813540936,0
2047,blender_defaults,2,22,0.0827342495,0.533831298,0,0
2047,blender_defaults,2,24,1,1,1,0
2047,blender_defaults,2,25,0.0399999991,0.0399999991,0.0399999991,0
2047,blender_defaults,3,14,0.222609699,0.222609699,0.222609699,0
2047,blender_defaults,3,19,0,0,0,0
2047,blender_defaults,3,20,0.0407918878,0.0407918878,0.0407918878,0
2047,blender_defaults,3,21,0.807749569,0.807749569,0.807749569,0
2047,blender_defaults,3,22,0.35544607,0.308702677,0,0
2047,blender_defaults,3,24,1,1,1,0
2047,blender_defaults,3,25,0.0399999991,0.0399999991,0.0399999991,0
2047,blender_defaults,4,14,0.195343062,0.195343062,0.195343062,0
2047,blender_defaults,4,19,0,0,0,0
2047,blender_defaults,4,20,0.57159251,0.57159251,0.57159251,0
2047,blender_defaults,4,21,0.834707022,0.834707022,0.834707022,0
2047,blender_defaults,4,22,0.0912405252,1.51778758,0,0
2047,blender_defaults,4,24,1,1,1,0
2047,blender_defaults,4,25,0.0399999991,0.0399999991,0.0399999991,0
2047,blender_defaults,5,14,0.205785319,0.205785319,0.205785319,0
2047,blender_defaults,5,19,0,0,0,0
2047,blender_defaults,5,20,0.264190376,0.264190376,0.264190376,0
2047,blender_defaults,5,21,0.824193656,0.824193656,0.824193656,0
2047,blender_defaults,5,22,0.129547328,0.933210135,0,0
2047,blender_defaults,5,24,1,1,1,0
2047,blender_defaults,5,25,0.0399999991,0.0399999991,0.0399999991,0
2047,blender_defaults,6,14,0.217862129,0.217862129,0.217862129,0
2047,blender_defaults,6,19,0,0,0,0
2047,blender_defaults,6,20,0.0891867131,0.0891867131,0.0891867131,0
2047,blender_defaults,6,21,0.813537419,0.813537419,0.813537419,0
2047,blender_defaults,6,22,0.264723897,0.533831298,0,0
2047,blender_defaults,6,24,1,1,1,0
2047,blender_defaults,6,25,0.0399999991,0.0399999991,0.0399999991,0
2047,blender_defaults,7,14,0.234935373,0.234935373,0.234935373,0
2047,blender_defaults,7,19,0,0,0,0
2047,blender_defaults,7,20,0.0407918878,0.0407918878,0.0407918878,0
2047,blender_defaults,7,21,0.807747781,0.807747781,0.807747781,0
2047,blender_defaults,7,22,1.45699465,0.308702677,0,0
2047,blender_defaults,7,24,1,1,1,0
2047,blender_defaults,7,25,0.0399999991,0.0399999991,0.0399999991,0
2047,explicit_defaults,0,14,0.190667942,0.190667942,0.190667942,0
2047,explicit_defaults,0,19,0,0,0,0
2047,explicit_defaults,0,20,0.57159251,0.57159251,0.57159251,0
2047,explicit_defaults,0,21,0.834800601,0.834800601,0.834800601,0
2047,explicit_defaults,0,22,0.0421196967,1.51778758,0,0
2047,explicit_defaults,0,24,1,1,1,0
2047,explicit_defaults,0,25,0.0399999991,0.0399999991,0.0399999991,0
2047,explicit_defaults,1,14,0.202239707,0.202239707,0.202239707,0
2047,explicit_defaults,1,19,0,0,0,0
2047,explicit_defaults,1,20,0.264190376,0.264190376,0.264190376,0
2047,explicit_defaults,1,21,0.824151456,0.824151456,0.824151456,0
2047,explicit_defaults,1,22,0.0521572605,0.933210135,0,0
2047,explicit_defaults,1,24,1,1,1,0
2047,explicit_defaults,1,25,0.0399999991,0.0399999991,0.0399999991,0
2047,explicit_defaults,2,14,0.21385248,0.21385248,0.21385248,0
2047,explicit_defaults,2,19,0,0,0,0
2047,explicit_defaults,2,20,0.0891867131,0.0891867131,0.0891867131,0
2047,explicit_defaults,2,21,0.813540936,0.813540936,0.813540936,0
2047,explicit_defaults,2,22,0.0827342495,0.533831298,0,0
2047,explicit_defaults,2,24,1,1,1,0
2047,explicit_defaults,2,25,0.0399999991,0.0399999991,0.0399999991,0
2047,explicit_defaults,3,14,0.222609699,0.222609699,0.222609699,0
2047,explicit_defaults,3,19,0,0,0,0
2047,explicit_defaults,3,20,0.0407918878,0.0407918878,0.0407918878,0
2047,explicit_defaults,3,21,0.807749569,0.807749569,0.807749569,0
2047,explicit_defaults,3,22,0.35544607,0.308702677,0,0
2047,explicit_defaults,3,24,1,1,1,0
2047,explicit_defaults,3,25,0.0399999991,0.0399999991,0.0399999991,0
2047,explicit_defaults,4,14,0.195343062,0.195343062,0.195343062,0
2047,explicit_defaults,4,19,0,0,0,0
2047,explicit_defaults,4,20,0.57159251,0.57159251,0.57159251,0
2047,explicit_defaults,4,21,0.834707022,0.834707022,0.834707022,0
2047,explicit_defaults,4,22,0.0912405252,1.51778758,0,0
2047,explicit_defaults,4,24,1,1,1,0
2047,explicit_defaults,4,25,0.0399999991,0.0399999991,0.0399999991,0
2047,explicit_defaults,5,14,0.205785319,0.205785319,0.205785319,0
2047,explicit_defaults,5,19,0,0,0,0
2047,explicit_defaults,5,20,0.264190376,0.264190376,0.264190376,0
2047,explicit_defaults,5,21,0.824193656,0.824193656,0.824193656,0
2047,explicit_defaults,5,22,0.129547328,0.933210135,0,0
2047,explicit_defaults,5,24,1,1,1,0
2047,explicit_defaults,5,25,0.0399999991,0.0399999991,0.0399999991,0
2047,explicit_defaults,6,14,0.217862129,0.217862129,0.217862129,0
2047,explicit_defaults,6,19,0,0,0,0
2047,explicit_defaults,6,20,0.0891867131,0.0891867131,0.0891867131,0
2047,explicit_defaults,6,21,0.813537419,0.813537419,0.813537419,0
2047,explicit_defaults,6,22,0.264723897,0.533831298,0,0
2047,explicit_defaults,6,24,1,1,1,0
2047,explicit_defaults,6,25,0.0399999991,0.0399999991,0.0399999991,0
2047,explicit_defaults,7,14,0.234935373,0.234935373,0.234935373,0
2047,explicit_defaults,7,19,0,0,0,0
2047,explicit_defaults,7,20,0.0407918878,0.0407918878,0.0407918878,0
2047,explicit_defaults,7,21,0.807747781,0.807747781,0.807747781,0
2047,explicit_defaults,7,22,1.45699465,0.308702677,0,0
2047,explicit_defaults,7,24,1,1,1,0
2047,explicit_defaults,7,25,0.0399999991,0.0399999991,0.0399999991,0
2047,coat_one,0,14,0.0816987976,0.0816987976,0.0816987976,0
2047,coat_one,0,19,0,0,0,0
2047,coat_one,0,20,0.57159251,0.57159251,0.57159251,0
2047,coat_one,0,21,0.929214239,0.929214239,0.929214239,0
2047,coat_one,0,22,0.0421196967,1.51778758,0,0
2047,coat_one,0,24,1,1,1,0
2047,coat_one,0,25,0.0399999991,0.0399999991,0.0399999991,0
2047,coat_one,1,14,0.148811668,0.148811668,0.148811668,0
2047,coat_one,1,19,0,0,0,0
2047,coat_one,1,20,0.264190376,0.264190376,0.264190376,0
2047,coat_one,1,21,0.870607436,0.870607436,0.870607436,0
2047,coat_one,1,22,0.0521572605,0.933210135,0,0
2047,coat_one,1,24,1,1,1,0
2047,coat_one,1,25,0.0399999991,0.0399999991,0.0399999991,0
2047,coat_one,2,14,0.194779739,0.194779739,0.194779739,0
2047,coat_one,2,19,0,0,0,0
2047,coat_one,2,20,0.0891867131,0.0891867131,0.0891867131,0
2047,coat_one,2,21,0.830170572,0.830170572,0.830170572,0
2047,coat_one,2,22,0.0827342495,0.533831298,0,0
2047,coat_one,2,24,1,1,1,0
2047,coat_one,2,25,0.0399999991,0.0399999991,0.0399999991,0
2047,coat_one,3,14,0.21352908,0.21352908,0.21352908,0
2047,coat_one,3,19,0,0,0,0
2047,coat_one,3,20,0.0407918878,0.0407918878,0.0407918878,0
2047,coat_one,3,21,0.815591872,0.815591872,0.815591872,0
2047,coat_one,3,22,0.35544607,0.308702677,0,0
2047,coat_one,3,24,1,1,1,0
2047,coat_one,3,25,0.0399999991,0.0399999991,0.0399999991,0
2047,coat_one,4,14,0.0837079287,0.0837079287,0.0837079287,0
2047,coat_one,4,19,0,0,0,0
2047,coat_one,4,20,0.57159251,0.57159251,0.57159251,0
2047,coat_one,4,21,0.929170787,0.929170787,0.929170787,0
2047,coat_one,4,22,0.0912405252,1.51778758,0,0
2047,coat_one,4,24,1,1,1,0
2047,coat_one,4,25,0.0399999991,0.0399999991,0.0399999991,0
2047,coat_one,5,14,0.151419699,0.151419699,0.151419699,0
2047,coat_one,5,19,0,0,0,0
2047,coat_one,5,20,0.264190376,0.264190376,0.264190376,0
2047,coat_one,5,21,0.870639563,0.870639563,0.870639563,0
2047,coat_one,5,22,0.129547328,0.933210135,0,0
2047,coat_one,5,24,1,1,1,0
2047,coat_one,5,25,0.0399999991,0.0399999991,0.0399999991,0
2047,coat_one,6,14,0.198431462,0.198431462,0.198431462,0
2047,coat_one,6,19,0,0,0,0
2047,coat_one,6,20,0.0891867131,0.0891867131,0.0891867131,0
2047,coat_one,6,21,0.83016777,0.83016777,0.83016777,0
2047,coat_one,6,22,0.264723897,0.533831298,0,0
2047,coat_one,6,24,1,1,1,0
2047,coat_one,6,25,0.0399999991,0.0399999991,0.0399999991,0
2047,coat_one,7,14,0.225352988,0.225352988,0.225352988,0
2047,coat_one,7,19,0,0,0,0
2047,coat_one,7,20,0.0407918878,0.0407918878,0.0407918878,0
2047,coat_one,7,21,0.815590143,0.815590143,0.815590143,0
2047,coat_one,7,22,1.45699465,0.308702677,0,0
2047,coat_one,7,24,1,1,1,0
2047,coat_one,7,25,0.0399999991,0.0399999991,0.0399999991,0
2047,coat_rough,0,14,0.147293404,0.147293404,0.147293404,0
2047,coat_rough,0,19,0,0,0,0
2047,coat_rough,0,20,0.57159251,0.57159251,0.57159251,0
2047,coat_rough,0,21,0.874074996,0.874074996,0.874074996,0
2047,coat_rough,0,22,0.0421196967,1.51778758,0,0
2047,coat_rough,0,24,1,1,1,0
2047,coat_rough,0,25,0.0399999991,0.0399999991,0.0399999991,0
2047,coat_rough,1,14,0.170918673,0.170918673,0.170918673,0
2047,coat_rough,1,19,0,0,0,0
2047,coat_rough,1,20,0.264190376,0.264190376,0.264190376,0
2047,coat_rough,1,21,0.852544665,0.852544665,0.852544665,0
2047,coat_rough,1,22,0.0521572605,0.933210135,0,0
2047,coat_rough,1,24,1,1,1,0
2047,coat_rough,1,25,0.0399999991,0.0399999991,0.0399999991,0
2047,coat_rough,2,14,0.197721258,0.197721258,0.197721258,0
2047,coat_rough,2,19,0,0,0,0
2047,coat_rough,2,20,0.0891867131,0.0891867131,0.0891867131,0
2047,coat_rough,2,21,0.828370154,0.828370154,0.828370154,0
2047,coat_rough,2,22,0.0827342495,0.533831298,0,0
2047,coat_rough,2,24,1,1,1,0
2047,coat_rough,2,25,0.0399999991,0.0399999991,0.0399999991,0
2047,coat_rough,3,14,0.215764821,0.215764821,0.215764821,0
2047,coat_rough,3,19,0,0,0,0
2047,coat_rough,3,20,0.0407918878,0.0407918878,0.0407918878,0
2047,coat_rough,3,21,0.815521002,0.815521002,0.815521002,0
2047,coat_rough,3,22,0.35544607,0.308702677,0,0
2047,coat_rough,3,24,1,1,1,0
2047,coat_rough,3,25,0.0399999991,0.0399999991,0.0399999991,0
2047,coat_rough,4,14,0.15370439,0.15370439,0.15370439,0
2047,coat_rough,4,19,0,0,0,0
2047,coat_rough,4,20,0.57159251,0.57159251,0.57159251,0
2047,coat_rough,4,21,0.873940766,0.873940766,0.873940766,0
2047,coat_rough,4,22,0.0912405252,1.51778758,0,0
2047,coat_rough,4,24,1,1,1,0
2047,coat_rough,4,25,0.0399999991,0.0399999991,0.0399999991,0
2047,coat_rough,5,14,0.17588529,0.17588529,0.17588529,0
2047,coat_rough,5,19,0,0,0,0
2047,coat_rough,5,20,0.264190376,0.264190376,0.264190376,0
2047,coat_rough,5,21,0.852542639,0.852542639,0.852542639,0
2047,coat_rough,5,22,0.129547328,0.933210135,0,0
2047,coat_rough,5,24,1,1,1,0
2047,coat_rough,5,25,0.0399999991,0.0399999991,0.0399999991,0
2047,coat_rough,6,14,0.203586623,0.203586623,0.203586623,0
2047,coat_rough,6,19,0,0,0,0
2047,coat_rough,6,20,0.0891867131,0.0891867131,0.0891867131,0
2047,coat_rough,6,21,0.828388453,0.828388453,0.828388453,0
2047,coat_rough,6,22,0.264723897,0.533831298,0,0
2047,coat_rough,6,24,1,1,1,0
2047,coat_rough,6,25,0.0399999991,0.0399999991,0.0399999991,0
2047,coat_rough,7,14,0.239013717,0.239013717,0.239013717,0
2047,coat_rough,7,19,0,0,0,0
2047,coat_rough,7,20,0.0407918878,0.0407918878,0.0407918878,0
2047,coat_rough,7,21,0.815521777,0.815521777,0.815521777,0
2047,coat_rough,7,22,1.45699465,0.308702677,0,0
2047,coat_rough,7,24,1,1,1,0
2047,coat_rough,7,25,0.0399999991,0.0399999991,0.0399999991,0
2047,coat_ior_one,0,14,0.190667942,0.190667942,0.190667942,0
2047,coat_ior_one,0,19,0,0,0,0
2047,coat_ior_one,0,20,0.57159251,0.57159251,0.57159251,0
2047,coat_ior_one,0,21,0.834800601,0.834800601,0.834800601,0
2047,coat_ior_one,0,22,0.0421196967,1.51778758,0,0
2047,coat_ior_one,0,24,1,1,1,0
2047,coat_ior_one,0,25,0.0399999991,0.0399999991,0.0399999991,0
2047,coat_ior_one,1,14,0.202239707,0.202239707,0.202239707,0
2047,coat_ior_one,1,19,0,0,0,0
2047,coat_ior_one,1,20,0.264190376,0.264190376,0.264190376,0
2047,coat_ior_one,1,21,0.824151456,0.824151456,0.824151456,0
2047,coat_ior_one,1,22,0.0521572605,0.933210135,0,0
2047,coat_ior_one,1,24,1,1,1,0
2047,coat_ior_one,1,25,0.0399999991,0.0399999991,0.0399999991,0
2047,coat_ior_one,2,14,0.21385248,0.21385248,0.21385248,0
2047,coat_ior_one,2,19,0,0,0,0
2047,coat_ior_one,2,20,0.0891867131,0.0891867131,0.0891867131,0
2047,coat_ior_one,2,21,0.813540936,0.813540936,0.813540936,0
2047,coat_ior_one,2,22,0.0827342495,0.533831298,0,0
2047,coat_ior_one,2,24,1,1,1,0
2047,coat_ior_one,2,25,0.0399999991,0.0399999991,0.0399999991,0
2047,coat_ior_one,3,14,0.222609699,0.222609699,0.222609699,0
2047,coat_ior_one,3,19,0,0,0,0
2047,coat_ior_one,3,20,0.0407918878,0.0407918878,0.0407918878,0
2047,coat_ior_one,3,21,0.807749569,0.807749569,0.807749569,0
2047,coat_ior_one,3,22,0.35544607,0.308702677,0,0
2047,coat_ior_one,3,24,1,1,1,0
2047,coat_ior_one,3,25,0.0399999991,0.0399999991,0.0399999991,0
2047,coat_ior_one,4,14,0.195343062,0.195343062,0.195343062,0
2047,coat_ior_one,4,19,0,0,0,0
2047,coat_ior_one,4,20,0.57159251,0.57159251,0.57159251,0
2047,coat_ior_one,4,21,0.834707022,0.834707022,0.834707022,0
2047,coat_ior_one,4,22,0.0912405252,1.51778758,0,0
2047,coat_ior_one,4,24,1,1,1,0
2047,coat_ior_one,4,25,0.0399999991,0.0399999991,0.0399999991,0
2047,coat_ior_one,5,14,0.205785319,0.205785319,0.205785319,0
2047,coat_ior_one,5,19,0,0,0,0
2047,coat_ior_one,5,20,0.264190376,0.264190376,0.264190376,0
2047,coat_ior_one,5,21,0.824193656,0.824193656,0.824193656,0
2047,coat_ior_one,5,22,0.129547328,0.933210135,0,0
2047,coat_ior_one,5,24,1,1,1,0
2047,coat_ior_one,5,25,0.0399999991,0.0399999991,0.0399999991,0
2047,coat_ior_one,6,14,0.217862129,0.217862129,0.217862129,0
2047,coat_ior_one,6,19,0,0,0,0
2047,coat_ior_one,6,20,0.0891867131,0.0891867131,0.0891867131,0
2047,coat_ior_one,6,21,0.813537419,0.813537419,0.813537419,0
2047,coat_ior_one,6,22,0.264723897,0.533831298,0,0
2047,coat_ior_one,6,24,1,1,1,0
2047,coat_ior_one,6,25,0.0399999991,0.0399999991,0.0399999991,0
2047,coat_ior_one,7,14,0.234935373,0.234935373,0.234935373,0
2047,coat_ior_one,7,19,0,0,0,0
2047,coat_ior_one,7,20,0.0407918878,0.0407918878,0.0407918878,0
2047,coat_ior_one,7,21,0.807747781,0.807747781,0.807747781,0
2047,coat_ior_one,7,22,1.45699465,0.308702677,0,0
2047,coat_ior_one,7,24,1,1,1,0
2047,coat_ior_one,7,25,0.0399999991,0.0399999991,0.0399999991,0
2047,coat_tinted_emission,0,14,0.02615151,0.080267854,0.140697166,0
2047,coat_tinted_emission,0,19,0.891037285,0.790409446,2.84855819,0
2047,coat_tinted_emission,0,20,0.57159251,0.57159251,0.57159251,0
2047,coat_tinted_emission,0,21,0.380840242,0.617777586,0.882354975,0
2047,coat_tinted_emission,0,22,0.0421196967,1.51778758,0,0
2047,coat_tinted_emission,0,24,1,1,1,0
2047,coat_tinted_emission,0,25,0.0399999991,0.0399999991,0.0399999991,0
2047,coat_tinted_emission,1,14,0.0285795648,0.0915735662,0.161417395,0
2047,coat_tinted_emission,1,19,0.992852926,0.871176898,3.1237607,0
2047,coat_tinted_emission,1,20,0.264190376,0.264190376,0.264190376,0
2047,coat_tinted_emission,1,21,0.321342438,0.578050673,0.862672806,0
2047,coat_tinted_emission,1,22,0.0521572605,0.933210135,0,0
2047,coat_tinted_emission,1,24,1,1,1,0
2047,coat_tinted_emission,1,25,0.0399999991,0.0399999991,0.0399999991,0
2047,coat_tinted_emission,2,14,0.0330901891,0.105992652,0.184902266,0
2047,coat_tinted_emission,2,19,1.14438045,0.967896581,3.41175628,0
2047,coat_tinted_emission,2,20,0.0891867131,0.0891867131,0.0891867131,0
2047,coat_tinted_emission,2,21,0.26343596,0.540772617,0.840961814,0
2047,coat_tinted_emission,2,22,0.0827342495,0.533831298,0,0
2047,coat_tinted_emission,2,24,1,1,1,0
2047,coat_tinted_emission,2,25,0.0399999991,0.0399999991,0.0399999991,0
2047,coat_tinted_emission,3,14,0.0441515818,0.123474926,0.204231188,0
2047,coat_tinted_emission,3,19,1.36900818,1.05491948,3.56092167,0
2047,coat_tinted_emission,3,20,0.0407918878,0.0407918878,0.0407918878,0
2047,coat_tinted_emission,3,21,0.247996569,0.535824955,0.828852832,0
2047,coat_tinted_emission,3,22,0.35544607,0.308702677,0,0
2047,coat_tinted_emission,3,24,1,1,1,0
2047,coat_tinted_emission,3,25,0.0399999991,0.0399999991,0.0399999991,0
2047,coat_tinted_emission,4,14,0.0325616151,0.0881068781,0.150131792,0
2047,coat_tinted_emission,4,19,0.892676532,0.79186362,2.85379887,0
2047,coat_tinted_emission,4,20,0.57159251,0.57159251,0.57159251,0
2047,coat_tinted_emission,4,21,0.379690737,0.617037356,0.882071793,0
2047,coat_tinted_emission,4,22,0.0912405252,1.51778758,0,0
2047,coat_tinted_emission,4,24,1,1,1,0
2047,coat_tinted_emission,4,25,0.0399999991,0.0399999991,0.0399999991,0
2047,coat_tinted_emission,5,14,0.0335576572,0.0977045074,0.16882655,0
2047,coat_tinted_emission,5,19,0.993603528,0.87183553,3.12612247,0
2047,coat_tinted_emission,5,20,0.264190376,0.264190376,0.264190376,0
2047,coat_tinted_emission,5,21,0.320834607,0.577750087,0.862601936,0
2047,coat_tinted_emission,5,22,0.129547328,0.933210135,0,0
2047,coat_tinted_emission,5,24,1,1,1,0
2047,coat_tinted_emission,5,25,0.0399999991,0.0399999991,0.0399999991,0
2047,coat_tinted_emission,6,14,0.0393070094,0.113547795,0.193905994,0
2047,coat_tinted_emission,6,19,1.14394021,0.967524171,3.41044378,0
2047,coat_tinted_emission,6,20,0.0891867131,0.0891867131,0.0891867131,0
2047,coat_tinted_emission,6,21,0.263718814,0.540947616,0.841019928,0
2047,coat_tinted_emission,6,22,0.264723897,0.533831298,0,0
2047,coat_tinted_emission,6,24,1,1,1,0
2047,coat_tinted_emission,6,25,0.0399999991,0.0399999991,0.0399999991,0
2047,coat_tinted_emission,7,14,0.0777670965,0.161479518,0.246704131,0
2047,coat_tinted_emission,7,19,1.36895943,1.05488193,3.56079459,0
2047,coat_tinted_emission,7,20,0.0407918878,0.0407918878,0.0407918878,0
2047,coat_tinted_emission,7,21,0.248023063,0.535840571,0.828857362,0
2047,coat_tinted_emission,7,22,1.45699465,0.308702677,0,0
2047,coat_tinted_emission,7,24,1,1,1,0
2047,coat_tinted_emission,7,25,0.0399999991,0.0399999991,0.0399999991,0
2047,coat_normal,0,14,0.0310762804,0.0943126231,0.163531289,0
2047,coat_normal,0,19,1.08670425,0.934989929,3.32210994,0
2047,coat_normal,0,20,0.57159251,0.57159251,0.57159251,0
2047,coat_normal,0,21,0.282870173,0.559737563,0.862797379,0
2047,coat_normal,0,22,0.0421196967,1.51778758,0,0
2047,coat_normal,0,24,1,1,1,0
2047,coat_normal,0,25,0.0399999991,0.0399999991,0.0399999991,0
2047,coat_normal,1,14,0.0349098891,0.104349494,0.179211959,0
2047,coat_normal,1,19,1.16261804,0.977360427,3.4353888,0
2047,coat_normal,1,20,0.264190376,0.264190376,0.264190376,0
2047,coat_normal,1,21,0.260924488,0.543899298,0.848972976,0
2047,coat_normal,1,22,0.0521572605,0.933210135,0,0
2047,coat_normal,1,24,1,1,1,0
2047,coat_normal,1,25,0.0399999991,0.0399999991,0.0399999991,0
2047,coat_normal,2,14,0.043357946,0.118896201,0.198000744,0
2047,coat_normal,2,19,1.27456248,1.0250926,3.52979493,0
2047,coat_normal,2,20,0.0891867131,0.0891867131,0.0891867131,0
2047,coat_normal,2,21,0.24716489,0.534528732,0.835459471,0
2047,coat_normal,2,22,0.0827342495,0.533831298,0,0
2047,coat_normal,2,24,1,1,1,0
2047,coat_normal,2,25,0.0399999991,0.0399999991,0.0399999991,0
2047,coat_normal,3,14,0.150515601,0.229916513,0.309745401,0
2047,coat_normal,3,19,1.40949559,1.06573832,3.56589532,0
2047,coat_normal,3,20,0.0407918878,0.0407918878,0.0407918878,0
2047,coat_normal,3,21,0.250841081,0.53895098,0.828613758,0
2047,coat_normal,3,22,0.35544607,0.308702677,0,0
2047,coat_normal,3,24,1,1,1,0
2047,coat_normal,3,25,0.0399999991,0.0399999991,0.0399999991,0
2047,coat_normal,4,14,0.0304576904,0.108300172,0.195343062,0
2047,coat_normal,4,19,1.24735177,1.1088202,4,0
2047,coat_normal,4,20,0.57159251,0.57159251,0.57159251,0
2047,coat_normal,4,21,0.130146667,0.462770015,0.834707022,0
2047,coat_normal,4,22,0.0912405252,1.51778758,0,0
2047,coat_normal,4,24,1,1,1,0
2047,coat_normal,4,25,0.0399999991,0.0399999991,0.0399999991,0
2047,coat_normal,5,14,0.0336680561,0.0887771994,0.150390953,0
2047,coat_normal,5,19,0.838519335,0.745228231,2.68808818,0
2047,coat_normal,5,20,0.264190376,0.264190376,0.264190376,0
2047,coat_normal,5,21,0.414365739,0.635084152,0.881854236,0
2047,coat_normal,5,22,0.129547328,0.933210135,0,0
2047,coat_normal,5,24,1,1,1,0
2047,coat_normal,5,25,0.0399999991,0.0399999991,0.0399999991,0
2047,coat_normal,6,14,0.0348178223,0.103887632,0.180274233,0
2047,coat_normal,6,19,1.01605153,0.888081908,3.17863989,0
2047,coat_normal,6,20,0.0891867131,0.0891867131,0.0891867131,0
2047,coat_normal,6,21,0.308664501,0.566583931,0.851825655,0
2047,coat_normal,6,22,0.264723897,0.533831298,0,0
2047,coat_normal,6,24,1,1,1,0
2047,coat_normal,6,25,0.0399999991,0.0399999991,0.0399999991,0
2047,coat_normal,7,14,0.0547955707,0.13788493,0.224710345,0
2047,coat_normal,7,19,1.28222311,1.02789378,3.53407335,0
2047,coat_normal,7,20,0.0407918878,0.0407918878,0.0407918878,0
2047,coat_normal,7,21,0.245945767,0.531621099,0.830141664,0
2047,coat_normal,7,22,1.45699465,0.308702677,0,0
2047,coat_normal,7,24,1,1,1,0
2047,coat_normal,7,25,0.0399999991,0.0399999991,0.0399999991,0
2047,sheen_one,0,14,0.11080654,0.11080654,0.11080654,0
2047,sheen_one,0,19,0,0,0,0
2047,sheen_one,0,20,0.57159251,0.57159251,0.57159251,0
2047,sheen_one,0,21,0.926000416,0.926000416,0.926000416,0
2047,sheen_one,0,22,0.0421196967,1.51778758,0,0
2047,sheen_one,0,24,1,1,1,0
2047,sheen_one,0,25,0.0399999991,0.0399999991,0.0399999991,0
2047,sheen_one,1,14,0.154310688,0.154310688,0.154310688,0
2047,sheen_one,1,19,0,0,0,0
2047,sheen_one,1,20,0.264190376,0.264190376,0.264190376,0
2047,sheen_one,1,21,0.888810515,0.888810515,0.888810515,0
2047,sheen_one,1,22,0.0521572605,0.933210135,0,0
2047,sheen_one,1,24,1,1,1,0
2047,sheen_one,1,25,0.0399999991,0.0399999991,0.0399999991,0
2047,sheen_one,2,14,0.195178881,0.195178881,0.195178881,0
2047,sheen_one,2,19,0,0,0,0
2047,sheen_one,2,20,0.0891867131,0.0891867131,0.0891867131,0
2047,sheen_one,2,21,0.84223187,0.84223187,0.84223187,0
2047,sheen_one,2,22,0.0827342495,0.533831298,0,0
2047,sheen_one,2,24,1,1,1,0
2047,sheen_one,2,25,0.0399999991,0.0399999991,0.0399999991,0
2047,sheen_one,3,14,0.219506562,0.219506562,0.219506562,0
2047,sheen_one,3,19,0,0,0,0
2047,sheen_one,3,20,0.0407918878,0.0407918878,0.0407918878,0
2047,sheen_one,3,21,0.813422859,0.813422859,0.813422859,0
2047,sheen_one,3,22,0.35544607,0.308702677,0,0
2047,sheen_one,3,24,1,1,1,0
2047,sheen_one,3,25,0.0399999991,0.0399999991,0.0399999991,0
2047,sheen_one,4,14,0.109835811,0.109835811,0.109835811,0
2047,sheen_one,4,19,0,0,0,0
2047,sheen_one,4,20,0.57159251,0.57159251,0.57159251,0
2047,sheen_one,4,21,0.925958514,0.925958514,0.925958514,0
2047,sheen_one,4,22,0.0912405252,1.51778758,0,0
2047,sheen_one,4,24,1,1,1,0
2047,sheen_one,4,25,0.0399999991,0.0399999991,0.0399999991,0
2047,sheen_one,5,14,0.15402028,0.15402028,0.15402028,0
2047,sheen_one,5,19,0,0,0,0
2047,sheen_one,5,20,0.264190376,0.264190376,0.264190376,0
2047,sheen_one,5,21,0.888837218,0.888837218,0.888837218,0
2047,sheen_one,5,22,0.129547328,0.933210135,0,0
2047,sheen_one,5,24,1,1,1,0
2047,sheen_one,5,25,0.0399999991,0.0399999991,0.0399999991,0
2047,sheen_one,6,14,0.197749257,0.197749257,0.197749257,0
2047,sheen_one,6,19,0,0,0,0
2047,sheen_one,6,20,0.0891867131,0.0891867131,0.0891867131,0
2047,sheen_one,6,21,0.842228889,0.842228889,0.842228889,0
2047,sheen_one,6,22,0.264723897,0.533831298,0,0
2047,sheen_one,6,24,1,1,1,0
2047,sheen_one,6,25,0.0399999991,0.0399999991,0.0399999991,0
2047,sheen_one,7,14,0.231307104,0.231307104,0.231307104,0
2047,sheen_one,7,19,0,0,0,0
2047,sheen_one,7,20,0.0407918878,0.0407918878,0.0407918878,0
2047,sheen_one,7,21,0.81342113,0.81342113,0.81342113,0
2047,sheen_one,7,22,1.45699465,0.308702677,0,0
2047,sheen_one,7,24,1,1,1,0
2047,sheen_one,7,25,0.0399999991,0.0399999991,0.0399999991,0
2047,sheen_color,0,14,0.145400122,0.145838127,0.146538943,0
2047,sheen_color,0,19,0,0,0,0
2047,sheen_color,0,20,0.57159251,0.57159251,0.57159251,0
2047,sheen_color,0,21,0.680228233,0.754851758,0.874249458,0
2047,sheen_color,0,22,0.0421196967,1.51778758,0,0
2047,sheen_color,0,24,1,1,1,0
2047,sheen_color,0,25,0.0399999991,0.0399999991,0.0399999991,0
2047,sheen_color,1,14,0.195366442,0.195466176,0.195625737,0
2047,sheen_color,1,19,0,0,0,0
2047,sheen_color,1,20,0.264190376,0.264190376,0.264190376,0
2047,sheen_color,1,21,0.802326024,0.813039005,0.830179811,0
2047,sheen_color,1,22,0.0521572605,0.933210135,0,0
2047,sheen_color,1,24,1,1,1,0
2047,sheen_color,1,25,0.0399999991,0.0399999991,0.0399999991,0
2047,sheen_color,2,14,0.213563591,0.213570267,0.213580951,0
2047,sheen_color,2,19,0,0,0,0
2047,sheen_color,2,20,0.0891867131,0.0891867131,0.0891867131,0
2047,sheen_color,2,21,0.812683523,0.813111544,0.813796341,0
2047,sheen_color,2,22,0.0827342495,0.533831298,0,0
2047,sheen_color,2,24,1,1,1,0
2047,sheen_color,2,25,0.0399999991,0.0399999991,0.0399999991,0
2047,sheen_color,3,14,0.222591117,0.222592294,0.222594157,0
2047,sheen_color,3,19,0,0,0,0
2047,sheen_color,3,20,0.0407918878,0.0407918878,0.0407918878,0
2047,sheen_color,3,21,0.807695866,0.807722926,0.807766199,0
2047,sheen_color,3,22,0.35544607,0.308702677,0,0
2047,sheen_color,3,24,1,1,1,0
2047,sheen_color,3,25,0.0399999991,0.0399999991,0.0399999991,0
2047,sheen_color,4,14,0.148957536,0.149393335,0.150090635,0
2047,sheen_color,4,19,0,0,0,0
2047,sheen_color,4,20,0.57159251,0.57159251,0.57159251,0
2047,sheen_color,4,21,0.680157006,0.754780531,0.874178231,0
2047,sheen_color,4,22,0.0912405252,1.51778758,0,0
2047,sheen_color,4,24,1,1,1,0
2047,sheen_color,4,25,0.0399999991,0.0399999991,0.0399999991,0
2047,sheen_color,5,14,0.198790267,0.198889583,0.199048504,0
2047,sheen_color,5,19,0,0,0,0
2047,sheen_color,5,20,0.264190376,0.264190376,0.264190376,0
2047,sheen_color,5,21,0.802366734,0.813079774,0.83022058,0
2047,sheen_color,5,22,0.129547328,0.933210135,0,0
2047,sheen_color,5,24,1,1,1,0
2047,sheen_color,5,25,0.0399999991,0.0399999991,0.0399999991,0
2047,sheen_color,6,14,0.217567682,0.217574269,0.217584804,0
2047,sheen_color,6,19,0,0,0,0
2047,sheen_color,6,20,0.0891867131,0.0891867131,0.0891867131,0
2047,sheen_color,6,21,0.812680006,0.813107967,0.813792765,0
2047,sheen_color,6,22,0.264723897,0.533831298,0,0
2047,sheen_color,6,24,1,1,1,0
2047,sheen_color,6,25,0.0399999991,0.0399999991,0.0399999991,0
2047,sheen_color,7,14,0.234915718,0.234916836,0.234918654,0
2047,sheen_color,7,19,0,0,0,0
2047,sheen_color,7,20,0.0407918878,0.0407918878,0.0407918878,0
2047,sheen_color,7,21,0.807694077,0.807721138,0.807764411,0
2047,sheen_color,7,22,1.45699465,0.308702677,0,0
2047,sheen_color,7,24,1,1,1,0
2047,sheen_color,7,25,0.0399999991,0.0399999991,0.0399999991,0
2047,sheen_roughness_zero,0,14,0.190667942,0.190667942,0.190667942,0
2047,sheen_roughness_zero,0,19,0,0,0,0
2047,sheen_roughness_zero,0,20,0.57159251,0.57159251,0.57159251,0
2047,sheen_roughness_zero,0,21,0.834800601,0.834800601,0.834800601,0
2047,sheen_roughness_zero,0,22,0.0421196967,1.51778758,0,0
2047,sheen_roughness_zero,0,24,1,1,1,0
2047,sheen_roughness_zero,0,25,0.0399999991,0.0399999991,0.0399999991,0
2047,sheen_roughness_zero,1,14,0.202239707,0.202239707,0.202239707,0
2047,sheen_roughness_zero,1,19,0,0,0,0
2047,sheen_roughness_zero,1,20,0.264190376,0.264190376,0.264190376,0
2047,sheen_roughness_zero,1,21,0.824151456,0.824151456,0.824151456,0
2047,sheen_roughness_zero,1,22,0.0521572605,0.933210135,0,0
2047,sheen_roughness_zero,1,24,1,1,1,0
2047,sheen_roughness_zero,1,25,0.0399999991,0.0399999991,0.0399999991,0
2047,sheen_roughness_zero,2,14,0.21385248,0.21385248,0.21385248,0
2047,sheen_roughness_zero,2,19,0,0,0,0
2047,sheen_roughness_zero,2,20,0.0891867131,0.0891867131,0.0891867131,0
2047,sheen_roughness_zero,2,21,0.813540936,0.813540936,0.813540936,0
2047,sheen_roughness_zero,2,22,0.0827342495,0.533831298,0,0
2047,sheen_roughness_zero,2,24,1,1,1,0
2047,sheen_roughness_zero,2,25,0.0399999991,0.0399999991,0.0399999991,0
2047,sheen_roughness_zero,3,14,0.222609699,0.222609699,0.222609699,0
2047,sheen_roughness_zero,3,19,0,0,0,0
2047,sheen_roughness_zero,3,20,0.0407918878,0.0407918878,0.0407918878,0
2047,sheen_roughness_zero,3,21,0.807749569,0.807749569,0.807749569,0
2047,sheen_roughness_zero,3,22,0.35544607,0.308702677,0,0
2047,sheen_roughness_zero,3,24,1,1,1,0
2047,sheen_roughness_zero,3,25,0.0399999991,0.0399999991,0.0399999991,0
2047,sheen_roughness_zero,4,14,0.195343062,0.195343062,0.195343062,0
2047,sheen_roughness_zero,4,19,0,0,0,0
2047,sheen_roughness_zero,4,20,0.57159251,0.57159251,0.57159251,0
2047,sheen_roughness_zero,4,21,0.834707022,0.834707022,0.834707022,0
2047,sheen_roughness_zero,4,22,0.0912405252,1.51778758,0,0
2047,sheen_roughness_zero,4,24,1,1,1,0
2047,sheen_roughness_zero,4,25,0.0399999991,0.0399999991,0.0399999991,0
2047,sheen_roughness_zero,5,14,0.205785319,0.205785319,0.205785319,0
2047,sheen_roughness_zero,5,19,0,0,0,0
2047,sheen_roughness_zero,5,20,0.264190376,0.264190376,0.264190376,0
2047,sheen_roughness_zero,5,21,0.824193656,0.824193656,0.824193656,0
2047,sheen_roughness_zero,5,22,0.129547328,0.933210135,0,0
2047,sheen_roughness_zero,5,24,1,1,1,0
2047,sheen_roughness_zero,5,25,0.0399999991,0.0399999991,0.0399999991,0
2047,sheen_roughness_zero,6,14,0.217862129,0.217862129,0.217862129,0
2047,sheen_roughness_zero,6,19,0,0,0,0
2047,sheen_roughness_zero,6,20,0.0891867131,0.0891867131,0.0891867131,0
2047,sheen_roughness_zero,6,21,0.813537419,0.813537419,0.813537419,0
2047,sheen_roughness_zero,6,22,0.264723897,0.533831298,0,0
2047,sheen_roughness_zero,6,24,1,1,1,0
2047,sheen_roughness_zero,6,25,0.0399999991,0.0399999991,0.0399999991,0
2047,sheen_roughness_zero,7,14,0.234935373,0.234935373,0.234935373,0
2047,sheen_roughness_zero,7,19,0,0,0,0
2047,sheen_roughness_zero,7,20,0.0407918878,0.0407918878,0.0407918878,0
2047,sheen_roughness_zero,7,21,0.807747781,0.807747781,0.807747781,0
2047,sheen_roughness_zero,7,22,1.45699465,0.308702677,0,0
2047,sheen_roughness_zero,7,24,1,1,1,0
2047,sheen_roughness_zero,7,25,0.0399999991,0.0399999991,0.0399999991,0
2047,sheen_roughness_one,0,14,0.105878457,0.141977385,0.199735686,0
2047,sheen_roughness_one,0,19,0,0,0,0
2047,sheen_roughness_one,0,20,0.57159251,0.57159251,0.57159251,0
2047,sheen_roughness_one,0,21,0.473416299,0.647883296,0.927030504,0
2047,sheen_roughness_one,0,22,0.0421196967,1.51778758,0,0
2047,sheen_roughness_one,0,24,1,1,1,0
2047,sheen_roughness_one,0,25,0.0399999991,0.0399999991,0.0399999991,0
2047,sheen_roughness_one,1,14,0.122841254,0.157592177,0.21319367,0
2047,sheen_roughness_one,1,19,0,0,0,0
2047,sheen_roughness_one,1,20,0.264190376,0.264190376,0.264190376,0
2047,sheen_roughness_one,1,21,0.508567154,0.66347152,0.911318541,0
2047,sheen_roughness_one,1,22,0.0521572605,0.933210135,0,0
2047,sheen_roughness_one,1,24,1,1,1,0
2047,sheen_roughness_one,1,25,0.0399999991,0.0399999991,0.0399999991,0
2047,sheen_roughness_one,2,14,0.146115512,0.17543532,0.222346991,0
2047,sheen_roughness_one,2,19,0,0,0,0
2047,sheen_roughness_one,2,20,0.0891867131,0.0891867131,0.0891867131,0
2047,sheen_roughness_one,2,21,0.563745618,0.688435614,0.887939632,0
2047,sheen_roughness_one,2,22,0.0827342495,0.533831298,0,0
2047,sheen_roughness_one,2,24,1,1,1,0
2047,sheen_roughness_one,2,25,0.0399999991,0.0399999991,0.0399999991,0
2047,sheen_roughness_one,3,14,0.170632854,0.192652881,0.227884904,0
2047,sheen_roughness_one,3,19,0,0,0,0
2047,sheen_roughness_one,3,20,0.0407918878,0.0407918878,0.0407918878,0
2047,sheen_roughness_one,3,21,0.626116157,0.717628419,0.864048004,0
2047,sheen_roughness_one,3,22,0.35544607,0.308702677,0,0
2047,sheen_roughness_one,3,24,1,1,1,0
2047,sheen_roughness_one,3,25,0.0399999991,0.0399999991,0.0399999991,0
2047,sheen_roughness_one,4,14,0.107942633,0.144040152,0.201796174,0
2047,sheen_roughness_one,4,19,0,0,0,0
2047,sheen_roughness_one,4,20,0.57159251,0.57159251,0.57159251,0
2047,sheen_roughness_one,4,21,0.473374963,0.64784193,0.926989138,0
2047,sheen_roughness_one,4,22,0.0912405252,1.51778758,0,0
2047,sheen_roughness_one,4,24,1,1,1,0
2047,sheen_roughness_one,4,25,0.0399999991,0.0399999991,0.0399999991,0
2047,sheen_roughness_one,5,14,0.124628313,0.159377545,0.214976326,0
2047,sheen_roughness_one,5,19,0,0,0,0
2047,sheen_roughness_one,5,20,0.264190376,0.264190376,0.264190376,0
2047,sheen_roughness_one,5,21,0.508588433,0.663492799,0.911339819,0
2047,sheen_roughness_one,5,22,0.129547328,0.933210135,0,0
2047,sheen_roughness_one,5,24,1,1,1,0
2047,sheen_roughness_one,5,25,0.0399999991,0.0399999991,0.0399999991,0
2047,sheen_roughness_one,6,14,0.148524225,0.177842274,0.224751145,0
2047,sheen_roughness_one,6,19,0,0,0,0
2047,sheen_roughness_one,6,20,0.0891867131,0.0891867131,0.0891867131,0
2047,sheen_roughness_one,6,21,0.563743472,0.688433468,0.887937486,0
2047,sheen_roughness_one,6,22,0.264723897,0.533831298,0,0
2047,sheen_roughness_one,6,24,1,1,1,0
2047,sheen_roughness_one,6,25,0.0399999991,0.0399999991,0.0399999991,0
2047,sheen_roughness_one,7,14,0.179350644,0.201373234,0.236609384,0
2047,sheen_roughness_one,7,19,0,0,0,0
2047,sheen_roughness_one,7,20,0.0407918878,0.0407918878,0.0407918878,0
2047,sheen_roughness_one,7,21,0.626114905,0.717627168,0.864046752,0
2047,sheen_roughness_one,7,22,1.45699465,0.308702677,0,0
2047,sheen_roughness_one,7,24,1,1,1,0
2047,sheen_roughness_one,7,25,0.0399999991,0.0399999991,0.0399999991,0
2047,coat_and_sheen,0,14,0.0978715122,0.0978715122,0.0978715122,0
2047,coat_and_sheen,0,19,0,0,0,0
2047,coat_and_sheen,0,20,0.57159251,0.57159251,0.57159251,0
2047,coat_and_sheen,0,21,0.933624446,0.933624446,0.933624446,0
2047,coat_and_sheen,0,22,0.0421196967,1.51778758,0,0
2047,coat_and_sheen,0,24,1,1,1,0
2047,coat_and_sheen,0,25,0.0399999991,0.0399999991,0.0399999991,0
2047,coat_and_sheen,1,14,0.138063207,0.138063207,0.138063207,0
2047,coat_and_sheen,1,19,0,0,0,0
2047,coat_and_sheen,1,20,0.264190376,0.264190376,0.264190376,0
2047,coat_and_sheen,1,21,0.898937821,0.898937821,0.898937821,0
2047,coat_and_sheen,1,22,0.0521572605,0.933210135,0,0
2047,coat_and_sheen,1,24,1,1,1,0
2047,coat_and_sheen,1,25,0.0399999991,0.0399999991,0.0399999991,0
2047,coat_and_sheen,2,14,0.183638558,0.183638558,0.183638558,0
2047,coat_and_sheen,2,19,0,0,0,0
2047,coat_and_sheen,2,20,0.0891867131,0.0891867131,0.0891867131,0
2047,coat_and_sheen,2,21,0.850226104,0.850226104,0.850226104,0
2047,coat_and_sheen,2,22,0.0827342495,0.533831298,0,0
2047,coat_and_sheen,2,24,1,1,1,0
2047,coat_and_sheen,2,25,0.0399999991,0.0399999991,0.0399999991,0
2047,coat_and_sheen,3,14,0.212607533,0.212607533,0.212607533,0
2047,coat_and_sheen,3,19,0,0,0,0
2047,coat_and_sheen,3,20,0.0407918878,0.0407918878,0.0407918878,0
2047,coat_and_sheen,3,21,0.819940746,0.819940746,0.819940746,0
2047,coat_and_sheen,3,22,0.35544607,0.308702677,0,0
2047,coat_and_sheen,3,24,1,1,1,0
2047,coat_and_sheen,3,25,0.0399999991,0.0399999991,0.0399999991,0
2047,coat_and_sheen,4,14,0.0984060019,0.0984060019,0.0984060019,0
2047,coat_and_sheen,4,19,0,0,0,0
2047,coat_and_sheen,4,20,0.57159251,0.57159251,0.57159251,0
2047,coat_and_sheen,4,21,0.93356061,0.93356061,0.93356061,0
2047,coat_and_sheen,4,22,0.0912405252,1.51778758,0,0
2047,coat_and_sheen,4,24,1,1,1,0
2047,coat_and_sheen,4,25,0.0399999991,0.0399999991,0.0399999991,0
2047,coat_and_sheen,5,14,0.138996914,0.138996914,0.138996914,0
2047,coat_and_sheen,5,19,0,0,0,0
2047,coat_and_sheen,5,20,0.264190376,0.264190376,0.264190376,0
2047,coat_and_sheen,5,21,0.898933291,0.898933291,0.898933291,0
2047,coat_and_sheen,5,22,0.129547328,0.933210135,0,0
2047,coat_and_sheen,5,24,1,1,1,0
2047,coat_and_sheen,5,25,0.0399999991,0.0399999991,0.0399999991,0
2047,coat_and_sheen,6,14,0.187416658,0.187416658,0.187416658,0
2047,coat_and_sheen,6,19,0,0,0,0
2047,coat_and_sheen,6,20,0.0891867131,0.0891867131,0.0891867131,0
2047,coat_and_sheen,6,21,0.850240588,0.850240588,0.850240588,0
2047,coat_and_sheen,6,22,0.264723897,0.533831298,0,0
2047,coat_and_sheen,6,24,1,1,1,0
2047,coat_and_sheen,6,25,0.0399999991,0.0399999991,0.0399999991,0
2047,coat_and_sheen,7,14,0.232774228,0.232774228,0.232774228,0
2047,coat_and_sheen,7,19,0,0,0,0
2047,coat_and_sheen,7,20,0.0407918878,0.0407918878,0.0407918878,0
2047,coat_and_sheen,7,21,0.819927096,0.819927096,0.819927096,0
2047,coat_and_sheen,7,22,1.45699465,0.308702677,0,0
2047,coat_and_sheen,7,24,1,1,1,0
2047,coat_and_sheen,7,25,0.0399999991,0.0399999991,0.0399999991,0
2047,coated_metal_sheen,0,14,0.0470917635,0.0470917635,0.0470917635,0
2047,coated_metal_sheen,0,19,0,0,0,0
2047,coated_metal_sheen,0,20,0.918098032,0.918098032,0.918098032,0
2047,coated_metal_sheen,0,21,0.92525214,0.92525214,0.92525214,0
2047,coated_metal_sheen,0,22,0.0421196967,1.51778758,0,0
2047,coated_metal_sheen,0,24,1,1,1,0
2047,coated_metal_sheen,0,25,0.800000012,0.800000012,0.800000012,0
2047,coated_metal_sheen,1,14,0.0589847788,0.0589847788,0.0589847788,0
2047,coated_metal_sheen,1,19,0,0,0,0
2047,coated_metal_sheen,1,20,0.847460926,0.847460926,0.847460926,0
2047,coated_metal_sheen,1,21,0.87920779,0.87920779,0.87920779,0
2047,coated_metal_sheen,1,22,0.0521572605,0.933210135,0,0
2047,coated_metal_sheen,1,24,1,1,1,0
2047,coated_metal_sheen,1,25,0.800000012,0.800000012,0.800000012,0
2047,coated_metal_sheen,2,14,0.0580365397,0.0580365397,0.0580365397,0
2047,coated_metal_sheen,2,19,0,0,0,0
2047,coated_metal_sheen,2,20,0.806250036,0.806250036,0.806250036,0
2047,coated_metal_sheen,2,21,0.823376596,0.823376596,0.823376596,0
2047,coated_metal_sheen,2,22,0.0827342495,0.533831298,0,0
2047,coated_metal_sheen,2,24,1,1,1,0
2047,coated_metal_sheen,2,25,0.800000012,0.800000012,0.800000012,0
2047,coated_metal_sheen,3,14,0.0930892378,0.0930892378,0.0930892378,0
2047,coated_metal_sheen,3,19,0,0,0,0
2047,coated_metal_sheen,3,20,0.800002038,0.800002038,0.800002038,0
2047,coated_metal_sheen,3,21,0.798567057,0.798567057,0.798567057,0
2047,coated_metal_sheen,3,22,0.35544607,0.308702677,0,0
2047,coated_metal_sheen,3,24,1,1,1,0
2047,coated_metal_sheen,3,25,0.800000012,0.800000012,0.800000012,0
2047,coated_metal_sheen,4,14,0.0684646517,0.0684646517,0.0684646517,0
2047,coated_metal_sheen,4,19,0,0,0,0
2047,coated_metal_sheen,4,20,0.918098032,0.918098032,0.918098032,0
2047,coated_metal_sheen,4,21,0.924128354,0.924128354,0.924128354,0
2047,coated_metal_sheen,4,22,0.0912405252,1.51778758,0,0
2047,coated_metal_sheen,4,24,1,1,1,0
2047,coated_metal_sheen,4,25,0.800000012,0.800000012,0.800000012,0
2047,coated_metal_sheen,5,14,0.086603649,0.086603649,0.086603649,0
2047,coated_metal_sheen,5,19,0,0,0,0
2047,coated_metal_sheen,5,20,0.847460926,0.847460926,0.847460926,0
2047,coated_metal_sheen,5,21,0.880152643,0.880152643,0.880152643,0
2047,coated_metal_sheen,5,22,0.129547328,0.933210135,0,0
2047,coated_metal_sheen,5,24,1,1,1,0
2047,coated_metal_sheen,5,25,0.800000012,0.800000012,0.800000012,0
2047,coated_metal_sheen,6,14,0.114403278,0.114403278,0.114403278,0
2047,coated_metal_sheen,6,19,0,0,0,0
2047,coated_metal_sheen,6,20,0.806250036,0.806250036,0.806250036,0
2047,coated_metal_sheen,6,21,0.823350668,0.823350668,0.823350668,0
2047,coated_metal_sheen,6,22,0.264723897,0.533831298,0,0
2047,coated_metal_sheen,6,24,1,1,1,0
2047,coated_metal_sheen,6,25,0.800000012,0.800000012,0.800000012,0
2047,coated_metal_sheen,7,14,0.329290032,0.329290032,0.329290032,0
2047,coated_metal_sheen,7,19,0,0,0,0
2047,coated_metal_sheen,7,20,0.800002038,0.800002038,0.800002038,0
2047,coated_metal_sheen,7,21,0.798517525,0.798517525,0.798517525,0
2047,coated_metal_sheen,7,22,1.45699465,0.308702677,0,0
2047,coated_metal_sheen,7,24,1,1,1,0
2047,coated_metal_sheen,7,25,0.800000012,0.800000012,0.800000012,0
2047,anisotropic,0,14,0.215114981,0.215114981,0.215114981,0
2047,anisotropic,0,19,0,0,0,0
2047,anisotropic,0,20,0.57159251,0.57159251,0.57159251,0
2047,anisotropic,0,21,0.820080519,0.820080519,0.820080519,0
2047,anisotropic,0,22,0.287743717,0.960733175,0,0
2047,anisotropic,0,24,1,1,1,0
2047,anisotropic,0,25,0.0399999991,0.0399999991,0.0399999991,0
2047,anisotropic,1,14,0.219416067,0.219416067,0.219416067,0
2047,anisotropic,1,19,0,0,0,0
2047,anisotropic,1,20,0.264190376,0.264190376,0.264190376,0
2047,anisotropic,1,21,0.815116882,0.815116882,0.815116882,0
2047,anisotropic,1,22,0.338298202,0.720831335,0,0
2047,anisotropic,1,24,1,1,1,0
2047,anisotropic,1,25,0.0399999991,0.0399999991,0.0399999991,0
2047,anisotropic,2,14,0.224171177,0.224171177,0.224171177,0
2047,anisotropic,2,19,0,0,0,0
2047,anisotropic,2,20,0.0891867131,0.0891867131,0.0891867131,0
2047,anisotropic,2,21,0.810114145,0.810114145,0.810114145,0
2047,anisotropic,2,22,0.461061448,0.483952552,0,0
2047,anisotropic,2,24,1,1,1,0
2047,anisotropic,2,25,0.0399999991,0.0399999991,0.0399999991,0
2047,anisotropic,3,14,0.229888692,0.229888692,0.229888692,0
2047,anisotropic,3,19,0,0,0,0
2047,anisotropic,3,20,0.0407918878,0.0407918878,0.0407918878,0
2047,anisotropic,3,21,0.807064176,0.807064176,0.807064176,0
2047,anisotropic,3,22,0.95356524,0.303830892,0,0
2047,anisotropic,3,24,1,1,1,0
2047,anisotropic,3,25,0.0399999991,0.0399999991,0.0399999991,0
2047,anisotropic,4,14,0.170150623,0.170150623,0.170150623,0
2047,anisotropic,4,19,0,0,0,0
2047,anisotropic,4,20,0.57159251,0.57159251,0.57159251,0
2047,anisotropic,4,21,0.852771401,0.852771401,0.852771401,0
2047,anisotropic,4,22,0.0120182121,2.09327936,0,0
2047,anisotropic,4,24,1,1,1,0
2047,anisotropic,4,25,0.0399999991,0.0399999991,0.0399999991,0
2047,anisotropic,5,14,0.191125527,0.191125527,0.191125527,0
2047,anisotropic,5,19,0,0,0,0
2047,anisotropic,5,20,0.264190376,0.264190376,0.264190376,0
2047,anisotropic,5,21,0.833525419,0.833525419,0.833525419,0
2047,anisotropic,5,22,0.0181876365,1.04394507,0,0
2047,anisotropic,5,24,1,1,1,0
2047,anisotropic,5,25,0.0399999991,0.0399999991,0.0399999991,0
2047,anisotropic,6,14,0.211465865,0.211465865,0.211465865,0
2047,anisotropic,6,19,0,0,0,0
2047,anisotropic,6,20,0.0891867131,0.0891867131,0.0891867131,0
2047,anisotropic,6,21,0.815236807,0.815236807,0.815236807,0
2047,anisotropic,6,22,0.0464895181,0.546877265,0,0
2047,anisotropic,6,24,1,1,1,0
2047,anisotropic,6,25,0.0399999991,0.0399999991,0.0399999991,0
2047,anisotropic,7,14,0.235098317,0.235098317,0.235098317,0
2047,anisotropic,7,19,0,0,0,0
2047,anisotropic,7,20,0.0407918878,0.0407918878,0.0407918878,0
2047,anisotropic,7,21,0.807159424,0.807159424,0.807159424,0
2047,anisotropic,7,22,1.41165626,0.307403356,0,0
2047,anisotropic,7,24,1,1,1,0
2047,anisotropic,7,25,0.0399999991,0.0399999991,0.0399999991,0
2047,anisotropic_quarter_turn,0,14,0.169169247,0.169169247,0.169169247,0
2047,anisotropic_quarter_turn,0,19,0,0,0,0
2047,anisotropic_quarter_turn,0,20,0.57159251,0.57159251,0.57159251,0
2047,anisotropic_quarter_turn,0,21,0.852764487,0.852764487,0.852764487,0
2047,anisotropic_quarter_turn,0,22,0.00361657375,2.10355139,0,0
2047,anisotropic_quarter_turn,0,24,1,1,1,0
2047,anisotropic_quarter_turn,0,25,0.0399999991,0.0399999991,0.0399999991,0
2047,anisotropic_quarter_turn,1,14,0.190427274,0.190427274,0.190427274,0
2047,anisotropic_quarter_turn,1,19,0,0,0,0
2047,anisotropic_quarter_turn,1,20,0.264190376,0.264190376,0.264190376,0
2047,anisotropic_quarter_turn,1,21,0.833540499,0.833540499,0.833540499,0
2047,anisotropic_quarter_turn,1,22,0.00455907499,1.05033982,0,0
2047,anisotropic_quarter_turn,1,24,1,1,1,0
2047,anisotropic_quarter_turn,1,25,0.0399999991,0.0399999991,0.0399999991,0
2047,anisotropic_quarter_turn,2,14,0.210608259,0.210608259,0.210608259,0
2047,anisotropic_quarter_turn,2,19,0,0,0,0
2047,anisotropic_quarter_turn,2,20,0.0891867131,0.0891867131,0.0891867131,0
2047,anisotropic_quarter_turn,2,21,0.81523782,0.81523782,0.81523782,0
2047,anisotropic_quarter_turn,2,22,0.00759936683,0.550388038,0,0
2047,anisotropic_quarter_turn,2,24,1,1,1,0
2047,anisotropic_quarter_turn,2,25,0.0399999991,0.0399999991,0.0399999991,0
2047,anisotropic_quarter_turn,3,14,0.219912678,0.219912678,0.219912678,0
2047,anisotropic_quarter_turn,3,19,0,0,0,0
2047,anisotropic_quarter_turn,3,20,0.0407918878,0.0407918878,0.0407918878,0
2047,anisotropic_quarter_turn,3,21,0.807159543,0.807159543,0.807159543,0
2047,anisotropic_quarter_turn,3,22,0.0439887904,0.309400231,0,0
2047,anisotropic_quarter_turn,3,24,1,1,1,0
2047,anisotropic_quarter_turn,3,25,0.0399999991,0.0399999991,0.0399999991,0
2047,anisotropic_quarter_turn,4,14,0.209600151,0.209600151,0.209600151,0
2047,anisotropic_quarter_turn,4,19,0,0,0,0
2047,anisotropic_quarter_turn,4,20,0.57159251,0.57159251,0.57159251,0
2047,anisotropic_quarter_turn,4,21,0.820080519,0.820080519,0.820080519,0
2047,anisotropic_quarter_turn,4,22,0.10000059,0.962891161,0,0
2047,anisotropic_quarter_turn,4,24,1,1,1,0
2047,anisotropic_quarter_turn,4,25,0.0399999991,0.0399999991,0.0399999991,0
2047,anisotropic_quarter_turn,5,14,0.214776784,0.214776784,0.214776784,0
2047,anisotropic_quarter_turn,5,19,0,0,0,0
2047,anisotropic_quarter_turn,5,20,0.264190376,0.264190376,0.264190376,0
2047,anisotropic_quarter_turn,5,21,0.815116882,0.815116882,0.815116882,0
2047,anisotropic_quarter_turn,5,22,0.131903455,0.72387439,0,0
2047,anisotropic_quarter_turn,5,24,1,1,1,0
2047,anisotropic_quarter_turn,5,25,0.0399999991,0.0399999991,0.0399999991,0
2047,anisotropic_quarter_turn,6,14,0.220090494,0.220090494,0.220090494,0
2047,anisotropic_quarter_turn,6,19,0,0,0,0
2047,anisotropic_quarter_turn,6,20,0.0891867131,0.0891867131,0.0891867131,0
2047,anisotropic_quarter_turn,6,21,0.810114145,0.810114145,0.810114145,0
2047,anisotropic_quarter_turn,6,22,0.204288453,0.486699909,0,0
2047,anisotropic_quarter_turn,6,24,1,1,1,0
2047,anisotropic_quarter_turn,6,25,0.0399999991,0.0399999991,0.0399999991,0
2047,anisotropic_quarter_turn,7,14,0.223983288,0.223983288,0.223983288,0
2047,anisotropic_quarter_turn,7,19,0,0,0,0
2047,anisotropic_quarter_turn,7,20,0.0407918878,0.0407918878,0.0407918878,0
2047,anisotropic_quarter_turn,7,21,0.807064176,0.807064176,0.807064176,0
2047,anisotropic_quarter_turn,7,22,0.402478576,0.305781484,0,0
2047,anisotropic_quarter_turn,7,24,1,1,1,0
2047,anisotropic_quarter_turn,7,25,0.0399999991,0.0399999991,0.0399999991,0
2047,anisotropic_whole_turn,0,14,0.215114981,0.215114981,0.215114981,0
2047,anisotropic_whole_turn,0,19,0,0,0,0
2047,anisotropic_whole_turn,0,20,0.57159251,0.57159251,0.57159251,0
2047,anisotropic_whole_turn,0,21,0.820080519,0.820080519,0.820080519,0
2047,anisotropic_whole_turn,0,22,0.287743717,0.960733175,0,0
2047,anisotropic_whole_turn,0,24,1,1,1,0
2047,anisotropic_whole_turn,0,25,0.0399999991,0.0399999991,0.0399999991,0
2047,anisotropic_whole_turn,1,14,0.219416067,0.219416067,0.219416067,0
2047,anisotropic_whole_turn,1,19,0,0,0,0
2047,anisotropic_whole_turn,1,20,0.264190376,0.264190376,0.264190376,0
2047,anisotropic_whole_turn,1,21,0.815116882,0.815116882,0.815116882,0
2047,anisotropic_whole_turn,1,22,0.338298202,0.720831335,0,0
2047,anisotropic_whole_turn,1,24,1,1,1,0
2047,anisotropic_whole_turn,1,25,0.0399999991,0.0399999991,0.0399999991,0
2047,anisotropic_whole_turn,2,14,0.224171177,0.224171177,0.224171177,0
2047,anisotropic_whole_turn,2,19,0,0,0,0
2047,anisotropic_whole_turn,2,20,0.0891867131,0.0891867131,0.0891867131,0
2047,anisotropic_whole_turn,2,21,0.810114145,0.810114145,0.810114145,0
2047,anisotropic_whole_turn,2,22,0.461061448,0.483952552,0,0
2047,anisotropic_whole_turn,2,24,1,1,1,0
2047,anisotropic_whole_turn,2,25,0.0399999991,0.0399999991,0.0399999991,0
2047,anisotropic_whole_turn,3,14,0.229888692,0.229888692,0.229888692,0
2047,anisotropic_whole_turn,3,19,0,0,0,0
2047,anisotropic_whole_turn,3,20,0.0407918878,0.0407918878,0.0407918878,0
2047,anisotropic_whole_turn,3,21,0.807064176,0.807064176,0.807064176,0
2047,anisotropic_whole_turn,3,22,0.95356524,0.303830892,0,0
2047,anisotropic_whole_turn,3,24,1,1,1,0
2047,anisotropic_whole_turn,3,25,0.0399999991,0.0399999991,0.0399999991,0
2047,anisotropic_whole_turn,4,14,0.170150623,0.170150623,0.170150623,0
2047,anisotropic_whole_turn,4,19,0,0,0,0
2047,anisotropic_whole_turn,4,20,0.57159251,0.57159251,0.57159251,0
2047,anisotropic_whole_turn,4,21,0.852771401,0.852771401,0.852771401,0
2047,anisotropic_whole_turn,4,22,0.0120182121,2.09327936,0,0
2047,anisotropic_whole_turn,4,24,1,1,1,0
2047,anisotropic_whole_turn,4,25,0.0399999991,0.0399999991,0.0399999991,0
2047,anisotropic_whole_turn,5,14,0.191125527,0.191125527,0.191125527,0
2047,anisotropic_whole_turn,5,19,0,0,0,0
2047,anisotropic_whole_turn,5,20,0.264190376,0.264190376,0.264190376,0
2047,anisotropic_whole_turn,5,21,0.833525419,0.833525419,0.833525419,0
2047,anisotropic_whole_turn,5,22,0.0181876365,1.04394507,0,0
2047,anisotropic_whole_turn,5,24,1,1,1,0
2047,anisotropic_whole_turn,5,25,0.0399999991,0.0399999991,0.0399999991,0
2047,anisotropic_whole_turn,6,14,0.211465865,0.211465865,0.211465865,0
2047,anisotropic_whole_turn,6,19,0,0,0,0
2047,anisotropic_whole_turn,6,20,0.0891867131,0.0891867131,0.0891867131,0
2047,anisotropic_whole_turn,6,21,0.815236807,0.815236807,0.815236807,0
2047,anisotropic_whole_turn,6,22,0.0464895181,0.546877265,0,0
2047,anisotropic_whole_turn,6,24,1,1,1,0
2047,anisotropic_whole_turn,6,25,0.0399999991,0.0399999991,0.0399999991,0
2047,anisotropic_whole_turn,7,14,0.235098317,0.235098317,0.235098317,0
2047,anisotropic_whole_turn,7,19,0,0,0,0
2047,anisotropic_whole_turn,7,20,0.0407918878,0.0407918878,0.0407918878,0
2047,anisotropic_whole_turn,7,21,0.807159424,0.807159424,0.807159424,0
2047,anisotropic_whole_turn,7,22,1.41165626,0.307403356,0,0
2047,anisotropic_whole_turn,7,24,1,1,1,0
2047,anisotropic_whole_turn,7,25,0.0399999991,0.0399999991,0.0399999991,0
2047,zero_tangent_fallback,0,14,0.215114981,0.215114981,0.215114981,0
2047,zero_tangent_fallback,0,19,0,0,0,0
2047,zero_tangent_fallback,0,20,0.57159251,0.57159251,0.57159251,0
2047,zero_tangent_fallback,0,21,0.820080519,0.820080519,0.820080519,0
2047,zero_tangent_fallback,0,22,0.287743717,0.960733175,0,0
2047,zero_tangent_fallback,0,24,1,1,1,0
2047,zero_tangent_fallback,0,25,0.0399999991,0.0399999991,0.0399999991,0
2047,zero_tangent_fallback,1,14,0.219416067,0.219416067,0.219416067,0
2047,zero_tangent_fallback,1,19,0,0,0,0
2047,zero_tangent_fallback,1,20,0.264190376,0.264190376,0.264190376,0
2047,zero_tangent_fallback,1,21,0.815116882,0.815116882,0.815116882,0
2047,zero_tangent_fallback,1,22,0.338298202,0.720831335,0,0
2047,zero_tangent_fallback,1,24,1,1,1,0
2047,zero_tangent_fallback,1,25,0.0399999991,0.0399999991,0.0399999991,0
2047,zero_tangent_fallback,2,14,0.224171177,0.224171177,0.224171177,0
2047,zero_tangent_fallback,2,19,0,0,0,0
2047,zero_tangent_fallback,2,20,0.0891867131,0.0891867131,0.0891867131,0
2047,zero_tangent_fallback,2,21,0.810114145,0.810114145,0.810114145,0
2047,zero_tangent_fallback,2,22,0.461061448,0.483952552,0,0
2047,zero_tangent_fallback,2,24,1,1,1,0
2047,zero_tangent_fallback,2,25,0.0399999991,0.0399999991,0.0399999991,0
2047,zero_tangent_fallback,3,14,0.229888692,0.229888692,0.229888692,0
2047,zero_tangent_fallback,3,19,0,0,0,0
2047,zero_tangent_fallback,3,20,0.0407918878,0.0407918878,0.0407918878,0
2047,zero_tangent_fallback,3,21,0.807064176,0.807064176,0.807064176,0
2047,zero_tangent_fallback,3,22,0.95356524,0.303830892,0,0
2047,zero_tangent_fallback,3,24,1,1,1,0
2047,zero_tangent_fallback,3,25,0.0399999991,0.0399999991,0.0399999991,0
2047,zero_tangent_fallback,4,14,0.170150623,0.170150623,0.170150623,0
2047,zero_tangent_fallback,4,19,0,0,0,0
2047,zero_tangent_fallback,4,20,0.57159251,0.57159251,0.57159251,0
2047,zero_tangent_fallback,4,21,0.852771401,0.852771401,0.852771401,0
2047,zero_tangent_fallback,4,22,0.0120182121,2.09327936,0,0
2047,zero_tangent_fallback,4,24,1,1,1,0
2047,zero_tangent_fallback,4,25,0.0399999991,0.0399999991,0.0399999991,0
2047,zero_tangent_fallback,5,14,0.191125527,0.191125527,0.191125527,0
2047,zero_tangent_fallback,5,19,0,0,0,0
2047,zero_tangent_fallback,5,20,0.264190376,0.264190376,0.264190376,0
2047,zero_tangent_fallback,5,21,0.833525419,0.833525419,0.833525419,0
2047,zero_tangent_fallback,5,22,0.0181876365,1.04394507,0,0
2047,zero_tangent_fallback,5,24,1,1,1,0
2047,zero_tangent_fallback,5,25,0.0399999991,0.0399999991,0.0399999991,0
2047,zero_tangent_fallback,6,14,0.211465865,0.211465865,0.211465865,0
2047,zero_tangent_fallback,6,19,0,0,0,0
2047,zero_tangent_fallback,6,20,0.0891867131,0.0891867131,0.0891867131,0
2047,zero_tangent_fallback,6,21,0.815236807,0.815236807,0.815236807,0
2047,zero_tangent_fallback,6,22,0.0464895181,0.546877265,0,0
2047,zero_tangent_fallback,6,24,1,1,1,0
2047,zero_tangent_fallback,6,25,0.0399999991,0.0399999991,0.0399999991,0
2047,zero_tangent_fallback,7,14,0.235098317,0.235098317,0.235098317,0
2047,zero_tangent_fallback,7,19,0,0,0,0
2047,zero_tangent_fallback,7,20,0.0407918878,0.0407918878,0.0407918878,0
2047,zero_tangent_fallback,7,21,0.807159424,0.807159424,0.807159424,0
2047,zero_tangent_fallback,7,22,1.41165626,0.307403356,0,0
2047,zero_tangent_fallback,7,24,1,1,1,0
2047,zero_tangent_fallback,7,25,0.0399999991,0.0399999991,0.0399999991,0
2047,parallel_tangent_fallback,0,14,0.215114981,0.215114981,0.215114981,0
2047,parallel_tangent_fallback,0,19,0,0,0,0
2047,parallel_tangent_fallback,0,20,0.57159251,0.57159251,0.57159251,0
2047,parallel_tangent_fallback,0,21,0.820080519,0.820080519,0.820080519,0
2047,parallel_tangent_fallback,0,22,0.287743717,0.960733175,0,0
2047,parallel_tangent_fallback,0,24,1,1,1,0
2047,parallel_tangent_fallback,0,25,0.0399999991,0.0399999991,0.0399999991,0
2047,parallel_tangent_fallback,1,14,0.219416067,0.219416067,0.219416067,0
2047,parallel_tangent_fallback,1,19,0,0,0,0
2047,parallel_tangent_fallback,1,20,0.264190376,0.264190376,0.264190376,0
2047,parallel_tangent_fallback,1,21,0.815116882,0.815116882,0.815116882,0
2047,parallel_tangent_fallback,1,22,0.338298202,0.720831335,0,0
2047,parallel_tangent_fallback,1,24,1,1,1,0
2047,parallel_tangent_fallback,1,25,0.0399999991,0.0399999991,0.0399999991,0
2047,parallel_tangent_fallback,2,14,0.224171177,0.224171177,0.224171177,0
2047,parallel_tangent_fallback,2,19,0,0,0,0
2047,parallel_tangent_fallback,2,20,0.0891867131,0.0891867131,0.0891867131,0
2047,parallel_tangent_fallback,2,21,0.810114145,0.810114145,0.810114145,0
2047,parallel_tangent_fallback,2,22,0.461061448,0.483952552,0,0
2047,parallel_tangent_fallback,2,24,1,1,1,0
2047,parallel_tangent_fallback,2,25,0.0399999991,0.0399999991,0.0399999991,0
2047,parallel_tangent_fallback,3,14,0.229888692,0.229888692,0.229888692,0
2047,parallel_tangent_fallback,3,19,0,0,0,0
2047,parallel_tangent_fallback,3,20,0.0407918878,0.0407918878,0.0407918878,0
2047,parallel_tangent_fallback,3,21,0.807064176,0.807064176,0.807064176,0
2047,parallel_tangent_fallback,3,22,0.95356524,0.303830892,0,0
2047,parallel_tangent_fallback,3,24,1,1,1,0
2047,parallel_tangent_fallback,3,25,0.0399999991,0.0399999991,0.0399999991,0
2047,parallel_tangent_fallback,4,14,0.170150623,0.170150623,0.170150623,0
2047,parallel_tangent_fallback,4,19,0,0,0,0
2047,parallel_tangent_fallback,4,20,0.57159251,0.57159251,0.57159251,0
2047,parallel_tangent_fallback,4,21,0.852771401,0.852771401,0.852771401,0
2047,parallel_tangent_fallback,4,22,0.0120182121,2.09327936,0,0
2047,parallel_tangent_fallback,4,24,1,1,1,0
2047,parallel_tangent_fallback,4,25,0.0399999991,0.0399999991,0.0399999991,0
2047,parallel_tangent_fallback,5,14,0.191125527,0.191125527,0.191125527,0
2047,parallel_tangent_fallback,5,19,0,0,0,0
2047,parallel_tangent_fallback,5,20,0.264190376,0.264190376,0.264190376,0
2047,parallel_tangent_fallback,5,21,0.833525419,0.833525419,0.833525419,0
2047,parallel_tangent_fallback,5,22,0.0181876365,1.04394507,0,0
2047,parallel_tangent_fallback,5,24,1,1,1,0
2047,parallel_tangent_fallback,5,25,0.0399999991,0.0399999991,0.0399999991,0
2047,parallel_tangent_fallback,6,14,0.211465865,0.211465865,0.211465865,0
2047,parallel_tangent_fallback,6,19,0,0,0,0
2047,parallel_tangent_fallback,6,20,0.0891867131,0.0891867131,0.0891867131,0
2047,parallel_tangent_fallback,6,21,0.815236807,0.815236807,0.815236807,0
2047,parallel_tangent_fallback,6,22,0.0464895181,0.546877265,0,0
2047,parallel_tangent_fallback,6,24,1,1,1,0
2047,parallel_tangent_fallback,6,25,0.0399999991,0.0399999991,0.0399999991,0
2047,parallel_tangent_fallback,7,14,0.235098317,0.235098317,0.235098317,0
2047,parallel_tangent_fallback,7,19,0,0,0,0
2047,parallel_tangent_fallback,7,20,0.0407918878,0.0407918878,0.0407918878,0
2047,parallel_tangent_fallback,7,21,0.807159424,0.807159424,0.807159424,0
2047,parallel_tangent_fallback,7,22,1.41165626,0.307403356,0,0
2047,parallel_tangent_fallback,7,24,1,1,1,0
2047,parallel_tangent_fallback,7,25,0.0399999991,0.0399999991,0.0399999991,0
2047,nan_tangent_fallback,0,14,0.215114981,0.215114981,0.215114981,0
2047,nan_tangent_fallback,0,19,0,0,0,0
2047,nan_tangent_fallback,0,20,0.57159251,0.57159251,0.57159251,0
2047,nan_tangent_fallback,0,21,0.820080519,0.820080519,0.820080519,0
2047,nan_tangent_fallback,0,22,0.287743717,0.960733175,0,0
2047,nan_tangent_fallback,0,24,1,1,1,0
2047,nan_tangent_fallback,0,25,0.0399999991,0.0399999991,0.0399999991,0
2047,nan_tangent_fallback,1,14,0.219416067,0.219416067,0.219416067,0
2047,nan_tangent_fallback,1,19,0,0,0,0
2047,nan_tangent_fallback,1,20,0.264190376,0.264190376,0.264190376,0
2047,nan_tangent_fallback,1,21,0.815116882,0.815116882,0.815116882,0
2047,nan_tangent_fallback,1,22,0.338298202,0.720831335,0,0
2047,nan_tangent_fallback,1,24,1,1,1,0
2047,nan_tangent_fallback,1,25,0.0399999991,0.0399999991,0.0399999991,0
2047,nan_tangent_fallback,2,14,0.224171177,0.224171177,0.224171177,0
2047,nan_tangent_fallback,2,19,0,0,0,0
2047,nan_tangent_fallback,2,20,0.0891867131,0.0891867131,0.0891867131,0
2047,nan_tangent_fallback,2,21,0.810114145,0.810114145,0.810114145,0
2047,nan_tangent_fallback,2,22,0.461061448,0.483952552,0,0
2047,nan_tangent_fallback,2,24,1,1,1,0
2047,nan_tangent_fallback,2,25,0.0399999991,0.0399999991,0.0399999991,0
2047,nan_tangent_fallback,3,14,0.229888692,0.229888692,0.229888692,0
2047,nan_tangent_fallback,3,19,0,0,0,0
2047,nan_tangent_fallback,3,20,0.0407918878,0.0407918878,0.0407918878,0
2047,nan_tangent_fallback,3,21,0.807064176,0.807064176,0.807064176,0
2047,nan_tangent_fallback,3,22,0.95356524,0.303830892,0,0
2047,nan_tangent_fallback,3,24,1,1,1,0
2047,nan_tangent_fallback,3,25,0.0399999991,0.0399999991,0.0399999991,0
2047,nan_tangent_fallback,4,14,0.170150623,0.170150623,0.170150623,0
2047,nan_tangent_fallback,4,19,0,0,0,0
2047,nan_tangent_fallback,4,20,0.57159251,0.57159251,0.57159251,0
2047,nan_tangent_fallback,4,21,0.852771401,0.852771401,0.852771401,0
2047,nan_tangent_fallback,4,22,0.0120182121,2.09327936,0,0
2047,nan_tangent_fallback,4,24,1,1,1,0
2047,nan_tangent_fallback,4,25,0.0399999991,0.0399999991,0.0399999991,0
2047,nan_tangent_fallback,5,14,0.191125527,0.191125527,0.191125527,0
2047,nan_tangent_fallback,5,19,0,0,0,0
2047,nan_tangent_fallback,5,20,0.264190376,0.264190376,0.264190376,0
2047,nan_tangent_fallback,5,21,0.833525419,0.833525419,0.833525419,0
2047,nan_tangent_fallback,5,22,0.0181876365,1.04394507,0,0
2047,nan_tangent_fallback,5,24,1,1,1,0
2047,nan_tangent_fallback,5,25,0.0399999991,0.0399999991,0.0399999991,0
2047,nan_tangent_fallback,6,14,0.211465865,0.211465865,0.211465865,0
2047,nan_tangent_fallback,6,19,0,0,0,0
2047,nan_tangent_fallback,6,20,0.0891867131,0.0891867131,0.0891867131,0
2047,nan_tangent_fallback,6,21,0.815236807,0.815236807,0.815236807,0
2047,nan_tangent_fallback,6,22,0.0464895181,0.546877265,0,0
2047,nan_tangent_fallback,6,24,1,1,1,0
2047,nan_tangent_fallback,6,25,0.0399999991,0.0399999991,0.0399999991,0
2047,nan_tangent_fallback,7,14,0.235098317,0.235098317,0.235098317,0
2047,nan_tangent_fallback,7,19,0,0,0,0
2047,nan_tangent_fallback,7,20,0.0407918878,0.0407918878,0.0407918878,0
2047,nan_tangent_fallback,7,21,0.807159424,0.807159424,0.807159424,0
2047,nan_tangent_fallback,7,22,1.41165626,0.307403356,0,0
2047,nan_tangent_fallback,7,24,1,1,1,0
2047,nan_tangent_fallback,7,25,0.0399999991,0.0399999991,0.0399999991,0
2047,film_200nm,0,14,0.103383228,0.104107834,0.104130596,0
2047,film_200nm,0,19,0,0,0,0
2047,film_200nm,0,20,0.503222823,0.520564198,0.553628027,0
2047,film_200nm,0,21,0.481108069,0.498010337,0.521996617,0
2047,film_200nm,0,22,0.0421196967,1.51778758,0,0
2047,film_200nm,0,24,1,1,1,0
2047,film_200nm,0,25,0.0327730775,0.0404403768,0.029170895,0
2047,film_200nm,1,14,0.172892675,0.17344144,0.173390105,0
2047,film_200nm,1,19,0,0,0,0
2047,film_200nm,1,20,0.185006008,0.207158282,0.246568576,0
2047,film_200nm,1,21,0.679016232,0.694978833,0.716870725,0
2047,film_200nm,1,22,0.0521572605,0.933210135,0,0
2047,film_200nm,1,24,1,1,1,0
2047,film_200nm,1,25,0.0327730775,0.0404403768,0.029170895,0
2047,film_200nm,2,14,0.209064275,0.209496528,0.209272668,0
2047,film_200nm,2,19,0,0,0,0
2047,film_200nm,2,20,0.0444606654,0.0628466159,0.0865155905,0
2047,film_200nm,2,21,0.766947448,0.781384468,0.796283066,0
2047,film_200nm,2,22,0.0827342495,0.533831298,0,0
2047,film_200nm,2,24,1,1,1,0
2047,film_200nm,2,25,0.0327730775,0.0404403768,0.029170895,0
2047,film_200nm,3,14,0.221646398,0.222446874,0.221386164,0
2047,film_200nm,3,19,0,0,0,0
2047,film_200nm,3,20,0.0286335815,0.0396031141,0.0359326191,0
2047,film_200nm,3,21,0.794509828,0.804833472,0.802908778,0
2047,film_200nm,3,22,0.35544607,0.308702677,0,0
2047,film_200nm,3,24,1,1,1,0
2047,film_200nm,3,25,0.0327730775,0.0404403768,0.029170895,0
2047,film_200nm,4,14,0.105284594,0.107262857,0.108956389,0
2047,film_200nm,4,19,0,0,0,0
2047,film_200nm,4,20,0.503222823,0.520564198,0.553628027,0
2047,film_200nm,4,21,0.480711937,0.497496516,0.521687746,0
2047,film_200nm,4,22,0.0912405252,1.51778758,0,0
2047,film_200nm,4,24,1,1,1,0
2047,film_200nm,4,25,0.0327730775,0.0404403768,0.029170895,0
2047,film_200nm,5,14,0.174451366,0.176112607,0.177258566,0
2047,film_200nm,5,19,0,0,0,0
2047,film_200nm,5,20,0.185006008,0.207158282,0.246568576,0
2047,film_200nm,5,21,0.679228485,0.69524163,0.716981471,0
2047,film_200nm,5,22,0.129547328,0.933210135,0,0
2047,film_200nm,5,24,1,1,1,0
2047,film_200nm,5,25,0.0327730775,0.0404403768,0.029170895,0
2047,film_200nm,6,14,0.211141214,0.212880224,0.213467464,0
2047,film_200nm,6,19,0,0,0,0
2047,film_200nm,6,20,0.0444606654,0.0628466159,0.0865155905,0
2047,film_200nm,6,21,0.766936123,0.781369448,0.796266735,0
2047,film_200nm,6,22,0.264723897,0.533831298,0,0
2047,film_200nm,6,24,1,1,1,0
2047,film_200nm,6,25,0.0327730775,0.0404403768,0.029170895,0
2047,film_200nm,7,14,0.23031503,0.234465346,0.232267842,0
2047,film_200nm,7,19,0,0,0,0
2047,film_200nm,7,20,0.0286335815,0.0396031141,0.0359326191,0
2047,film_200nm,7,21,0.794504941,0.804825723,0.802899659,0
2047,film_200nm,7,22,1.45699465,0.308702677,0,0
2047,film_200nm,7,24,1,1,1,0
2047,film_200nm,7,25,0.0327730775,0.0404403768,0.029170895,0
2047,film_400nm,0,14,0.0980980322,0.0996309966,0.0995962843,0
2047,film_400nm,0,19,0,0,0,0
2047,film_400nm,0,20,0.57150048,0.529719293,0.506181836,0
2047,film_400nm,0,21,0.498253614,0.471965671,0.480602473,0
2047,film_400nm,0,22,0.0421196967,1.51778758,0,0
2047,film_400nm,0,24,1,1,1,0
2047,film_400nm,0,25,0.0177989956,0.040089082,0.0129238609,0
2047,film_400nm,1,14,0.169831529,0.170977861,0.170664281,0
2047,film_400nm,1,19,0,0,0,0
2047,film_400nm,1,20,0.256290674,0.200559035,0.195625976,0
2047,film_400nm,1,21,0.695122302,0.67189014,0.687581003,0
2047,film_400nm,1,22,0.0521572605,0.933210135,0,0
2047,film_400nm,1,24,1,1,1,0
2047,film_400nm,1,25,0.0177989956,0.040089082,0.0129238609,0
2047,film_400nm,2,14,0.211362019,0.212409273,0.211761937,0
2047,film_400nm,2,19,0,0,0,0
2047,film_400nm,2,20,0.057628084,0.0340990722,0.0730968118,0
2047,film_400nm,2,21,0.77980721,0.772859097,0.797831535,0
2047,film_400nm,2,22,0.0827342495,0.533831298,0,0
2047,film_400nm,2,24,1,1,1,0
2047,film_400nm,2,25,0.0177989956,0.040089082,0.0129238609,0
2047,film_400nm,3,14,0.220996797,0.223302603,0.220717192,0
2047,film_400nm,3,19,0,0,0,0
2047,film_400nm,3,20,0.00694742473,0.0355751067,0.0257337559,0
2047,film_400nm,3,21,0.77910167,0.802303016,0.797961712,0
2047,film_400nm,3,22,0.35544607,0.308702677,0,0
2047,film_400nm,3,24,1,1,1,0
2047,film_400nm,3,25,0.0177989956,0.040089082,0.0129238609,0
2047,film_400nm,4,14,0.0996991545,0.100335047,0.10475786,0
2047,film_400nm,4,19,0,0,0,0
2047,film_400nm,4,20,0.57150048,0.529719293,0.506181836,0
2047,film_400nm,4,21,0.498155266,0.471470833,0.480522335,0
2047,film_400nm,4,22,0.0912405252,1.51778758,0,0
2047,film_400nm,4,24,1,1,1,0
2047,film_400nm,4,25,0.0177989956,0.040089082,0.0129238609,0
2047,film_400nm,5,14,0.170396686,0.171790347,0.174959868,0
2047,film_400nm,5,19,0,0,0,0
2047,film_400nm,5,20,0.256290674,0.200559035,0.195625976,0
2047,film_400nm,5,21,0.69514972,0.672175884,0.687557995,0
2047,film_400nm,5,22,0.129547328,0.933210135,0,0
2047,film_400nm,5,24,1,1,1,0
2047,film_400nm,5,25,0.0177989956,0.040089082,0.0129238609,0
2047,film_400nm,6,14,0.211378202,0.214330152,0.216169655,0
2047,film_400nm,6,19,0,0,0,0
2047,film_400nm,6,20,0.057628084,0.0340990722,0.0730968118,0
2047,film_400nm,6,21,0.77979809,0.772847176,0.797818601,0
2047,film_400nm,6,22,0.264723897,0.533831298,0,0
2047,film_400nm,6,24,1,1,1,0
2047,film_400nm,6,25,0.0177989956,0.040089082,0.0129238609,0
2047,film_400nm,7,14,0.222940311,0.23427695,0.228365451,0
2047,film_400nm,7,19,0,0,0,0
2047,film_400nm,7,20,0.00694742473,0.0355751067,0.0257337559,0
2047,film_400nm,7,21,0.77910167,0.802298248,0.797952592,0
2047,film_400nm,7,22,1.45699465,0.308702677,0,0
2047,film_400nm,7,24,1,1,1,0
2047,film_400nm,7,25,0.0177989956,0.040089082,0.0129238609,0
2047,film_800nm,0,14,0.101663083,0.101398565,0.101534612,0
2047,film_800nm,0,19,0,0,0,0
2047,film_800nm,0,20,0.524795294,0.518148065,0.560400188,0
2047,film_800nm,0,21,0.476812005,0.498717993,0.498212904,0
2047,film_800nm,0,22,0.0421196967,1.51778758,0,0
2047,film_800nm,0,24,1,1,1,0
2047,film_800nm,0,25,0.00776119484,0.0305427685,0.0218578894,0
2047,film_800nm,1,14,0.175720721,0.176072136,0.175864294,0
2047,film_800nm,1,19,0,0,0,0
2047,film_800nm,1,20,0.18168138,0.217524707,0.231772393,0
2047,film_800nm,1,21,0.689569712,0.715373278,0.706012785,0
2047,film_800nm,1,22,0.0521572605,0.933210135,0,0
2047,film_800nm,1,24,1,1,1,0
2047,film_800nm,1,25,0.00776119484,0.0305427685,0.0218578894,0
2047,film_800nm,2,14,0.208876252,0.209634453,0.20922932,0
2047,film_800nm,2,19,0,0,0,0
2047,film_800nm,2,20,0.0431443602,0.083693184,0.0465325601,0
2047,film_800nm,2,21,0.774843574,0.787492335,0.775460243,0
2047,film_800nm,2,22,0.0827342495,0.533831298,0,0
2047,film_800nm,2,24,1,1,1,0
2047,film_800nm,2,25,0.00776119484,0.0305427685,0.0218578894,0
2047,film_800nm,3,14,0.223105803,0.225338712,0.224453151,0
2047,film_800nm,3,19,0,0,0,0
2047,film_800nm,3,20,0.0152269695,0.022356689,0.0177084077,0
2047,film_800nm,3,21,0.80205363,0.803220451,0.802831352,0
2047,film_800nm,3,22,0.35544607,0.308702677,0,0
2047,film_800nm,3,24,1,1,1,0
2047,film_800nm,3,25,0.00776119484,0.0305427685,0.0218578894,0
2047,film_800nm,4,14,0.107223243,0.104690172,0.105746299,0
2047,film_800nm,4,19,0,0,0,0
2047,film_800nm,4,20,0.524795294,0.518148065,0.560400188,0
2047,film_800nm,4,21,0.476783425,0.498383552,0.498001307,0
2047,film_800nm,4,22,0.0912405252,1.51778758,0,0
2047,film_800nm,4,24,1,1,1,0
2047,film_800nm,4,25,0.00776119484,0.0305427685,0.0218578894,0
2047,film_800nm,5,14,0.180842325,0.177655414,0.179507986,0
2047,film_800nm,5,19,0,0,0,0
2047,film_800nm,5,20,0.18168138,0.217524707,0.231772393,0
2047,film_800nm,5,21,0.689524174,0.715525091,0.706089497,0
2047,film_800nm,5,22,0.129547328,0.933210135,0,0
2047,film_800nm,5,24,1,1,1,0
2047,film_800nm,5,25,0.00776119484,0.0305427685,0.0218578894,0
2047,film_800nm,6,14,0.213695765,0.210586563,0.212433159,0
2047,film_800nm,6,19,0,0,0,0
2047,film_800nm,6,20,0.0431443602,0.083693184,0.0465325601,0
2047,film_800nm,6,21,0.774833858,0.787480593,0.775449514,0
2047,film_800nm,6,22,0.264723897,0.533831298,0,0
2047,film_800nm,6,24,1,1,1,0
2047,film_800nm,6,25,0.00776119484,0.0305427685,0.0218578894,0
2047,film_800nm,7,14,0.226867244,0.232336342,0.229271978,0
2047,film_800nm,7,19,0,0,0,0
2047,film_800nm,7,20,0.0152269695,0.022356689,0.0177084077,0
2047,film_800nm,7,21,0.802044749,0.803217411,0.802825391,0
2047,film_800nm,7,22,1.45699465,0.308702677,0,0
2047,film_800nm,7,24,1,1,1,0
2047,film_800nm,7,25,0.00776119484,0.0305427685,0.0218578894,0
2047,film_ior_one,0,14,0.190667942,0.190667942,0.190667942,0
2047,film_ior_one,0,19,0,0,0,0
2047,film_ior_one,0,20,0.57159251,0.57159251,0.57159251,0
2047,film_ior_one,0,21,0.834800601,0.834800601,0.834800601,0
2047,film_ior_one,0,22,0.0421196967,1.51778758,0,0
2047,film_ior_one,0,24,1,1,1,0
2047,film_ior_one,0,25,0.0399999991,0.0399999991,0.0399999991,0
2047,film_ior_one,1,14,0.202239707,0.202239707,0.202239707,0
2047,film_ior_one,1,19,0,0,0,0
2047,film_ior_one,1,20,0.264190376,0.264190376,0.264190376,0
2047,film_ior_one,1,21,0.824151456,0.824151456,0.824151456,0
2047,film_ior_one,1,22,0.0521572605,0.933210135,0,0
2047,film_ior_one,1,24,1,1,1,0
2047,film_ior_one,1,25,0.0399999991,0.0399999991,0.0399999991,0
2047,film_ior_one,2,14,0.21385248,0.21385248,0.21385248,0
2047,film_ior_one,2,19,0,0,0,0
2047,film_ior_one,2,20,0.0891867131,0.0891867131,0.0891867131,0
2047,film_ior_one,2,21,0.813540936,0.813540936,0.813540936,0
2047,film_ior_one,2,22,0.0827342495,0.533831298,0,0
2047,film_ior_one,2,24,1,1,1,0
2047,film_ior_one,2,25,0.0399999991,0.0399999991,0.0399999991,0
2047,film_ior_one,3,14,0.222609699,0.222609699,0.222609699,0
2047,film_ior_one,3,19,0,0,0,0
2047,film_ior_one,3,20,0.0407918878,0.0407918878,0.0407918878,0
2047,film_ior_one,3,21,0.807749569,0.807749569,0.807749569,0
2047,film_ior_one,3,22,0.35544607,0.308702677,0,0
2047,film_ior_one,3,24,1,1,1,0
2047,film_ior_one,3,25,0.0399999991,0.0399999991,0.0399999991,0
2047,film_ior_one,4,14,0.195343062,0.195343062,0.195343062,0
2047,film_ior_one,4,19,0,0,0,0
2047,film_ior_one,4,20,0.57159251,0.57159251,0.57159251,0
2047,film_ior_one,4,21,0.834707022,0.834707022,0.834707022,0
2047,film_ior_one,4,22,0.0912405252,1.51778758,0,0
2047,film_ior_one,4,24,1,1,1,0
2047,film_ior_one,4,25,0.0399999991,0.0399999991,0.0399999991,0
2047,film_ior_one,5,14,0.205785319,0.205785319,0.205785319,0
2047,film_ior_one,5,19,0,0,0,0
2047,film_ior_one,5,20,0.264190376,0.264190376,0.264190376,0
2047,film_ior_one,5,21,0.824193656,0.824193656,0.824193656,0
2047,film_ior_one,5,22,0.129547328,0.933210135,0,0
2047,film_ior_one,5,24,1,1,1,0
2047,film_ior_one,5,25,0.0399999991,0.0399999991,0.0399999991,0
2047,film_ior_one,6,14,0.217862129,0.217862129,0.217862129,0
2047,film_ior_one,6,19,0,0,0,0
2047,film_ior_one,6,20,0.0891867131,0.0891867131,0.0891867131,0
2047,film_ior_one,6,21,0.813537419,0.813537419,0.813537419,0
2047,film_ior_one,6,22,0.264723897,0.533831298,0,0
2047,film_ior_one,6,24,1,1,1,0
2047,film_ior_one,6,25,0.0399999991,0.0399999991,0.0399999991,0
2047,film_ior_one,7,14,0.234935373,0.234935373,0.234935373,0
2047,film_ior_one,7,19,0,0,0,0
2047,film_ior_one,7,20,0.0407918878,0.0407918878,0.0407918878,0
2047,film_ior_one,7,21,0.807747781,0.807747781,0.807747781,0
2047,film_ior_one,7,22,1.45699465,0.308702677,0,0
2047,film_ior_one,7,24,1,1,1,0
2047,film_ior_one,7,25,0.0399999991,0.0399999991,0.0399999991,0
2047,film_matches_substrate,0,14,0.190667942,0.190667942,0.190667942,0
2047,film_matches_substrate,0,19,0,0,0,0
2047,film_matches_substrate,0,20,0.57159251,0.57159251,0.57159251,0
2047,film_matches_substrate,0,21,0.834800601,0.834800601,0.834800601,0
2047,film_matches_substrate,0,22,0.0421196967,1.51778758,0,0
2047,film_matches_substrate,0,24,1,1,1,0
2047,film_matches_substrate,0,25,0.0399999991,0.0399999991,0.0399999991,0
2047,film_matches_substrate,1,14,0.202239707,0.202239707,0.202239707,0
2047,film_matches_substrate,1,19,0,0,0,0
2047,film_matches_substrate,1,20,0.264190376,0.264190376,0.264190376,0
2047,film_matches_substrate,1,21,0.824151456,0.824151456,0.824151456,0
2047,film_matches_substrate,1,22,0.0521572605,0.933210135,0,0
2047,film_matches_substrate,1,24,1,1,1,0
2047,film_matches_substrate,1,25,0.0399999991,0.0399999991,0.0399999991,0
2047,film_matches_substrate,2,14,0.21385248,0.21385248,0.21385248,0
2047,film_matches_substrate,2,19,0,0,0,0
2047,film_matches_substrate,2,20,0.0891867131,0.0891867131,0.0891867131,0
2047,film_matches_substrate,2,21,0.813540936,0.813540936,0.813540936,0
2047,film_matches_substrate,2,22,0.0827342495,0.533831298,0,0
2047,film_matches_substrate,2,24,1,1,1,0
2047,film_matches_substrate,2,25,0.0399999991,0.0399999991,0.0399999991,0
2047,film_matches_substrate,3,14,0.222609699,0.222609699,0.222609699,0
2047,film_matches_substrate,3,19,0,0,0,0
2047,film_matches_substrate,3,20,0.0407918878,0.0407918878,0.0407918878,0
2047,film_matches_substrate,3,21,0.807749569,0.807749569,0.807749569,0
2047,film_matches_substrate,3,22,0.35544607,0.308702677,0,0
2047,film_matches_substrate,3,24,1,1,1,0
2047,film_matches_substrate,3,25,0.0399999991,0.0399999991,0.0399999991,0
2047,film_matches_substrate,4,14,0.195343062,0.195343062,0.195343062,0
2047,film_matches_substrate,4,19,0,0,0,0
2047,film_matches_substrate,4,20,0.57159251,0.57159251,0.57159251,0
2047,film_matches_substrate,4,21,0.834707022,0.834707022,0.834707022,0
2047,film_matches_substrate,4,22,0.0912405252,1.51778758,0,0
2047,film_matches_substrate,4,24,1,1,1,0
2047,film_matches_substrate,4,25,0.0399999991,0.0399999991,0.0399999991,0
2047,film_matches_substrate,5,14,0.205785319,0.205785319,0.205785319,0
2047,film_matches_substrate,5,19,0,0,0,0
2047,film_matches_substrate,5,20,0.264190376,0.264190376,0.264190376,0
2047,film_matches_substrate,5,21,0.824193656,0.824193656,0.824193656,0
2047,film_matches_substrate,5,22,0.129547328,0.933210135,0,0
2047,film_matches_substrate,5,24,1,1,1,0
2047,film_matches_substrate,5,25,0.0399999991,0.0399999991,0.0399999991,0
2047,film_matches_substrate,6,14,0.217862129,0.217862129,0.217862129,0
2047,film_matches_substrate,6,19,0,0,0,0
2047,film_matches_substrate,6,20,0.0891867131,0.0891867131,0.0891867131,0
2047,film_matches_substrate,6,21,0.813537419,0.813537419,0.813537419,0
2047,film_matches_substrate,6,22,0.264723897,0.533831298,0,0
2047,film_matches_substrate,6,24,1,1,1,0
2047,film_matches_substrate,6,25,0.0399999991,0.0399999991,0.0399999991,0
2047,film_matches_substrate,7,14,0.234935373,0.234935373,0.234935373,0
2047,film_matches_substrate,7,19,0,0,0,0
2047,film_matches_substrate,7,20,0.0407918878,0.0407918878,0.0407918878,0
2047,film_matches_substrate,7,21,0.807747781,0.807747781,0.807747781,0
2047,film_matches_substrate,7,22,1.45699465,0.308702677,0,0
2047,film_matches_substrate,7,24,1,1,1,0
2047,film_matches_substrate,7,25,0.0399999991,0.0399999991,0.0399999991,0
2047,film_top_tir,0,14,0.014474608,0.0134855574,0.00458640046,0
2047,film_top_tir,0,19,0,0,0,0
2047,film_top_tir,0,20,1,1,1,0
2047,film_top_tir,0,21,0.767943203,0.769123673,0.768496215,0
2047,film_top_tir,0,22,0.0421196967,1.51778758,0,0
2047,film_top_tir,0,24,1,1,1,0
2047,film_top_tir,0,25,0.017630972,0.118791081,0.169603795,0
2047,film_top_tir,1,14,0.0134051749,0.00801514648,0.00654747989,0
2047,film_top_tir,1,19,0,0,0,0
2047,film_top_tir,1,20,1,1,1,0
2047,film_top_tir,1,21,0.738261282,0.733739614,0.733752072,0
2047,film_top_tir,1,22,0.0521572605,0.933210135,0,0
2047,film_top_tir,1,24,1,1,1,0
2047,film_top_tir,1,25,0.017630972,0.118791081,0.169603795,0
2047,film_top_tir,2,14,0.00814737659,0.00414361618,0.0100674788,0
2047,film_top_tir,2,19,0,0,0,0
2047,film_top_tir,2,20,1,1,1,0
2047,film_top_tir,2,21,0.675457776,0.67193836,0.672290564,0
2047,film_top_tir,2,22,0.0827342495,0.533831298,0,0
2047,film_top_tir,2,24,1,1,1,0
2047,film_top_tir,2,25,0.017630972,0.118791081,0.169603795,0
2047,film_top_tir,3,14,0.177089497,0.184828609,0.192244008,0
2047,film_top_tir,3,19,0,0,0,0
2047,film_top_tir,3,20,0.234162256,0.100824811,0.0924895555,0
2047,film_top_tir,3,21,0.788706481,0.752688885,0.771246791,0
2047,film_top_tir,3,22,0.35544607,0.308702677,0,0
2047,film_top_tir,3,24,1,1,1,0
2047,film_top_tir,3,25,0.017630972,0.118791081,0.169603795,0
2047,film_top_tir,4,14,0.125956431,0.125949904,0.125942305,0
2047,film_top_tir,4,19,0,0,0,0
2047,film_top_tir,4,20,1,1,1,0
2047,film_top_tir,4,21,0.769284308,0.767086446,0.764532328,0
2047,film_top_tir,4,22,0.0912405252,1.51778758,0,0
2047,film_top_tir,4,24,1,1,1,0
2047,film_top_tir,4,25,0.017630972,0.118791081,0.169603795,0
2047,film_top_tir,5,14,0.046716176,0.039629627,0.0143165067,0
2047,film_top_tir,5,19,0,0,0,0
2047,film_top_tir,5,20,1,1,1,0
2047,film_top_tir,5,21,0.736358941,0.733221292,0.734883964,0
2047,film_top_tir,5,22,0.129547328,0.933210135,0,0
2047,film_top_tir,5,24,1,1,1,0
2047,film_top_tir,5,25,0.017630972,0.118791081,0.169603795,0
2047,film_top_tir,6,14,0.0116890548,0.0276622046,0.0345355049,0
2047,film_top_tir,6,19,0,0,0,0
2047,film_top_tir,6,20,1,1,1,0
2047,film_top_tir,6,21,0.676209807,0.672368169,0.672411621,0
2047,film_top_tir,6,22,0.264723897,0.533831298,0,0
2047,film_top_tir,6,24,1,1,1,0
2047,film_top_tir,6,25,0.017630972,0.118791081,0.169603795,0
2047,film_top_tir,7,14,0.253990799,0.196580708,0.236041754,0
2047,film_top_tir,7,19,0,0,0,0
2047,film_top_tir,7,20,0.234162256,0.100824811,0.0924895555,0
2047,film_top_tir,7,21,0.788658381,0.752726614,0.77147752,0
2047,film_top_tir,7,22,1.45699465,0.308702677,0,0
2047,film_top_tir,7,24,1,1,1,0
2047,film_top_tir,7,25,0.017630972,0.118791081,0.169603795,0
2047,metal_film,0,14,0.00638801092,0.0338857211,0.0719460323,0
2047,metal_film,0,19,0,0,0,0
2047,metal_film,0,20,0.690535963,0.701421797,0.832298756,0
2047,metal_film,0,21,0.246850997,0.403987974,0.862481713,0
2047,metal_film,0,22,0.0421196967,1.51778758,0,0
2047,metal_film,0,24,1,1,1,0
2047,metal_film,0,25,0.176099643,0.508853972,0.843969762,0
2047,metal_film,1,14,0.00634367764,0.0299716741,0.0737790689,0
2047,metal_film,1,19,0,0,0,0
2047,metal_film,1,20,0.398331732,0.437195629,0.862122059,0
2047,metal_film,1,21,0.176341474,0.346477002,0.86254853,0
2047,metal_film,1,22,0.0521572605,0.933210135,0,0
2047,metal_film,1,24,1,1,1,0
2047,metal_film,1,25,0.176099643,0.508853972,0.843969762,0
2047,metal_film,2,14,0.00622290419,0.0271314606,0.0658534467,0
2047,metal_film,2,19,0,0,0,0
2047,metal_film,2,20,0.107155591,0.312890619,0.891276479,0
2047,metal_film,2,21,0.0853457227,0.339919299,0.875104666,0
2047,metal_film,2,22,0.0827342495,0.533831298,0,0
2047,metal_film,2,24,1,1,1,0
2047,metal_film,2,25,0.176099643,0.508853972,0.843969762,0
2047,metal_film,3,14,0.017344065,0.0559764095,0.102955773,0
2047,metal_film,3,19,0,0,0,0
2047,metal_film,3,20,0.111513413,0.507279575,0.869422674,0
2047,metal_film,3,21,0.0966834947,0.467141747,0.863064229,0
2047,metal_film,3,22,0.35544607,0.308702677,0,0
2047,metal_film,3,24,1,1,1,0
2047,metal_film,3,25,0.176099643,0.508853972,0.843969762,0
2047,metal_film,4,14,0.00594148133,0.0539002381,0.137010336,0
2047,metal_film,4,19,0,0,0,0
2047,metal_film,4,20,0.690535963,0.701421797,0.832298756,0
2047,metal_film,4,21,0.244700447,0.398461252,0.860951781,0
2047,metal_film,4,22,0.0912405252,1.51778758,0,0
2047,metal_film,4,24,1,1,1,0
2047,metal_film,4,25,0.176099643,0.508853972,0.843969762,0
2047,metal_film,5,14,0.00531659042,0.0523866341,0.131199449,0
2047,metal_film,5,19,0,0,0,0
2047,metal_film,5,20,0.398331732,0.437195629,0.862122059,0
2047,metal_film,5,21,0.177721933,0.349985242,0.863321543,0
2047,metal_film,5,22,0.129547328,0.933210135,0,0
2047,metal_film,5,24,1,1,1,0
2047,metal_film,5,25,0.176099643,0.508853972,0.843969762,0
2047,metal_film,6,14,0.00765592046,0.0653883964,0.144828841,0
2047,metal_film,6,19,0,0,0,0
2047,metal_film,6,20,0.107155591,0.312890619,0.891276479,0
2047,metal_film,6,21,0.085313268,0.33983025,0.875070989,0
2047,metal_film,6,22,0.264723897,0.533831298,0,0
2047,metal_film,6,24,1,1,1,0
2047,metal_film,6,25,0.176099643,0.508853972,0.843969762,0
2047,metal_film,7,14,0.0513439737,0.211398557,0.366807669,0
2047,metal_film,7,19,0,0,0,0
2047,metal_film,7,20,0.111513413,0.507279575,0.869422674,0
2047,metal_film,7,21,0.0966795608,0.467090249,0.863033593,0
2047,metal_film,7,22,1.45699465,0.308702677,0,0
2047,metal_film,7,24,1,1,1,0
2047,metal_film,7,25,0.176099643,0.508853972,0.843969762,0
2047,all_layers,0,14,0.0115144374,0.0274833757,0.0568875931,0
2047,all_layers,0,19,0,0,0,0
2047,all_layers,0,20,0.450189203,0.49479562,0.649305165,0
2047,all_layers,0,21,0.393480569,0.538080931,0.815750897,0
2047,all_layers,0,22,0.00734095322,1.56411064,0,0
2047,all_layers,0,24,1,1,1,0
2047,all_layers,0,25,0.0899381191,0.163735822,0.335171223,0
2047,all_layers,1,14,0.0183597244,0.0474701114,0.0997173861,0
2047,all_layers,1,19,0,0,0,0
2047,all_layers,1,20,0.187572852,0.297437459,0.493947566,0
2047,all_layers,1,21,0.30070436,0.490143716,0.83560276,0
2047,all_layers,1,22,0.00917742215,0.947075546,0,0
2047,all_layers,1,24,1,1,1,0
2047,all_layers,1,25,0.0899381191,0.163735822,0.335171223,0
2047,all_layers,2,14,0.023986619,0.0642227754,0.134199202,0
2047,all_layers,2,19,0,0,0,0
2047,all_layers,2,20,0.106817693,0.237682298,0.400410742,0
2047,all_layers,2,21,0.218717247,0.44936046,0.841765165,0
2047,all_layers,2,22,0.0148426713,0.537061691,0,0
2047,all_layers,2,24,1,1,1,0
2047,all_layers,2,25,0.0899381191,0.163735822,0.335171223,0
2047,all_layers,3,14,0.0272219554,0.0727921352,0.150000006,0
2047,all_layers,3,19,0,0,0,0
2047,all_layers,3,20,0.0980636328,0.186810553,0.338685125,0
2047,all_layers,3,21,0.192902744,0.421739072,0.821816444,0
2047,all_layers,3,22,0.0712257847,0.309564739,0,0
2047,all_layers,3,24,1,1,1,0
2047,all_layers,3,25,0.0899381191,0.163735822,0.335171223,0
2047,all_layers,4,14,0.0315903574,0.0761574432,0.149026066,0
2047,all_layers,4,19,0,0,0,0
2047,all_layers,4,20,0.450189203,0.49479562,0.649305165,0
2047,all_layers,4,21,0.382602513,0.527970374,0.80032748,0
2047,all_layers,4,22,0.51616329,1.16786587,0,0
2047,all_layers,4,24,1,1,1,0
2047,all_layers,4,25,0.0899381191,0.163735822,0.335171223,0
2047,all_layers,5,14,0.0430332683,0.105807811,0.210224286,0
2047,all_layers,5,19,0,0,0,0
2047,all_layers,5,20,0.187572852,0.297437459,0.493947566,0
2047,all_layers,5,21,0.295185,0.483426213,0.822580993,0
2047,all_layers,5,22,0.68153578,0.816599369,0,0
2047,all_layers,5,24,1,1,1,0
2047,all_layers,5,25,0.0899381191,0.163735822,0.335171223,0
2047,all_layers,6,14,0.0567998104,0.137836859,0.276126355,0
2047,all_layers,6,19,0,0,0,0
2047,all_layers,6,20,0.106817693,0.237682298,0.400410742,0
2047,all_layers,6,21,0.217183664,0.442182571,0.83064878,0
2047,all_layers,6,22,1.12613893,0.511696339,0,0
2047,all_layers,6,24,1,1,1,0
2047,all_layers,6,25,0.0899381191,0.163735822,0.335171223,0
2047,all_layers,7,14,0.0542309321,0.126875997,0.26127243,0
2047,all_layers,7,19,0,0,0,0
2047,all_layers,7,20,0.0980636328,0.186810553,0.338685125,0
2047,all_layers,7,21,0.19193399,0.418590665,0.820410132,0
2047,all_layers,7,22,1.38900912,0.308175236,0,0
2047,all_layers,7,24,1,1,1,0
2047,all_layers,7,25,0.0899381191,0.163735822,0.335171223,0
2047,all_layers_ao_zero,0,14,0.0115144374,0.0274833757,0.0568875931,0
2047,all_layers_ao_zero,0,19,0,0,0,0
2047,all_layers_ao_zero,0,20,0.450189203,0.49479562,0.649305165,0
2047,all_layers_ao_zero,0,21,0,0,0,0
2047,all_layers_ao_zero,0,22,0.00734095322,1.56411064,0,0
2047,all_layers_ao_zero,0,24,1,1,1,0
2047,all_layers_ao_zero,0,25,0.0899381191,0.163735822,0.335171223,0
2047,all_layers_ao_zero,1,14,0.0183597244,0.0474701114,0.0997173861,0
2047,all_layers_ao_zero,1,19,0,0,0,0
2047,all_layers_ao_zero,1,20,0.187572852,0.297437459,0.493947566,0
2047,all_layers_ao_zero,1,21,0,0,0,0
2047,all_layers_ao_zero,1,22,0.00917742215,0.947075546,0,0
2047,all_layers_ao_zero,1,24,1,1,1,0
2047,all_layers_ao_zero,1,25,0.0899381191,0.163735822,0.335171223,0
2047,all_layers_ao_zero,2,14,0.023986619,0.0642227754,0.134199202,0
2047,all_layers_ao_zero,2,19,0,0,0,0
2047,all_layers_ao_zero,2,20,0.106817693,0.237682298,0.400410742,0
2047,all_layers_ao_zero,2,21,0,0,0,0
2047,all_layers_ao_zero,2,22,0.0148426713,0.537061691,0,0
2047,all_layers_ao_zero,2,24,1,1,1,0
2047,all_layers_ao_zero,2,25,0.0899381191,0.163735822,0.335171223,0
2047,all_layers_ao_zero,3,14,0.0272219554,0.0727921352,0.150000006,0
2047,all_layers_ao_zero,3,19,0,0,0,0
2047,all_layers_ao_zero,3,20,0.0980636328,0.186810553,0.338685125,0
2047,all_layers_ao_zero,3,21,0,0,0,0
2047,all_layers_ao_zero,3,22,0.0712257847,0.309564739,0,0
2047,all_layers_ao_zero,3,24,1,1,1,0
2047,all_layers_ao_zero,3,25,0.0899381191,0.163735822,0.335171223,0
2047,all_layers_ao_zero,4,14,0.0315903574,0.0761574432,0.149026066,0
2047,all_layers_ao_zero,4,19,0,0,0,0
2047,all_layers_ao_zero,4,20,0.450189203,0.49479562,0.649305165,0
2047,all_layers_ao_zero,4,21,0,0,0,0
2047,all_layers_ao_zero,4,22,0.51616329,1.16786587,0,0
2047,all_layers_ao_zero,4,24,1,1,1,0
2047,all_layers_ao_zero,4,25,0.0899381191,0.163735822,0.335171223,0
2047,all_layers_ao_zero,5,14,0.0430332683,0.105807811,0.210224286,0
2047,all_layers_ao_zero,5,19,0,0,0,0
2047,all_layers_ao_zero,5,20,0.187572852,0.297437459,0.493947566,0
2047,all_layers_ao_zero,5,21,0,0,0,0
2047,all_layers_ao_zero,5,22,0.68153578,0.816599369,0,0
2047,all_layers_ao_zero,5,24,1,1,1,0
2047,all_layers_ao_zero,5,25,0.0899381191,0.163735822,0.335171223,0
2047,all_layers_ao_zero,6,14,0.0567998104,0.137836859,0.276126355,0
2047,all_layers_ao_zero,6,19,0,0,0,0
2047,all_layers_ao_zero,6,20,0.106817693,0.237682298,0.400410742,0
2047,all_layers_ao_zero,6,21,0,0,0,0
2047,all_layers_ao_zero,6,22,1.12613893,0.511696339,0,0
2047,all_layers_ao_zero,6,24,1,1,1,0
2047,all_layers_ao_zero,6,25,0.0899381191,0.163735822,0.335171223,0
2047,all_layers_ao_zero,7,14,0.0542309321,0.126875997,0.26127243,0
2047,all_layers_ao_zero,7,19,0,0,0,0
2047,all_layers_ao_zero,7,20,0.0980636328,0.186810553,0.338685125,0
2047,all_layers_ao_zero,7,21,0,0,0,0
2047,all_layers_ao_zero,7,22,1.38900912,0.308175236,0,0
2047,all_layers_ao_zero,7,24,1,1,1,0
2047,all_layers_ao_zero,7,25,0.0899381191,0.163735822,0.335171223,0
2047,all_layers_alpha_zero,0,14,0.0115144374,0.0274833757,0.0568875931,0
2047,all_layers_alpha_zero,0,19,0,0,0,0
2047,all_layers_alpha_zero,0,20,0.450189203,0.49479562,0.649305165,0
2047,all_layers_alpha_zero,0,21,0.393480569,0.538080931,0.815750897,0
2047,all_layers_alpha_zero,0,22,0.00734095322,1.56411064,0,0
2047,all_layers_alpha_zero,0,24,1,1,1,0
2047,all_layers_alpha_zero,0,25,0.0899381191,0.163735822,0.335171223,0
2047,all_layers_alpha_zero,1,14,0.0183597244,0.0474701114,0.0997173861,0
2047,all_layers_alpha_zero,1,19,0,0,0,0
2047,all_layers_alpha_zero,1,20,0.187572852,0.297437459,0.493947566,0
2047,all_layers_alpha_zero,1,21,0.30070436,0.490143716,0.83560276,0
2047,all_layers_alpha_zero,1,22,0.00917742215,0.947075546,0,0
2047,all_layers_alpha_zero,1,24,1,1,1,0
2047,all_layers_alpha_zero,1,25,0.0899381191,0.163735822,0.335171223,0
2047,all_layers_alpha_zero,2,14,0.023986619,0.0642227754,0.134199202,0
2047,all_layers_alpha_zero,2,19,0,0,0,0
2047,all_layers_alpha_zero,2,20,0.106817693,0.237682298,0.400410742,0
2047,all_layers_alpha_zero,2,21,0.218717247,0.44936046,0.841765165,0
2047,all_layers_alpha_zero,2,22,0.0148426713,0.537061691,0,0
2047,all_layers_alpha_zero,2,24,1,1,1,0
2047,all_layers_alpha_zero,2,25,0.0899381191,0.163735822,0.335171223,0
2047,all_layers_alpha_zero,3,14,0.0272219554,0.0727921352,0.150000006,0
2047,all_layers_alpha_zero,3,19,0,0,0,0
2047,all_layers_alpha_zero,3,20,0.0980636328,0.186810553,0.338685125,0
2047,all_layers_alpha_zero,3,21,0.192902744,0.421739072,0.821816444,0
2047,all_layers_alpha_zero,3,22,0.0712257847,0.309564739,0,0
2047,all_layers_alpha_zero,3,24,1,1,1,0
2047,all_layers_alpha_zero,3,25,0.0899381191,0.163735822,0.335171223,0
2047,all_layers_alpha_zero,4,14,0.0315903574,0.0761574432,0.149026066,0
2047,all_layers_alpha_zero,4,19,0,0,0,0
2047,all_layers_alpha_zero,4,20,0.450189203,0.49479562,0.649305165,0
2047,all_layers_alpha_zero,4,21,0.382602513,0.527970374,0.80032748,0
2047,all_layers_alpha_zero,4,22,0.51616329,1.16786587,0,0
2047,all_layers_alpha_zero,4,24,1,1,1,0
2047,all_layers_alpha_zero,4,25,0.0899381191,0.163735822,0.335171223,0
2047,all_layers_alpha_zero,5,14,0.0430332683,0.105807811,0.210224286,0
2047,all_layers_alpha_zero,5,19,0,0,0,0
2047,all_layers_alpha_zero,5,20,0.187572852,0.297437459,0.493947566,0
2047,all_layers_alpha_zero,5,21,0.295185,0.483426213,0.822580993,0
2047,all_layers_alpha_zero,5,22,0.68153578,0.816599369,0,0
2047,all_layers_alpha_zero,5,24,1,1,1,0
2047,all_layers_alpha_zero,5,25,0.0899381191,0.163735822,0.335171223,0
2047,all_layers_alpha_zero,6,14,0.0567998104,0.137836859,0.276126355,0
2047,all_layers_alpha_zero,6,19,0,0,0,0
2047,all_layers_alpha_zero,6,20,0.106817693,0.237682298,0.400410742,0
2047,all_layers_alpha_zero,6,21,0.217183664,0.442182571,0.83064878,0
2047,all_layers_alpha_zero,6,22,1.12613893,0.511696339,0,0
2047,all_layers_alpha_zero,6,24,1,1,1,0
2047,all_layers_alpha_zero,6,25,0.0899381191,0.163735822,0.335171223,0
2047,all_layers_alpha_zero,7,14,0.0542309321,0.126875997,0.26127243,0
2047,all_layers_alpha_zero,7,19,0,0,0,0
2047,all_layers_alpha_zero,7,20,0.0980636328,0.186810553,0.338685125,0
2047,all_layers_alpha_zero,7,21,0.19193399,0.418590665,0.820410132,0
2047,all_layers_alpha_zero,7,22,1.38900912,0.308175236,0,0
2047,all_layers_alpha_zero,7,24,1,1,1,0
2047,all_layers_alpha_zero,7,25,0.0899381191,0.163735822,0.335171223,0
2047,mirror_layers,0,14,0.0417371504,0.0417371504,0.0417371504,0
2047,mirror_layers,0,19,0,0,0,0
2047,mirror_layers,0,20,0.57159251,0.57159251,0.57159251,0
2047,mirror_layers,0,21,0.963293433,0.963293433,0.963293433,0
2047,mirror_layers,0,22,7.16741852e-07,2.79937935,0,0
2047,mirror_layers,0,24,1,1,1,0
2047,mirror_layers,0,25,0.0399999991,0.0399999991,0.0399999991,0
2047,mirror_layers,1,14,0.123122871,0.123122871,0.123122871,0
2047,mirror_layers,1,19,0,0,0,0
2047,mirror_layers,1,20,0.264190376,0.264190376,0.264190376,0
2047,mirror_layers,1,21,0.891716838,0.891716838,0.891716838,0
2047,mirror_layers,1,22,9.07922413e-07,1.1197753,0,0
2047,mirror_layers,1,24,1,1,1,0
2047,mirror_layers,1,25,0.0399999991,0.0399999991,0.0399999991,0
2047,mirror_layers,2,14,0.188654184,0.188654184,0.188654184,0
2047,mirror_layers,2,19,0,0,0,0
2047,mirror_layers,2,20,0.0891867131,0.0891867131,0.0891867131,0
2047,mirror_layers,2,21,0.834083855,0.834083855,0.834083855,0
2047,mirror_layers,2,22,1.52816904e-06,0.559889317,0,0
2047,mirror_layers,2,24,1,1,1,0
2047,mirror_layers,2,25,0.0399999991,0.0399999991,0.0399999991,0
2047,mirror_layers,3,14,0.209234685,0.209234685,0.209234685,0
2047,mirror_layers,3,19,0,0,0,0
2047,mirror_layers,3,20,0.0407918878,0.0407918878,0.0407918878,0
2047,mirror_layers,3,21,0.815983951,0.815983951,0.815983951,0
2047,mirror_layers,3,22,9.23188963e-06,0.311049849,0,0
2047,mirror_layers,3,24,1,1,1,0
2047,mirror_layers,3,25,0.0399999991,0.0399999991,0.0399999991,0
2047,mirror_layers,4,14,0.0417373814,0.0417373814,0.0417373814,0
2047,mirror_layers,4,19,0,0,0,0
2047,mirror_layers,4,20,0.57159251,0.57159251,0.57159251,0
2047,mirror_layers,4,21,0.963293433,0.963293433,0.963293433,0
2047,mirror_layers,4,22,1.71025169e-06,2.79937935,0,0
2047,mirror_layers,4,24,1,1,1,0
2047,mirror_layers,4,25,0.0399999991,0.0399999991,0.0399999991,0
2047,mirror_layers,5,14,0.123123035,0.123123035,0.123123035,0
2047,mirror_layers,5,19,0,0,0,0
2047,mirror_layers,5,20,0.264190376,0.264190376,0.264190376,0
2047,mirror_layers,5,21,0.891716838,0.891716838,0.891716838,0
2047,mirror_layers,5,22,2.57870693e-06,1.1197753,0,0
2047,mirror_layers,5,24,1,1,1,0
2047,mirror_layers,5,25,0.0399999991,0.0399999991,0.0399999991,0
2047,mirror_layers,6,14,0.188654393,0.188654393,0.188654393,0
2047,mirror_layers,6,19,0,0,0,0
2047,mirror_layers,6,20,0.0891867131,0.0891867131,0.0891867131,0
2047,mirror_layers,6,21,0.834083855,0.834083855,0.834083855,0
2047,mirror_layers,6,22,6.24603354e-06,0.559889317,0,0
2047,mirror_layers,6,24,1,1,1,0
2047,mirror_layers,6,25,0.0399999991,0.0399999991,0.0399999991,0
2047,mirror_layers,7,14,0.209236577,0.209236577,0.209236577,0
2047,mirror_layers,7,19,0,0,0,0
2047,mirror_layers,7,20,0.0407918878,0.0407918878,0.0407918878,0
2047,mirror_layers,7,21,0.815983951,0.815983951,0.815983951,0
2047,mirror_layers,7,22,9.46995133e-05,0.311049849,0,0
2047,mirror_layers,7,24,1,1,1,0
2047,mirror_layers,7,25,0.0399999991,0.0399999991,0.0399999991,0
2047,white_furnace,0,14,0.143194169,0.143194169,0.143194169,0
2047,white_furnace,0,19,0,0,0,0
2047,white_furnace,0,20,0.57159251,0.57159251,0.57159251,0
2047,white_furnace,0,21,1,1,1,0
2047,white_furnace,0,22,0.307347119,0.622952104,0,0
2047,white_furnace,0,24,1,1,1,0
2047,white_furnace,0,25,0.0399999991,0.0399999991,0.0399999991,0
2047,white_furnace,1,14,0.197727039,0.197727039,0.197727039,0
2047,white_furnace,1,19,0,0,0,0
2047,white_furnace,1,20,0.264190376,0.264190376,0.264190376,0
2047,white_furnace,1,21,1,1,1,0
2047,white_furnace,1,22,0.348985106,0.523342848,0,0
2047,white_furnace,1,24,1,1,1,0
2047,white_furnace,1,25,0.0399999991,0.0399999991,0.0399999991,0
2047,white_furnace,2,14,0.248928875,0.248928875,0.248928875,0
2047,white_furnace,2,19,0,0,0,0
2047,white_furnace,2,20,0.0891867131,0.0891867131,0.0891867131,0
2047,white_furnace,2,21,1,1,1,0
2047,white_furnace,2,22,0.419201702,0.406617045,0,0
2047,white_furnace,2,24,1,1,1,0
2047,white_furnace,2,25,0.0399999991,0.0399999991,0.0399999991,0
2047,white_furnace,3,14,0.276393682,0.276393682,0.276393682,0
2047,white_furnace,3,19,0,0,0,0
2047,white_furnace,3,20,0.0407918878,0.0407918878,0.0407918878,0
2047,white_furnace,3,21,1,1,1,0
2047,white_furnace,3,22,0.526153028,0.292188227,0,0
2047,white_furnace,3,24,1,1,1,0
2047,white_furnace,3,25,0.0399999991,0.0399999991,0.0399999991,0
2047,white_furnace,4,14,0.112892747,0.112892747,0.112892747,0
2047,white_furnace,4,19,0,0,0,0
2047,white_furnace,4,20,0.57159251,0.57159251,0.57159251,0
2047,white_furnace,4,21,1,1,1,0
2047,white_furnace,4,22,0.00164433371,2.40233064,0,0
2047,white_furnace,4,24,1,1,1,0
2047,white_furnace,4,25,0.0399999991,0.0399999991,0.0399999991,0
2047,white_furnace,5,14,0.173283264,0.173283264,0.173283264,0
2047,white_furnace,5,19,0,0,0,0
2047,white_furnace,5,20,0.264190376,0.264190376,0.264190376,0
2047,white_furnace,5,21,1,1,1,0
2047,white_furnace,5,22,0.00253100181,1.0643611,0,0
2047,white_furnace,5,24,1,1,1,0
2047,white_furnace,5,25,0.0399999991,0.0399999991,0.0399999991,0
2047,white_furnace,6,14,0.237514704,0.237514704,0.237514704,0
2047,white_furnace,6,19,0,0,0,0
2047,white_furnace,6,20,0.0891867131,0.0891867131,0.0891867131,0
2047,white_furnace,6,21,1,1,1,0
2047,white_furnace,6,22,0.00686043361,0.541573405,0,0
2047,white_furnace,6,24,1,1,1,0
2047,white_furnace,6,25,0.0399999991,0.0399999991,0.0399999991,0
2047,white_furnace,7,14,0.276405573,0.276405573,0.276405573,0
2047,white_furnace,7,19,0,0,0,0
2047,white_furnace,7,20,0.0407918878,0.0407918878,0.0407918878,0
2047,white_furnace,7,21,1,1,1,0
2047,white_furnace,7,22,0.518784046,0.30213061,0,0
2047,white_furnace,7,24,1,1,1,0
2047,white_furnace,7,25,0.0399999991,0.0399999991,0.0399999991,0
2047,clamps_low,0,14,0.190667942,0.190667942,0.190667942,0
2047,clamps_low,0,19,0,0,0,0
2047,clamps_low,0,20,0.57159251,0.57159251,0.57159251,0
2047,clamps_low,0,21,0.834800601,0.834800601,0.834800601,0
2047,clamps_low,0,22,0.0421196967,1.51778758,0,0
2047,clamps_low,0,24,1,1,1,0
2047,clamps_low,0,25,0.0399999991,0.0399999991,0.0399999991,0
2047,clamps_low,1,14,0.202239707,0.202239707,0.202239707,0
2047,clamps_low,1,19,0,0,0,0
2047,clamps_low,1,20,0.264190376,0.264190376,0.264190376,0
2047,clamps_low,1,21,0.824151456,0.824151456,0.824151456,0
2047,clamps_low,1,22,0.0521572605,0.933210135,0,0
2047,clamps_low,1,24,1,1,1,0
2047,clamps_low,1,25,0.0399999991,0.0399999991,0.0399999991,0
2047,clamps_low,2,14,0.21385248,0.21385248,0.21385248,0
2047,clamps_low,2,19,0,0,0,0
2047,clamps_low,2,20,0.0891867131,0.0891867131,0.0891867131,0
2047,clamps_low,2,21,0.813540936,0.813540936,0.813540936,0
2047,clamps_low,2,22,0.0827342495,0.533831298,0,0
2047,clamps_low,2,24,1,1,1,0
2047,clamps_low,2,25,0.0399999991,0.0399999991,0.0399999991,0
2047,clamps_low,3,14,0.222609699,0.222609699,0.222609699,0
2047,clamps_low,3,19,0,0,0,0
2047,clamps_low,3,20,0.0407918878,0.0407918878,0.0407918878,0
2047,clamps_low,3,21,0.807749569,0.807749569,0.807749569,0
2047,clamps_low,3,22,0.35544607,0.308702677,0,0
2047,clamps_low,3,24,1,1,1,0
2047,clamps_low,3,25,0.0399999991,0.0399999991,0.0399999991,0
2047,clamps_low,4,14,0.195343062,0.195343062,0.195343062,0
2047,clamps_low,4,19,0,0,0,0
2047,clamps_low,4,20,0.57159251,0.57159251,0.57159251,0
2047,clamps_low,4,21,0.834707022,0.834707022,0.834707022,0
2047,clamps_low,4,22,0.0912405252,1.51778758,0,0
2047,clamps_low,4,24,1,1,1,0
2047,clamps_low,4,25,0.0399999991,0.0399999991,0.0399999991,0
2047,clamps_low,5,14,0.205785319,0.205785319,0.205785319,0
2047,clamps_low,5,19,0,0,0,0
2047,clamps_low,5,20,0.264190376,0.264190376,0.264190376,0
2047,clamps_low,5,21,0.824193656,0.824193656,0.824193656,0
2047,clamps_low,5,22,0.129547328,0.933210135,0,0
2047,clamps_low,5,24,1,1,1,0
2047,clamps_low,5,25,0.0399999991,0.0399999991,0.0399999991,0
2047,clamps_low,6,14,0.217862129,0.217862129,0.217862129,0
2047,clamps_low,6,19,0,0,0,0
2047,clamps_low,6,20,0.0891867131,0.0891867131,0.0891867131,0
2047,clamps_low,6,21,0.813537419,0.813537419,0.813537419,0
2047,clamps_low,6,22,0.264723897,0.533831298,0,0
2047,clamps_low,6,24,1,1,1,0
2047,clamps_low,6,25,0.0399999991,0.0399999991,0.0399999991,0
2047,clamps_low,7,14,0.234935373,0.234935373,0.234935373,0
2047,clamps_low,7,19,0,0,0,0
2047,clamps_low,7,20,0.0407918878,0.0407918878,0.0407918878,0
2047,clamps_low,7,21,0.807747781,0.807747781,0.807747781,0
2047,clamps_low,7,22,1.45699465,0.308702677,0,0
2047,clamps_low,7,24,1,1,1,0
2047,clamps_low,7,25,0.0399999991,0.0399999991,0.0399999991,0
2047,linked_gain_and_clamps,0,14,0.144395739,0.577582955,0,0
2047,linked_gain_and_clamps,0,19,0,0,0,0
2047,linked_gain_and_clamps,0,20,0.594393492,0.594445169,0.594164729,0
2047,linked_gain_and_clamps,0,21,0.69786799,2.79147196,0,0
2047,linked_gain_and_clamps,0,22,0.000468268292,2.44255304,0,0
2047,linked_gain_and_clamps,0,24,1,1,1,0
2047,linked_gain_and_clamps,0,25,0.139051482,0.125014737,0.126813143,0
2047,linked_gain_and_clamps,1,14,0.139003709,0.556014836,0,0
2047,linked_gain_and_clamps,1,19,0,0,0,0
2047,linked_gain_and_clamps,1,20,0.321086764,0.327067435,0.323760092,0
2047,linked_gain_and_clamps,1,21,0.619617522,2.47847009,0,0
2047,linked_gain_and_clamps,1,22,0.000592920638,1.08413541,0,0
2047,linked_gain_and_clamps,1,24,1,1,1,0
2047,linked_gain_and_clamps,1,25,0.139051482,0.125014737,0.126813143,0
2047,linked_gain_and_clamps,2,14,0.117279202,0.469116807,0,0
2047,linked_gain_and_clamps,2,19,0,0,0,0
2047,linked_gain_and_clamps,2,20,0.155091122,0.180501103,0.171554178,0
2047,linked_gain_and_clamps,2,21,0.498760015,1.99504006,0,0
2047,linked_gain_and_clamps,2,22,0.00100028678,0.551816106,0,0
2047,linked_gain_and_clamps,2,24,1,1,1,0
2047,linked_gain_and_clamps,2,25,0.139051482,0.125014737,0.126813143,0
2047,linked_gain_and_clamps,3,14,0.0880800709,0.352320284,0,0
2047,linked_gain_and_clamps,3,19,0,0,0,0
2047,linked_gain_and_clamps,3,20,0.14203003,0.125194103,0.127602264,0
2047,linked_gain_and_clamps,3,21,0.366048992,1.46419597,0,0
2047,linked_gain_and_clamps,3,22,0.00625955593,0.307869047,0,0
2047,linked_gain_and_clamps,3,24,1,1,1,0
2047,linked_gain_and_clamps,3,25,0.139051482,0.125014737,0.126813143,0
2047,linked_gain_and_clamps,4,14,0.144390061,0.577560246,0,0
2047,linked_gain_and_clamps,4,19,0,0,0,0
2047,linked_gain_and_clamps,4,20,0.594393492,0.594445169,0.594164729,0
2047,linked_gain_and_clamps,4,21,0.69786799,2.79147196,0,0
2047,linked_gain_and_clamps,4,22,0.0220421068,0.625623643,0,0
2047,linked_gain_and_clamps,4,24,1,1,1,0
2047,linked_gain_and_clamps,4,25,0.139051482,0.125014737,0.126813143,0
2047,linked_gain_and_clamps,5,14,0.138996944,0.555987775,0,0
2047,linked_gain_and_clamps,5,19,0,0,0,0
2047,linked_gain_and_clamps,5,20,0.321086764,0.327067435,0.323760092,0
2047,linked_gain_and_clamps,5,21,0.619617522,2.47847009,0,0
2047,linked_gain_and_clamps,5,22,0.029161403,0.528078914,0,0
2047,linked_gain_and_clamps,5,24,1,1,1,0
2047,linked_gain_and_clamps,5,25,0.139051482,0.125014737,0.126813143,0
2047,linked_gain_and_clamps,6,14,0.117272183,0.469088733,0,0
2047,linked_gain_and_clamps,6,19,0,0,0,0
2047,linked_gain_and_clamps,6,20,0.155091122,0.180501103,0.171554178,0
2047,linked_gain_and_clamps,6,21,0.498760015,1.99504006,0,0
2047,linked_gain_and_clamps,6,22,0.0438036062,0.412363857,0,0
2047,linked_gain_and_clamps,6,24,1,1,1,0
2047,linked_gain_and_clamps,6,25,0.139051482,0.125014737,0.126813143,0
2047,linked_gain_and_clamps,7,14,0.0880903825,0.35236153,0,0
2047,linked_gain_and_clamps,7,19,0,0,0,0
2047,linked_gain_and_clamps,7,20,0.14203003,0.125194103,0.127602264,0
2047,linked_gain_and_clamps,7,21,0.366048992,1.46419597,0,0
2047,linked_gain_and_clamps,7,22,0.0772493556,0.29755187,0,0
2047,linked_gain_and_clamps,7,24,1,1,1,0
2047,linked_gain_and_clamps,7,25,0.139051482,0.125014737,0.126813143,0
2047,film_sub_nm_transition,0,14,0.100239813,0.100239813,0.100239813,0
2047,film_sub_nm_transition,0,19,0,0,0,0
2047,film_sub_nm_transition,0,20,0.571609974,0.571609974,0.571609855,0
2047,film_sub_nm_transition,0,21,0.516685545,0.516685545,0.516685545,0
2047,film_sub_nm_transition,0,22,0.0421196967,1.51778758,0,0
2047,film_sub_nm_transition,0,24,1,1,1,0
2047,film_sub_nm_transition,0,25,0.0399999917,0.0399999879,0.0399999805,0
2047,film_sub_nm_transition,1,14,0.169611633,0.169611633,0.169611633,0
2047,film_sub_nm_transition,1,19,0,0,0,0
2047,film_sub_nm_transition,1,20,0.264190376,0.264190346,0.264190316,0
2047,film_sub_nm_transition,1,21,0.709369481,0.709369481,0.709369421,0
2047,film_sub_nm_transition,1,22,0.0521572605,0.933210135,0,0
2047,film_sub_nm_transition,1,24,1,1,1,0
2047,film_sub_nm_transition,1,25,0.0399999917,0.0399999879,0.0399999805,0
2047,film_sub_nm_transition,2,14,0.208962321,0.208962321,0.208962321,0
2047,film_sub_nm_transition,2,19,0,0,0,0
2047,film_sub_nm_transition,2,20,0.0891866982,0.0891866907,0.0891866758,0
2047,film_sub_nm_transition,2,21,0.796337843,0.796337843,0.796337843,0
2047,film_sub_nm_transition,2,22,0.0827342495,0.533831298,0,0
2047,film_sub_nm_transition,2,24,1,1,1,0
2047,film_sub_nm_transition,2,25,0.0399999917,0.0399999879,0.0399999805,0
2047,film_sub_nm_transition,3,14,0.222143039,0.222143024,0.222143024,0
2047,film_sub_nm_transition,3,19,0,0,0,0
2047,film_sub_nm_transition,3,20,0.0407918803,0.0407918766,0.0407918692,0
2047,film_sub_nm_transition,3,21,0.806107879,0.806107879,0.806107879,0
2047,film_sub_nm_transition,3,22,0.35544607,0.308702677,0,0
2047,film_sub_nm_transition,3,24,1,1,1,0
2047,film_sub_nm_transition,3,25,0.0399999917,0.0399999879,0.0399999805,0
2047,film_sub_nm_transition,4,14,0.104806997,0.104806997,0.104806997,0
2047,film_sub_nm_transition,4,19,0,0,0,0
2047,film_sub_nm_transition,4,20,0.571609974,0.571609974,0.571609855,0
2047,film_sub_nm_transition,4,21,0.516212225,0.516212225,0.516212165,0
2047,film_sub_nm_transition,4,22,0.0912405252,1.51778758,0,0
2047,film_sub_nm_transition,4,24,1,1,1,0
2047,film_sub_nm_transition,4,25,0.0399999917,0.0399999879,0.0399999805,0
2047,film_sub_nm_transition,5,14,0.173205778,0.173205778,0.173205778,0
2047,film_sub_nm_transition,5,19,0,0,0,0
2047,film_sub_nm_transition,5,20,0.264190376,0.264190346,0.264190316,0
2047,film_sub_nm_transition,5,21,0.709582388,0.709582388,0.709582388,0
2047,film_sub_nm_transition,5,22,0.129547328,0.933210135,0,0
2047,film_sub_nm_transition,5,24,1,1,1,0
2047,film_sub_nm_transition,5,25,0.0399999917,0.0399999879,0.0399999805,0
2047,film_sub_nm_transition,6,14,0.212967932,0.212967932,0.212967917,0
2047,film_sub_nm_transition,6,19,0,0,0,0
2047,film_sub_nm_transition,6,20,0.0891866982,0.0891866907,0.0891866758,0
2047,film_sub_nm_transition,6,21,0.79632014,0.79632014,0.79632014,0
2047,film_sub_nm_transition,6,22,0.264723897,0.533831298,0,0
2047,film_sub_nm_transition,6,24,1,1,1,0
2047,film_sub_nm_transition,6,25,0.0399999917,0.0399999879,0.0399999805,0
2047,film_sub_nm_transition,7,14,0.234466702,0.234466702,0.234466687,0
2047,film_sub_nm_transition,7,19,0,0,0,0
2047,film_sub_nm_transition,7,20,0.0407918803,0.0407918766,0.0407918692,0
2047,film_sub_nm_transition,7,21,0.806099057,0.806098998,0.806098998,0
2047,film_sub_nm_transition,7,22,1.45699465,0.308702677,0,0
2047,film_sub_nm_transition,7,24,1,1,1,0
2047,film_sub_nm_transition,7,25,0.0399999917,0.0399999879,0.0399999805,0
2047,film_no_substrate_interface,0,14,0.227408722,0.227408722,0.227408722,0
2047,film_no_substrate_interface,0,19,0,0,0,0
2047,film_no_substrate_interface,0,20,9.78329012e-07,1.0184832e-06,1.09797679e-06,0
2047,film_no_substrate_interface,0,21,0.799999297,0.799999297,0.799999356,0
2047,film_no_substrate_interface,0,22,0.0421196967,1.51778758,0,0
2047,film_no_substrate_interface,0,24,0.0280000009,0.0280000009,0.0280000009,0
2047,film_no_substrate_interface,0,25,2.15356621e-10,2.94790858e-10,4.5204776e-10,0
2047,film_no_substrate_interface,1,14,0.22740896,0.22740896,0.22740896,0
2047,film_no_substrate_interface,1,19,0,0,0,0
2047,film_no_substrate_interface,1,20,1.05344764e-08,1.44159014e-08,2.21000072e-08,0
2047,film_no_substrate_interface,1,21,0.800000012,0.800000012,0.800000012,0
2047,film_no_substrate_interface,1,22,0.0521572605,0.933210135,0,0
2047,film_no_substrate_interface,1,24,0.0280000009,0.0280000009,0.0280000009,0
2047,film_no_substrate_interface,1,25,2.15356621e-10,2.94790858e-10,4.5204776e-10,0
2047,film_no_substrate_interface,2,14,0.22740896,0.22740896,0.22740896,0
2047,film_no_substrate_interface,2,19,0,0,0,0
2047,film_no_substrate_interface,2,20,1.03666464e-09,1.419038e-09,2.17602714e-09,0
2047,film_no_substrate_interface,2,21,0.800000012,0.800000012,0.800000012,0
2047,film_no_substrate_interface,2,22,0.0827342495,0.533831298,0,0
2047,film_no_substrate_interface,2,24,0.0280000009,0.0280000009,0.0280000009,0
2047,film_no_substrate_interface,2,25,2.15356621e-10,2.94790858e-10,4.5204776e-10,0
2047,film_no_substrate_interface,3,14,0.22740896,0.22740896,0.22740896,0
2047,film_no_substrate_interface,3,19,0,0,0,0
2047,film_no_substrate_interface,3,20,2.04682132e-10,2.80179074e-10,4.29641295e-10,0
2047,film_no_substrate_interface,3,21,0.800000012,0.800000012,0.800000012,0
2047,film_no_substrate_interface,3,22,0.35544607,0.308702677,0,0
2047,film_no_substrate_interface,3,24,0.0280000009,0.0280000009,0.0280000009,0
2047,film_no_substrate_interface,3,25,2.15356621e-10,2.94790858e-10,4.5204776e-10,0
2047,film_no_substrate_interface,4,14,0.227408722,0.227408722,0.227408722,0
2047,film_no_substrate_interface,4,19,0,0,0,0
2047,film_no_substrate_interface,4,20,9.78329012e-07,1.0184832e-06,1.09797679e-06,0
2047,film_no_substrate_interface,4,21,0.799999297,0.799999297,0.799999356,0
2047,film_no_substrate_interface,4,22,0.0912405252,1.51778758,0,0
2047,film_no_substrate_interface,4,24,0.0280000009,0.0280000009,0.0280000009,0
2047,film_no_substrate_interface,4,25,2.15356621e-10,2.94790858e-10,4.5204776e-10,0
2047,film_no_substrate_interface,5,14,0.22740896,0.22740896,0.22740896,0
2047,film_no_substrate_interface,5,19,0,0,0,0
2047,film_no_substrate_interface,5,20,1.05344764e-08,1.44159014e-08,2.21000072e-08,0
2047,film_no_substrate_interface,5,21,0.800000012,0.800000012,0.800000012,0
2047,film_no_substrate_interface,5,22,0.129547328,0.933210135,0,0
2047,film_no_substrate_interface,5,24,0.0280000009,0.0280000009,0.0280000009,0
2047,film_no_substrate_interface,5,25,2.15356621e-10,2.94790858e-10,4.5204776e-10,0
2047,film_no_substrate_interface,6,14,0.22740896,0.22740896,0.22740896,0
2047,film_no_substrate_interface,6,19,0,0,0,0
2047,film_no_substrate_interface,6,20,1.03666464e-09,1.419038e-09,2.17602714e-09,0
2047,film_no_substrate_interface,6,21,0.800000012,0.800000012,0.800000012,0
2047,film_no_substrate_interface,6,22,0.264723897,0.533831298,0,0
2047,film_no_substrate_interface,6,24,0.0280000009,0.0280000009,0.0280000009,0
2047,film_no_substrate_interface,6,25,2.15356621e-10,2.94790858e-10,4.5204776e-10,0
2047,film_no_substrate_interface,7,14,0.227408975,0.227408975,0.227408975,0
2047,film_no_substrate_interface,7,19,0,0,0,0
2047,film_no_substrate_interface,7,20,2.04682132e-10,2.80179074e-10,4.29641295e-10,0
2047,film_no_substrate_interface,7,21,0.800000012,0.800000012,0.800000012,0
2047,film_no_substrate_interface,7,22,1.45699465,0.308702677,0,0
2047,film_no_substrate_interface,7,24,0.0280000009,0.0280000009,0.0280000009,0
2047,film_no_substrate_interface,7,25,2.15356621e-10,2.94790858e-10,4.5204776e-10,0
