mask,case,angle,field,x,y,z,w
2047,blender_defaults,0,14,0.188115209,0.188115209,0.188115209,0
2047,blender_defaults,0,19,0,0,0,0
2047,blender_defaults,0,20,0.57159251,0.57159251,0.57159251,0
2047,blender_defaults,0,21,0.827409983,0.827409983,0.827409983,0
2047,blender_defaults,0,22,0.0421196967,1.51778758,0,0
2047,blender_defaults,0,24,1,1,1,0
2047,blender_defaults,0,25,0.0399999991,0.0399999991,0.0399999991,0
2047,blender_defaults,1,14,0.20046781,0.20046781,0.20046781,0
2047,blender_defaults,1,19,0,0,0,0
2047,blender_defaults,1,20,0.264190376,0.264190376,0.264190376,0
2047,blender_defaults,1,21,0.819626033,0.819626033,0.819626033,0
2047,blender_defaults,1,22,0.0521572605,0.933210135,0,0
2047,blender_defaults,1,24,1,1,1,0
2047,blender_defaults,1,25,0.0399999991,0.0399999991,0.0399999991,0
2047,blender_defaults,2,14,0.213281587,0.213281587,0.213281587,0
2047,blender_defaults,2,19,0,0,0,0
2047,blender_defaults,2,20,0.0891867131,0.0891867131,0.0891867131,0
2047,blender_defaults,2,21,0.81234628,0.81234628,0.81234628,0
2047,blender_defaults,2,22,0.0827342495,0.533831298,0,0
2047,blender_defaults,2,24,1,1,1,0
2047,blender_defaults,2,25,0.0399999991,0.0399999991,0.0399999991,0
2047,blender_defaults,3,14,0.222507074,0.222507074,0.222507074,0
2047,blender_defaults,3,19,0,0,0,0
2047,blender_defaults,3,20,0.0407918878,0.0407918878,0.0407918878,0
2047,blender_defaults,3,21,0.807590365,0.807590365,0.807590365,0
2047,blender_defaults,3,22,0.35544607,0.308702677,0,0
2047,blender_defaults,3,24,1,1,1,0
2047,blender_defaults,3,25,0.0399999991,0.0399999991,0.0399999991,0
2047,blender_defaults,4,14,0.192650199,0.192650199,0.192650199,0
2047,blender_defaults,4,19,0,0,0,0
2047,blender_defaults,4,20,0.57159251,0.57159251,0.57159251,0
2047,blender_defaults,4,21,0.826663077,0.826663077,0.826663077,0
2047,blender_defaults,4,22,0.0912405252,1.51778758,0,0
2047,blender_defaults,4,24,1,1,1,0
2047,blender_defaults,4,25,0.0399999991,0.0399999991,0.0399999991,0
2047,blender_defaults,5,14,0.204144701,0.204144701,0.204144701,0
2047,blender_defaults,5,19,0,0,0,0
2047,blender_defaults,5,20,0.264190376,0.264190376,0.264190376,0
2047,blender_defaults,5,21,0.8199417,0.8199417,0.8199417,0
2047,blender_defaults,5,22,0.129547328,0.933210135,0,0
2047,blender_defaults,5,24,1,1,1,0
2047,blender_defaults,5,25,0.0399999991,0.0399999991,0.0399999991,0
2047,blender_defaults,6,14,0.217339978,0.217339978,0.217339978,0
2047,blender_defaults,6,19,0,0,0,0
2047,blender_defaults,6,20,0.0891867131,0.0891867131,0.0891867131,0
2047,blender_defaults,6,21,0.812326729,0.812326729,0.812326729,0
2047,blender_defaults,6,22,0.264723897,0.533831298,0,0
2047,blender_defaults,6,24,1,1,1,0
2047,blender_defaults,6,25,0.0399999991,0.0399999991,0.0399999991,0
2047,blender_defaults,7,14,0.234931514,0.234931514,0.234931514,0
2047,blender_defaults,7,19,0,0,0,0
2047,blender_defaults,7,20,0.0407918878,0.0407918878,0.0407918878,0
2047,blender_defaults,7,21,0.807580769,0.807580769,0.807580769,0
2047,blender_defaults,7,22,1.45699465,0.308702677,0,0
2047,blender_defaults,7,24,1,1,1,0
2047,blender_defaults,7,25,0.0399999991,0.0399999991,0.0399999991,0
2047,explicit_defaults,0,14,0.188115209,0.188115209,0.188115209,0
2047,explicit_defaults,0,19,0,0,0,0
2047,explicit_defaults,0,20,0.57159251,0.57159251,0.57159251,0
2047,explicit_defaults,0,21,0.827409983,0.827409983,0.827409983,0
2047,explicit_defaults,0,22,0.0421196967,1.51778758,0,0
2047,explicit_defaults,0,24,1,1,1,0
2047,explicit_defaults,0,25,0.0399999991,0.0399999991,0.0399999991,0
2047,explicit_defaults,1,14,0.20046781,0.20046781,0.20046781,0
2047,explicit_defaults,1,19,0,0,0,0
2047,explicit_defaults,1,20,0.264190376,0.264190376,0.264190376,0
2047,explicit_defaults,1,21,0.819626033,0.819626033,0.819626033,0
2047,explicit_defaults,1,22,0.0521572605,0.933210135,0,0
2047,explicit_defaults,1,24,1,1,1,0
2047,explicit_defaults,1,25,0.0399999991,0.0399999991,0.0399999991,0
2047,explicit_defaults,2,14,0.213281587,0.213281587,0.213281587,0
2047,explicit_defaults,2,19,0,0,0,0
2047,explicit_defaults,2,20,0.0891867131,0.0891867131,0.0891867131,0
2047,explicit_defaults,2,21,0.81234628,0.81234628,0.81234628,0
2047,explicit_defaults,2,22,0.0827342495,0.533831298,0,0
2047,explicit_defaults,2,24,1,1,1,0
2047,explicit_defaults,2,25,0.0399999991,0.0399999991,0.0399999991,0
2047,explicit_defaults,3,14,0.222507074,0.222507074,0.222507074,0
2047,explicit_defaults,3,19,0,0,0,0
2047,explicit_defaults,3,20,0.0407918878,0.0407918878,0.0407918878,0
2047,explicit_defaults,3,21,0.807590365,0.807590365,0.807590365,0
2047,explicit_defaults,3,22,0.35544607,0.308702677,0,0
2047,explicit_defaults,3,24,1,1,1,0
2047,explicit_defaults,3,25,0.0399999991,0.0399999991,0.0399999991,0
2047,explicit_defaults,4,14,0.192650199,0.192650199,0.192650199,0
2047,explicit_defaults,4,19,0,0,0,0
2047,explicit_defaults,4,20,0.57159251,0.57159251,0.57159251,0
2047,explicit_defaults,4,21,0.826663077,0.826663077,0.826663077,0
2047,explicit_defaults,4,22,0.0912405252,1.51778758,0,0
2047,explicit_defaults,4,24,1,1,1,0
2047,explicit_defaults,4,25,0.0399999991,0.0399999991,0.0399999991,0
2047,explicit_defaults,5,14,0.204144701,0.204144701,0.204144701,0
2047,explicit_defaults,5,19,0,0,0,0
2047,explicit_defaults,5,20,0.264190376,0.264190376,0.264190376,0
2047,explicit_defaults,5,21,0.8199417,0.8199417,0.8199417,0
2047,explicit_defaults,5,22,0.129547328,0.933210135,0,0
2047,explicit_defaults,5,24,1,1,1,0
2047,explicit_defaults,5,25,0.0399999991,0.0399999991,0.0399999991,0
2047,explicit_defaults,6,14,0.217339978,0.217339978,0.217339978,0
2047,explicit_defaults,6,19,0,0,0,0
2047,explicit_defaults,6,20,0.0891867131,0.0891867131,0.0891867131,0
2047,explicit_defaults,6,21,0.812326729,0.812326729,0.812326729,0
2047,explicit_defaults,6,22,0.264723897,0.533831298,0,0
2047,explicit_defaults,6,24,1,1,1,0
2047,explicit_defaults,6,25,0.0399999991,0.0399999991,0.0399999991,0
2047,explicit_defaults,7,14,0.234931514,0.234931514,0.234931514,0
2047,explicit_defaults,7,19,0,0,0,0
2047,explicit_defaults,7,20,0.0407918878,0.0407918878,0.0407918878,0
2047,explicit_defaults,7,21,0.807580769,0.807580769,0.807580769,0
2047,explicit_defaults,7,22,1.45699465,0.308702677,0,0
2047,explicit_defaults,7,24,1,1,1,0
2047,explicit_defaults,7,25,0.0399999991,0.0399999991,0.0399999991,0
2047,coat_one,0,14,0.0791991204,0.0791991204,0.0791991204,0
2047,coat_one,0,19,0,0,0,0
2047,coat_one,0,20,0.57159251,0.57159251,0.57159251,0
2047,coat_one,0,21,0.919866681,0.919866681,0.919866681,0
2047,coat_one,0,22,0.0421196967,1.51778758,0,0
2047,coat_one,0,24,1,1,1,0
2047,coat_one,0,25,0.0399999991,0.0399999991,0.0399999991,0
2047,coat_one,1,14,0.147190943,0.147190943,0.147190943,0
2047,coat_one,1,19,0,0,0,0
2047,coat_one,1,20,0.264190376,0.264190376,0.264190376,0
2047,coat_one,1,21,0.865981996,0.865981996,0.865981996,0
2047,coat_one,1,22,0.0521572605,0.933210135,0,0
2047,coat_one,1,24,1,1,1,0
2047,coat_one,1,25,0.0399999991,0.0399999991,0.0399999991,0
2047,coat_one,2,14,0.194135755,0.194135755,0.194135755,0
2047,coat_one,2,19,0,0,0,0
2047,coat_one,2,20,0.0891867131,0.0891867131,0.0891867131,0
2047,coat_one,2,21,0.828610241,0.828610241,0.828610241,0
2047,coat_one,2,22,0.0827342495,0.533831298,0,0
2047,coat_one,2,24,1,1,1,0
2047,coat_one,2,25,0.0399999991,0.0399999991,0.0399999991,0
2047,coat_one,3,14,0.213403448,0.213403448,0.213403448,0
2047,coat_one,3,19,0,0,0,0
2047,coat_one,3,20,0.0407918878,0.0407918878,0.0407918878,0
2047,coat_one,3,21,0.815340459,0.815340459,0.815340459,0
2047,coat_one,3,22,0.35544607,0.308702677,0,0
2047,coat_one,3,24,1,1,1,0
2047,coat_one,3,25,0.0399999991,0.0399999991,0.0399999991,0
2047,coat_one,4,14,0.0811085775,0.0811085775,0.0811085775,0
2047,coat_one,4,19,0,0,0,0
2047,coat_one,4,20,0.57159251,0.57159251,0.57159251,0
2047,coat_one,4,21,0.919525802,0.919525802,0.919525802,0
2047,coat_one,4,22,0.0912405252,1.51778758,0,0
2047,coat_one,4,24,1,1,1,0
2047,coat_one,4,25,0.0399999991,0.0399999991,0.0399999991,0
2047,coat_one,5,14,0.149890751,0.149890751,0.149890751,0
2047,coat_one,5,19,0,0,0,0
2047,coat_one,5,20,0.264190376,0.264190376,0.264190376,0
2047,coat_one,5,21,0.866218865,0.866218865,0.866218865,0
2047,coat_one,5,22,0.129547328,0.933210135,0,0
2047,coat_one,5,24,1,1,1,0
2047,coat_one,5,25,0.0399999991,0.0399999991,0.0399999991,0
2047,coat_one,6,14,0.197829947,0.197829947,0.197829947,0
2047,coat_one,6,19,0,0,0,0
2047,coat_one,6,20,0.0891867131,0.0891867131,0.0891867131,0
2047,coat_one,6,21,0.828594387,0.828594387,0.828594387,0
2047,coat_one,6,22,0.264723897,0.533831298,0,0
2047,coat_one,6,24,1,1,1,0
2047,coat_one,6,25,0.0399999991,0.0399999991,0.0399999991,0
2047,coat_one,7,14,0.225320503,0.225320503,0.225320503,0
2047,coat_one,7,19,0,0,0,0
2047,coat_one,7,20,0.0407918878,0.0407918878,0.0407918878,0
2047,coat_one,7,21,0.815331042,0.815331042,0.815331042,0
2047,coat_one,7,22,1.45699465,0.308702677,0,0
2047,coat_one,7,24,1,1,1,0
2047,coat_one,7,25,0.0399999991,0.0399999991,0.0399999991,0
2047,coat_rough,0,14,0.14303036,0.14303036,0.14303036,0
2047,coat_rough,0,19,0,0,0,0
2047,coat_rough,0,20,0.57159251,0.57159251,0.57159251,0
2047,coat_rough,0,21,0.861266494,0.861266494,0.861266494,0
2047,coat_rough,0,22,0.0421196967,1.51778758,0,0
2047,coat_rough,0,24,1,1,1,0
2047,coat_rough,0,25,0.0399999991,0.0399999991,0.0399999991,0
2047,coat_rough,1,14,0.168341905,0.168341905,0.168341905,0
2047,coat_rough,1,19,0,0,0,0
2047,coat_rough,1,20,0.264190376,0.264190376,0.264190376,0
2047,coat_rough,1,21,0.84643209,0.84643209,0.84643209,0
2047,coat_rough,1,22,0.0521572605,0.933210135,0,0
2047,coat_rough,1,24,1,1,1,0
2047,coat_rough,1,25,0.0399999991,0.0399999991,0.0399999991,0
2047,coat_rough,2,14,0.196917847,0.196917847,0.196917847,0
2047,coat_rough,2,19,0,0,0,0
2047,coat_rough,2,20,0.0891867131,0.0891867131,0.0891867131,0
2047,coat_rough,2,21,0.826770246,0.826770246,0.826770246,0
2047,coat_rough,2,22,0.0827342495,0.533831298,0,0
2047,coat_rough,2,24,1,1,1,0
2047,coat_rough,2,25,0.0399999991,0.0399999991,0.0399999991,0
2047,coat_rough,3,14,0.215605393,0.215605393,0.215605393,0
2047,coat_rough,3,19,0,0,0,0
2047,coat_rough,3,20,0.0407918878,0.0407918878,0.0407918878,0
2047,coat_rough,3,21,0.815256655,0.815256655,0.815256655,0
2047,coat_rough,3,22,0.35544607,0.308702677,0,0
2047,coat_rough,3,24,1,1,1,0
2047,coat_rough,3,25,0.0399999991,0.0399999991,0.0399999991,0
2047,coat_rough,4,14,0.149129733,0.149129733,0.149129733,0
2047,coat_rough,4,19,0,0,0,0
2047,coat_rough,4,20,0.57159251,0.57159251,0.57159251,0
2047,coat_rough,4,21,0.859898627,0.859898627,0.859898627,0
2047,coat_rough,4,22,0.0912405252,1.51778758,0,0
2047,coat_rough,4,24,1,1,1,0
2047,coat_rough,4,25,0.0399999991,0.0399999991,0.0399999991,0
2047,coat_rough,5,14,0.173356786,0.173356786,0.173356786,0
2047,coat_rough,5,19,0,0,0,0
2047,coat_rough,5,20,0.264190376,0.264190376,0.264190376,0
2047,coat_rough,5,21,0.846374691,0.846374691,0.846374691,0
2047,coat_rough,5,22,0.129547328,0.933210135,0,0
2047,coat_rough,5,24,1,1,1,0
2047,coat_rough,5,25,0.0399999991,0.0399999991,0.0399999991,0
2047,coat_rough,6,14,0.202873334,0.202873334,0.202873334,0
2047,coat_rough,6,19,0,0,0,0
2047,coat_rough,6,20,0.0891867131,0.0891867131,0.0891867131,0
2047,coat_rough,6,21,0.826895833,0.826895833,0.826895833,0
2047,coat_rough,6,22,0.264723897,0.533831298,0,0
2047,coat_rough,6,24,1,1,1,0
2047,coat_rough,6,25,0.0399999991,0.0399999991,0.0399999991,0
2047,coat_rough,7,14,0.238987654,0.238987654,0.238987654,0
2047,coat_rough,7,19,0,0,0,0
2047,coat_rough,7,20,0.0407918878,0.0407918878,0.0407918878,0
2047,coat_rough,7,21,0.815261424,0.815261424,0.815261424,0
2047,coat_rough,7,22,1.45699465,0.308702677,0,0
2047,coat_rough,7,24,1,1,1,0
2047,coat_rough,7,25,0.0399999991,0.0399999991,0.0399999991,0
2047,coat_ior_one,0,14,0.188115209,0.188115209,0.188115209,0
2047,coat_ior_one,0,19,0,0,0,0
2047,coat_ior_one,0,20,0.57159251,0.57159251,0.57159251,0
2047,coat_ior_one,0,21,0.827409983,0.827409983,0.827409983,0
2047,coat_ior_one,0,22,0.0421196967,1.51778758,0,0
2047,coat_ior_one,0,24,1,1,1,0
2047,coat_ior_one,0,25,0.0399999991,0.0399999991,0.0399999991,0
2047,coat_ior_one,1,14,0.20046781,0.20046781,0.20046781,0
2047,coat_ior_one,1,19,0,0,0,0
2047,coat_ior_one,1,20,0.264190376,0.264190376,0.264190376,0
2047,coat_ior_one,1,21,0.819626033,0.819626033,0.819626033,0
2047,coat_ior_one,1,22,0.0521572605,0.933210135,0,0
2047,coat_ior_one,1,24,1,1,1,0
2047,coat_ior_one,1,25,0.0399999991,0.0399999991,0.0399999991,0
2047,coat_ior_one,2,14,0.213281587,0.213281587,0.213281587,0
2047,coat_ior_one,2,19,0,0,0,0
2047,coat_ior_one,2,20,0.0891867131,0.0891867131,0.0891867131,0
2047,coat_ior_one,2,21,0.81234628,0.81234628,0.81234628,0
2047,coat_ior_one,2,22,0.0827342495,0.533831298,0,0
2047,coat_ior_one,2,24,1,1,1,0
2047,coat_ior_one,2,25,0.0399999991,0.0399999991,0.0399999991,0
2047,coat_ior_one,3,14,0.222507074,0.222507074,0.222507074,0
2047,coat_ior_one,3,19,0,0,0,0
2047,coat_ior_one,3,20,0.0407918878,0.0407918878,0.0407918878,0
2047,coat_ior_one,3,21,0.807590365,0.807590365,0.807590365,0
2047,coat_ior_one,3,22,0.35544607,0.308702677,0,0
2047,coat_ior_one,3,24,1,1,1,0
2047,coat_ior_one,3,25,0.0399999991,0.0399999991,0.0399999991,0
2047,coat_ior_one,4,14,0.192650199,0.192650199,0.192650199,0
2047,coat_ior_one,4,19,0,0,0,0
2047,coat_ior_one,4,20,0.57159251,0.57159251,0.57159251,0
2047,coat_ior_one,4,21,0.826663077,0.826663077,0.826663077,0
2047,coat_ior_one,4,22,0.0912405252,1.51778758,0,0
2047,coat_ior_one,4,24,1,1,1,0
2047,coat_ior_one,4,25,0.0399999991,0.0399999991,0.0399999991,0
2047,coat_ior_one,5,14,0.204144701,0.204144701,0.204144701,0
2047,coat_ior_one,5,19,0,0,0,0
2047,coat_ior_one,5,20,0.264190376,0.264190376,0.264190376,0
2047,coat_ior_one,5,21,0.8199417,0.8199417,0.8199417,0
2047,coat_ior_one,5,22,0.129547328,0.933210135,0,0
2047,coat_ior_one,5,24,1,1,1,0
2047,coat_ior_one,5,25,0.0399999991,0.0399999991,0.0399999991,0
2047,coat_ior_one,6,14,0.217339978,0.217339978,0.217339978,0
2047,coat_ior_one,6,19,0,0,0,0
2047,coat_ior_one,6,20,0.0891867131,0.0891867131,0.0891867131,0
2047,coat_ior_one,6,21,0.812326729,0.812326729,0.812326729,0
2047,coat_ior_one,6,22,0.264723897,0.533831298,0,0
2047,coat_ior_one,6,24,1,1,1,0
2047,coat_ior_one,6,25,0.0399999991,0.0399999991,0.0399999991,0
2047,coat_ior_one,7,14,0.234931514,0.234931514,0.234931514,0
2047,coat_ior_one,7,19,0,0,0,0
2047,coat_ior_one,7,20,0.0407918878,0.0407918878,0.0407918878,0
2047,coat_ior_one,7,21,0.807580769,0.807580769,0.807580769,0
2047,coat_ior_one,7,22,1.45699465,0.308702677,0,0
2047,coat_ior_one,7,24,1,1,1,0
2047,coat_ior_one,7,25,0.0399999991,0.0399999991,0.0399999991,0
2047,coat_tinted_emission,0,14,0.0243094563,0.0771373436,0.136127904,0
2047,coat_tinted_emission,0,19,0.881626189,0.782061219,2.81847191,0
2047,coat_tinted_emission,0,20,0.57159251,0.57159251,0.57159251,0
2047,coat_tinted_emission,0,21,0.37962994,0.61198926,0.871454597,0
2047,coat_tinted_emission,0,22,0.0421196967,1.51778758,0,0
2047,coat_tinted_emission,0,24,1,1,1,0
2047,coat_tinted_emission,0,25,0.0399999991,0.0399999991,0.0399999991,0
2047,coat_tinted_emission,1,14,0.0271813944,0.0894746706,0.158541575,0
2047,coat_tinted_emission,1,19,0.990486741,0.869100749,3.11631632,0
2047,coat_tinted_emission,1,20,0.264190376,0.264190376,0.264190376,0
2047,coat_tinted_emission,1,21,0.321145505,0.575835764,0.858220458,0
2047,coat_tinted_emission,1,22,0.0521572605,0.933210135,0,0
2047,coat_tinted_emission,1,24,1,1,1,0
2047,coat_tinted_emission,1,25,0.0399999991,0.0399999991,0.0399999991,0
2047,coat_tinted_emission,2,14,0.0325428471,0.105245404,0.183938622,0
2047,coat_tinted_emission,2,19,1.14429712,0.967826128,3.41150808,0
2047,coat_tinted_emission,2,20,0.0891867131,0.0891867131,0.0891867131,0
2047,coat_tinted_emission,2,21,0.263346702,0.540256023,0.83998251,0
2047,coat_tinted_emission,2,22,0.0827342495,0.533831298,0,0
2047,coat_tinted_emission,2,24,1,1,1,0
2047,coat_tinted_emission,2,25,0.0399999991,0.0399999991,0.0399999991,0
2047,coat_tinted_emission,3,14,0.0439869128,0.123267613,0.203980476,0
2047,coat_tinted_emission,3,19,1.3689034,1.05483866,3.56064892,0
2047,coat_tinted_emission,3,20,0.0407918878,0.0407918878,0.0407918878,0
2047,coat_tinted_emission,3,21,0.247979,0.535728633,0.828676283,0
2047,coat_tinted_emission,3,22,0.35544607,0.308702677,0,0
2047,coat_tinted_emission,3,24,1,1,1,0
2047,coat_tinted_emission,3,25,0.0399999991,0.0399999991,0.0399999991,0
2047,coat_tinted_emission,4,14,0.0305214114,0.0846228525,0.14503552,0
2047,coat_tinted_emission,4,19,0.881626189,0.782061219,2.81847191,0
2047,coat_tinted_emission,4,20,0.57159251,0.57159251,0.57159251,0
2047,coat_tinted_emission,4,21,0.377327174,0.609476745,0.868707895,0
2047,coat_tinted_emission,4,22,0.0912405252,1.51778758,0,0
2047,coat_tinted_emission,4,24,1,1,1,0
2047,coat_tinted_emission,4,25,0.0399999991,0.0399999991,0.0399999991,0
2047,coat_tinted_emission,5,14,0.0321840942,0.0956199244,0.165953636,0
2047,coat_tinted_emission,5,19,0.990486741,0.869100749,3.11631632,0
2047,coat_tinted_emission,5,20,0.264190376,0.264190376,0.264190376,0
2047,coat_tinted_emission,5,21,0.320333004,0.575121284,0.857614756,0
2047,coat_tinted_emission,5,22,0.129547328,0.933210135,0,0
2047,coat_tinted_emission,5,24,1,1,1,0
2047,coat_tinted_emission,5,25,0.0399999991,0.0399999991,0.0399999991,0
2047,coat_tinted_emission,6,14,0.0388739705,0.112959936,0.193150565,0
2047,coat_tinted_emission,6,19,1.14429712,0.967826128,3.41150808,0
2047,coat_tinted_emission,6,20,0.0891867131,0.0891867131,0.0891867131,0
2047,coat_tinted_emission,6,21,0.263764113,0.540666759,0.840386093,0
2047,coat_tinted_emission,6,22,0.264723897,0.533831298,0,0
2047,coat_tinted_emission,6,24,1,1,1,0
2047,coat_tinted_emission,6,25,0.0399999991,0.0399999991,0.0399999991,0
2047,coat_tinted_emission,7,14,0.0778100714,0.16151768,0.246737406,0
2047,coat_tinted_emission,7,19,1.3689034,1.05483866,3.56064892,0
2047,coat_tinted_emission,7,20,0.0407918878,0.0407918878,0.0407918878,0
2047,coat_tinted_emission,7,21,0.248014852,0.535761058,0.828705192,0
2047,coat_tinted_emission,7,22,1.45699465,0.308702677,0,0
2047,coat_tinted_emission,7,24,1,1,1,0
2047,coat_tinted_emission,7,25,0.0399999991,0.0399999991,0.0399999991,0
2047,coat_normal,0,14,0.0299875643,0.092363447,0.160640255,0
2047,coat_normal,0,19,1.08646345,0.934782684,3.3213737,0
2047,coat_normal,0,20,0.57159251,0.57159251,0.57159251,0
2047,coat_normal,0,21,0.281940043,0.556295455,0.856605649,0
2047,coat_normal,0,22,0.0421196967,1.51778758,0,0
2047,coat_normal,0,24,1,1,1,0
2047,coat_normal,0,25,0.0399999991,0.0399999991,0.0399999991,0
2047,coat_normal,1,14,0.0342270993,0.103078648,0.177307129,0
2047,coat_normal,1,19,1.16296148,0.977649093,3.43640351,0
2047,coat_normal,1,20,0.264190376,0.264190376,0.264190376,0
2047,coat_normal,1,21,0.260364443,0.541868567,0.845356703,0
2047,coat_normal,1,22,0.0521572605,0.933210135,0,0
2047,coat_normal,1,24,1,1,1,0
2047,coat_normal,1,25,0.0399999991,0.0399999991,0.0399999991,0
2047,coat_normal,2,14,0.0430746302,0.118432142,0.197347417,0
2047,coat_normal,2,19,1.27491629,1.02537715,3.53077459,0
2047,coat_normal,2,20,0.0891867131,0.0891867131,0.0891867131,0
2047,coat_normal,2,21,0.247055352,0.53407681,0.834649086,0
2047,coat_normal,2,22,0.0827342495,0.533831298,0,0
2047,coat_normal,2,24,1,1,1,0
2047,coat_normal,2,25,0.0399999991,0.0399999991,0.0399999991,0
2047,coat_normal,3,14,0.150911242,0.230262786,0.310042024,0
2047,coat_normal,3,19,1.40926862,1.06556678,3.56532145,0
2047,coat_normal,3,20,0.0407918878,0.0407918878,0.0407918878,0
2047,coat_normal,3,21,0.250792176,0.538798928,0.828357995,0
2047,coat_normal,3,22,0.35544607,0.308702677,0,0
2047,coat_normal,3,24,1,1,1,0
2047,coat_normal,3,25,0.0399999991,0.0399999991,0.0399999991,0
2047,coat_normal,4,14,0.019414017,0.069031544,0.124513507,0
2047,coat_normal,4,19,0.806187332,0.716651738,2.58527637,0
2047,coat_normal,4,20,0.57159251,0.57159251,0.57159251,0
2047,coat_normal,4,21,0.0833056644,0.296214759,0.534288168,0
2047,coat_normal,4,22,0.0912405252,1.51778758,0,0
2047,coat_normal,4,24,1,1,1,0
2047,coat_normal,4,25,0.0399999991,0.0399999991,0.0399999991,0
2047,coat_normal,5,14,0.0320083611,0.0862435028,0.146880105,0
2047,coat_normal,5,19,0.831852853,0.73930341,2.66671681,0
2047,coat_normal,5,20,0.264190376,0.264190376,0.264190376,0
2047,coat_normal,5,21,0.411528111,0.629362106,0.872907341,0
2047,coat_normal,5,22,0.129547328,0.933210135,0,0
2047,coat_normal,5,24,1,1,1,0
2047,coat_normal,5,25,0.0399999991,0.0399999991,0.0399999991,0
2047,coat_normal,6,14,0.0336021259,0.10235437,0.178389773,0
2047,coat_normal,6,19,1.01380968,0.886122465,3.17162657,0
2047,coat_normal,6,20,0.0891867131,0.0891867131,0.0891867131,0
2047,coat_normal,6,21,0.308617175,0.5655846,0.849773347,0
2047,coat_normal,6,22,0.264723897,0.533831298,0,0
2047,coat_normal,6,24,1,1,1,0
2047,coat_normal,6,25,0.0399999991,0.0399999991,0.0399999991,0
2047,coat_normal,7,14,0.0546535067,0.137740999,0.224564463,0
2047,coat_normal,7,19,1.28221536,1.02788758,3.53405237,0
2047,coat_normal,7,20,0.0407918878,0.0407918878,0.0407918878,0
2047,coat_normal,7,21,0.245943427,0.531557977,0.830015004,0
2047,coat_normal,7,22,1.45699465,0.308702677,0,0
2047,coat_normal,7,24,1,1,1,0
2047,coat_normal,7,25,0.0399999991,0.0399999991,0.0399999991,0
2047,sheen_one,0,14,0.109663069,0.109663069,0.109663069,0
2047,sheen_one,0,19,0,0,0,0
2047,sheen_one,0,20,0.57159251,0.57159251,0.57159251,0
2047,sheen_one,0,21,0.922689855,0.922689855,0.922689855,0
2047,sheen_one,0,22,0.0421196967,1.51778758,0,0
2047,sheen_one,0,24,1,1,1,0
2047,sheen_one,0,25,0.0399999991,0.0399999991,0.0399999991,0
2047,sheen_one,1,14,0.153190315,0.153190315,0.153190315,0
2047,sheen_one,1,19,0,0,0,0
2047,sheen_one,1,20,0.264190376,0.264190376,0.264190376,0
2047,sheen_one,1,21,0.885949075,0.885949075,0.885949075,0
2047,sheen_one,1,22,0.0521572605,0.933210135,0,0
2047,sheen_one,1,24,1,1,1,0
2047,sheen_one,1,25,0.0399999991,0.0399999991,0.0399999991,0
2047,sheen_one,2,14,0.19469583,0.19469583,0.19469583,0
2047,sheen_one,2,19,0,0,0,0
2047,sheen_one,2,20,0.0891867131,0.0891867131,0.0891867131,0
2047,sheen_one,2,21,0.841221035,0.841221035,0.841221035,0
2047,sheen_one,2,22,0.0827342495,0.533831298,0,0
2047,sheen_one,2,24,1,1,1,0
2047,sheen_one,2,25,0.0399999991,0.0399999991,0.0399999991,0
2047,sheen_one,3,14,0.219406977,0.219406977,0.219406977,0
2047,sheen_one,3,19,0,0,0,0
2047,sheen_one,3,20,0.0407918878,0.0407918878,0.0407918878,0
2047,sheen_one,3,21,0.813268363,0.813268363,0.813268363,0
2047,sheen_one,3,22,0.35544607,0.308702677,0,0
2047,sheen_one,3,24,1,1,1,0
2047,sheen_one,3,25,0.0399999991,0.0399999991,0.0399999991,0
2047,sheen_one,4,14,0.108629562,0.108629562,0.108629562,0
2047,sheen_one,4,19,0,0,0,0
2047,sheen_one,4,20,0.57159251,0.57159251,0.57159251,0
2047,sheen_one,4,21,0.922355294,0.922355294,0.922355294,0
2047,sheen_one,4,22,0.0912405252,1.51778758,0,0
2047,sheen_one,4,24,1,1,1,0
2047,sheen_one,4,25,0.0399999991,0.0399999991,0.0399999991,0
2047,sheen_one,5,14,0.152982906,0.152982906,0.152982906,0
2047,sheen_one,5,19,0,0,0,0
2047,sheen_one,5,20,0.264190376,0.264190376,0.264190376,0
2047,sheen_one,5,21,0.886148691,0.886148691,0.886148691,0
2047,sheen_one,5,22,0.129547328,0.933210135,0,0
2047,sheen_one,5,24,1,1,1,0
2047,sheen_one,5,25,0.0399999991,0.0399999991,0.0399999991,0
2047,sheen_one,6,14,0.197307453,0.197307453,0.197307453,0
2047,sheen_one,6,19,0,0,0,0
2047,sheen_one,6,20,0.0891867131,0.0891867131,0.0891867131,0
2047,sheen_one,6,21,0.841204524,0.841204524,0.841204524,0
2047,sheen_one,6,22,0.264723897,0.533831298,0,0
2047,sheen_one,6,24,1,1,1,0
2047,sheen_one,6,25,0.0399999991,0.0399999991,0.0399999991,0
2047,sheen_one,7,14,0.231303349,0.231303349,0.231303349,0
2047,sheen_one,7,19,0,0,0,0
2047,sheen_one,7,20,0.0407918878,0.0407918878,0.0407918878,0
2047,sheen_one,7,21,0.813259065,0.813259065,0.813259065,0
2047,sheen_one,7,22,1.45699465,0.308702677,0,0
2047,sheen_one,7,24,1,1,1,0
2047,sheen_one,7,25,0.0399999991,0.0399999991,0.0399999991,0
2047,sheen_color,0,14,0.143456966,0.14389497,0.144595787,0
2047,sheen_color,0,19,0,0,0,0
2047,sheen_color,0,20,0.57159251,0.57159251,0.57159251,0
2047,sheen_color,0,21,0.674602449,0.749225974,0.868623674,0
2047,sheen_color,0,22,0.0421196967,1.51778758,0,0
2047,sheen_color,0,24,1,1,1,0
2047,sheen_color,0,25,0.0399999991,0.0399999991,0.0399999991,0
2047,sheen_color,1,14,0.193655282,0.193755016,0.193914592,0
2047,sheen_color,1,19,0,0,0,0
2047,sheen_color,1,20,0.264190376,0.264190376,0.264190376,0
2047,sheen_color,1,21,0.797955751,0.808668733,0.825809538,0
2047,sheen_color,1,22,0.0521572605,0.933210135,0,0
2047,sheen_color,1,24,1,1,1,0
2047,sheen_color,1,25,0.0399999991,0.0399999991,0.0399999991,0
2047,sheen_color,2,14,0.212993488,0.213000163,0.213010833,0
2047,sheen_color,2,19,0,0,0,0
2047,sheen_color,2,20,0.0891867131,0.0891867131,0.0891867131,0
2047,sheen_color,2,21,0.811490476,0.811918497,0.812603295,0
2047,sheen_color,2,22,0.0827342495,0.533831298,0,0
2047,sheen_color,2,24,1,1,1,0
2047,sheen_color,2,25,0.0399999991,0.0399999991,0.0399999991,0
2047,sheen_color,3,14,0.222488523,0.222489685,0.222491547,0
2047,sheen_color,3,19,0,0,0,0
2047,sheen_color,3,20,0.0407918878,0.0407918878,0.0407918878,0
2047,sheen_color,3,21,0.807536721,0.807563722,0.807607055,0
2047,sheen_color,3,22,0.35544607,0.308702677,0,0
2047,sheen_color,3,24,1,1,1,0
2047,sheen_color,3,25,0.0399999991,0.0399999991,0.0399999991,0
2047,sheen_color,4,14,0.146907702,0.147343516,0.148040801,0
2047,sheen_color,4,19,0,0,0,0
2047,sheen_color,4,20,0.57159251,0.57159251,0.57159251,0
2047,sheen_color,4,21,0.67403388,0.748657465,0.868055165,0
2047,sheen_color,4,22,0.0912405252,1.51778758,0,0
2047,sheen_color,4,24,1,1,1,0
2047,sheen_color,4,25,0.0399999991,0.0399999991,0.0399999991,0
2047,sheen_color,5,14,0.197205886,0.197305217,0.197464138,0
2047,sheen_color,5,19,0,0,0,0
2047,sheen_color,5,20,0.264190376,0.264190376,0.264190376,0
2047,sheen_color,5,21,0.79826057,0.808973551,0.826114357,0
2047,sheen_color,5,22,0.129547328,0.933210135,0,0
2047,sheen_color,5,24,1,1,1,0
2047,sheen_color,5,25,0.0399999991,0.0399999991,0.0399999991,0
2047,sheen_color,6,14,0.217046261,0.217052847,0.217063367,0
2047,sheen_color,6,19,0,0,0,0
2047,sheen_color,6,20,0.0891867131,0.0891867131,0.0891867131,0
2047,sheen_color,6,21,0.811470985,0.811899006,0.812583804,0
2047,sheen_color,6,22,0.264723897,0.533831298,0,0
2047,sheen_color,6,24,1,1,1,0
2047,sheen_color,6,25,0.0399999991,0.0399999991,0.0399999991,0
2047,sheen_color,7,14,0.234911844,0.234912977,0.23491478,0
2047,sheen_color,7,19,0,0,0,0
2047,sheen_color,7,20,0.0407918878,0.0407918878,0.0407918878,0
2047,sheen_color,7,21,0.807527065,0.807554126,0.807597399,0
2047,sheen_color,7,22,1.45699465,0.308702677,0,0
2047,sheen_color,7,24,1,1,1,0
2047,sheen_color,7,25,0.0399999991,0.0399999991,0.0399999991,0
2047,sheen_roughness_zero,0,14,0.188115209,0.188115209,0.188115209,0
2047,sheen_roughness_zero,0,19,0,0,0,0
2047,sheen_roughness_zero,0,20,0.57159251,0.57159251,0.57159251,0
2047,sheen_roughness_zero,0,21,0.827409983,0.827409983,0.827409983,0
2047,sheen_roughness_zero,0,22,0.0421196967,1.51778758,0,0
2047,sheen_roughness_zero,0,24,1,1,1,0
2047,sheen_roughness_zero,0,25,0.0399999991,0.0399999991,0.0399999991,0
2047,sheen_roughness_zero,1,14,0.20046781,0.20046781,0.20046781,0
2047,sheen_roughness_zero,1,19,0,0,0,0
2047,sheen_roughness_zero,1,20,0.264190376,0.264190376,0.264190376,0
2047,sheen_roughness_zero,1,21,0.819626033,0.819626033,0.819626033,0
2047,sheen_roughness_zero,1,22,0.0521572605,0.933210135,0,0
2047,sheen_roughness_zero,1,24,1,1,1,0
2047,sheen_roughness_zero,1,25,0.0399999991,0.0399999991,0.0399999991,0
2047,sheen_roughness_zero,2,14,0.213281587,0.213281587,0.213281587,0
2047,sheen_roughness_zero,2,19,0,0,0,0
2047,sheen_roughness_zero,2,20,0.0891867131,0.0891867131,0.0891867131,0
2047,sheen_roughness_zero,2,21,0.81234628,0.81234628,0.81234628,0
2047,sheen_roughness_zero,2,22,0.0827342495,0.533831298,0,0
2047,sheen_roughness_zero,2,24,1,1,1,0
2047,sheen_roughness_zero,2,25,0.0399999991,0.0399999991,0.0399999991,0
2047,sheen_roughness_zero,3,14,0.222507074,0.222507074,0.222507074,0
2047,sheen_roughness_zero,3,19,0,0,0,0
2047,sheen_roughness_zero,3,20,0.0407918878,0.0407918878,0.0407918878,0
2047,sheen_roughness_zero,3,21,0.807590365,0.807590365,0.807590365,0
2047,sheen_roughness_zero,3,22,0.35544607,0.308702677,0,0
2047,sheen_roughness_zero,3,24,1,1,1,0
2047,sheen_roughness_zero,3,25,0.0399999991,0.0399999991,0.0399999991,0
2047,sheen_roughness_zero,4,14,0.192650199,0.192650199,0.192650199,0
2047,sheen_roughness_zero,4,19,0,0,0,0
2047,sheen_roughness_zero,4,20,0.57159251,0.57159251,0.57159251,0
2047,sheen_roughness_zero,4,21,0.826663077,0.826663077,0.826663077,0
2047,sheen_roughness_zero,4,22,0.0912405252,1.51778758,0,0
2047,sheen_roughness_zero,4,24,1,1,1,0
2047,sheen_roughness_zero,4,25,0.0399999991,0.0399999991,0.0399999991,0
2047,sheen_roughness_zero,5,14,0.204144701,0.204144701,0.204144701,0
2047,sheen_roughness_zero,5,19,0,0,0,0
2047,sheen_roughness_zero,5,20,0.264190376,0.264190376,0.264190376,0
2047,sheen_roughness_zero,5,21,0.8199417,0.8199417,0.8199417,0
2047,sheen_roughness_zero,5,22,0.129547328,0.933210135,0,0
2047,sheen_roughness_zero,5,24,1,1,1,0
2047,sheen_roughness_zero,5,25,0.0399999991,0.0399999991,0.0399999991,0
2047,sheen_roughness_zero,6,14,0.217339978,0.217339978,0.217339978,0
2047,sheen_roughness_zero,6,19,0,0,0,0
2047,sheen_roughness_zero,6,20,0.0891867131,0.0891867131,0.0891867131,0
2047,sheen_roughness_zero,6,21,0.812326729,0.812326729,0.812326729,0
2047,sheen_roughness_zero,6,22,0.264723897,0.533831298,0,0
2047,sheen_roughness_zero,6,24,1,1,1,0
2047,sheen_roughness_zero,6,25,0.0399999991,0.0399999991,0.0399999991,0
2047,sheen_roughness_zero,7,14,0.234931514,0.234931514,0.234931514,0
2047,sheen_roughness_zero,7,19,0,0,0,0
2047,sheen_roughness_zero,7,20,0.0407918878,0.0407918878,0.0407918878,0
2047,sheen_roughness_zero,7,21,0.807580769,0.807580769,0.807580769,0
2047,sheen_roughness_zero,7,22,1.45699465,0.308702677,0,0
2047,sheen_roughness_zero,7,24,1,1,1,0
2047,sheen_roughness_zero,7,25,0.0399999991,0.0399999991,0.0399999991,0
2047,sheen_roughness_one,0,14,0.104750901,0.140849829,0.19860813,0
2047,sheen_roughness_one,0,19,0,0,0,0
2047,sheen_roughness_one,0,20,0.57159251,0.57159251,0.57159251,0
2047,sheen_roughness_one,0,21,0.470151812,0.644618809,0.923766017,0
2047,sheen_roughness_one,0,22,0.0421196967,1.51778758,0,0
2047,sheen_roughness_one,0,24,1,1,1,0
2047,sheen_roughness_one,0,25,0.0399999991,0.0399999991,0.0399999991,0
2047,sheen_roughness_one,1,14,0.121947676,0.156698599,0.212300092,0
2047,sheen_roughness_one,1,19,0,0,0,0
2047,sheen_roughness_one,1,20,0.264190376,0.264190376,0.264190376,0
2047,sheen_roughness_one,1,21,0.506284952,0.661189318,0.909036338,0
2047,sheen_roughness_one,1,22,0.0521572605,0.933210135,0,0
2047,sheen_roughness_one,1,24,1,1,1,0
2047,sheen_roughness_one,1,25,0.0399999991,0.0399999991,0.0399999991,0
2047,sheen_roughness_one,2,14,0.145772412,0.175092205,0.222003892,0
2047,sheen_roughness_one,2,19,0,0,0,0
2047,sheen_roughness_one,2,20,0.0891867131,0.0891867131,0.0891867131,0
2047,sheen_roughness_one,2,21,0.56302762,0.687717617,0.887221634,0
2047,sheen_roughness_one,2,22,0.0827342495,0.533831298,0,0
2047,sheen_roughness_one,2,24,1,1,1,0
2047,sheen_roughness_one,2,25,0.0399999991,0.0399999991,0.0399999991,0
2047,sheen_roughness_one,3,14,0.1705603,0.192580312,0.227812335,0
2047,sheen_roughness_one,3,19,0,0,0,0
2047,sheen_roughness_one,3,20,0.0407918878,0.0407918878,0.0407918878,0
2047,sheen_roughness_one,3,21,0.626003623,0.717515826,0.863935471,0
2047,sheen_roughness_one,3,22,0.35544607,0.308702677,0,0
2047,sheen_roughness_one,3,24,1,1,1,0
2047,sheen_roughness_one,3,25,0.0399999991,0.0399999991,0.0399999991,0
2047,sheen_roughness_one,4,14,0.106753178,0.142850697,0.200606719,0
2047,sheen_roughness_one,4,19,0,0,0,0
2047,sheen_roughness_one,4,20,0.57159251,0.57159251,0.57159251,0
2047,sheen_roughness_one,4,21,0.4698219,0.644288898,0.923436105,0
2047,sheen_roughness_one,4,22,0.0912405252,1.51778758,0,0
2047,sheen_roughness_one,4,24,1,1,1,0
2047,sheen_roughness_one,4,25,0.0399999991,0.0399999991,0.0399999991,0
2047,sheen_roughness_one,5,14,0.123800941,0.158550173,0.214148954,0
2047,sheen_roughness_one,5,19,0,0,0,0
2047,sheen_roughness_one,5,20,0.264190376,0.264190376,0.264190376,0
2047,sheen_roughness_one,5,21,0.506444156,0.661348522,0.909195542,0
2047,sheen_roughness_one,5,22,0.129547328,0.933210135,0,0
2047,sheen_roughness_one,5,24,1,1,1,0
2047,sheen_roughness_one,5,25,0.0399999991,0.0399999991,0.0399999991,0
2047,sheen_roughness_one,6,14,0.148210421,0.177528456,0.224437341,0
2047,sheen_roughness_one,6,19,0,0,0,0
2047,sheen_roughness_one,6,20,0.0891867131,0.0891867131,0.0891867131,0
2047,sheen_roughness_one,6,21,0.563015878,0.687705874,0.887209892,0
2047,sheen_roughness_one,6,22,0.264723897,0.533831298,0,0
2047,sheen_roughness_one,6,24,1,1,1,0
2047,sheen_roughness_one,6,25,0.0399999991,0.0399999991,0.0399999991,0
2047,sheen_roughness_one,7,14,0.179347917,0.201370507,0.236606658,0
2047,sheen_roughness_one,7,19,0,0,0,0
2047,sheen_roughness_one,7,20,0.0407918878,0.0407918878,0.0407918878,0
2047,sheen_roughness_one,7,21,0.625996828,0.717509031,0.863928676,0
2047,sheen_roughness_one,7,22,1.45699465,0.308702677,0,0
2047,sheen_roughness_one,7,24,1,1,1,0
2047,sheen_roughness_one,7,25,0.0399999991,0.0399999991,0.0399999991,0
2047,coat_and_sheen,0,14,0.095506683,0.095506683,0.095506683,0
2047,coat_and_sheen,0,19,0,0,0,0
2047,coat_and_sheen,0,20,0.57159251,0.57159251,0.57159251,0
2047,coat_and_sheen,0,21,0.926888824,0.926888824,0.926888824,0
2047,coat_and_sheen,0,22,0.0421196967,1.51778758,0,0
2047,coat_and_sheen,0,24,1,1,1,0
2047,coat_and_sheen,0,25,0.0399999991,0.0399999991,0.0399999991,0
2047,coat_and_sheen,1,14,0.136486694,0.136486694,0.136486694,0
2047,coat_and_sheen,1,19,0,0,0,0
2047,coat_and_sheen,1,20,0.264190376,0.264190376,0.264190376,0
2047,coat_and_sheen,1,21,0.895448327,0.895448327,0.895448327,0
2047,coat_and_sheen,1,22,0.0521572605,0.933210135,0,0
2047,coat_and_sheen,1,24,1,1,1,0
2047,coat_and_sheen,1,25,0.0399999991,0.0399999991,0.0399999991,0
2047,coat_and_sheen,2,14,0.183045253,0.183045253,0.183045253,0
2047,coat_and_sheen,2,19,0,0,0,0
2047,coat_and_sheen,2,20,0.0891867131,0.0891867131,0.0891867131,0
2047,coat_and_sheen,2,21,0.849077761,0.849077761,0.849077761,0
2047,coat_and_sheen,2,22,0.0827342495,0.533831298,0,0
2047,coat_and_sheen,2,24,1,1,1,0
2047,coat_and_sheen,2,25,0.0399999991,0.0399999991,0.0399999991,0
2047,coat_and_sheen,3,14,0.212466434,0.212466434,0.212466434,0
2047,coat_and_sheen,3,19,0,0,0,0
2047,coat_and_sheen,3,20,0.0407918878,0.0407918878,0.0407918878,0
2047,coat_and_sheen,3,21,0.81969434,0.81969434,0.81969434,0
2047,coat_and_sheen,3,22,0.35544607,0.308702677,0,0
2047,coat_and_sheen,3,24,1,1,1,0
2047,coat_and_sheen,3,25,0.0399999991,0.0399999991,0.0399999991,0
2047,coat_and_sheen,4,14,0.0958733484,0.0958733484,0.0958733484,0
2047,coat_and_sheen,4,19,0,0,0,0
2047,coat_and_sheen,4,20,0.57159251,0.57159251,0.57159251,0
2047,coat_and_sheen,4,21,0.926180542,0.926180542,0.926180542,0
2047,coat_and_sheen,4,22,0.0912405252,1.51778758,0,0
2047,coat_and_sheen,4,24,1,1,1,0
2047,coat_and_sheen,4,25,0.0399999991,0.0399999991,0.0399999991,0
2047,coat_and_sheen,5,14,0.137438983,0.137438983,0.137438983,0
2047,coat_and_sheen,5,19,0,0,0,0
2047,coat_and_sheen,5,20,0.264190376,0.264190376,0.264190376,0
2047,coat_and_sheen,5,21,0.895368636,0.895368636,0.895368636,0
2047,coat_and_sheen,5,22,0.129547328,0.933210135,0,0
2047,coat_and_sheen,5,24,1,1,1,0
2047,coat_and_sheen,5,25,0.0399999991,0.0399999991,0.0399999991,0
2047,coat_and_sheen,6,14,0.18689321,0.18689321,0.18689321,0
2047,coat_and_sheen,6,19,0,0,0,0
2047,coat_and_sheen,6,20,0.0891867131,0.0891867131,0.0891867131,0
2047,coat_and_sheen,6,21,0.849177241,0.849177241,0.849177241,0
2047,coat_and_sheen,6,22,0.264723897,0.533831298,0,0
2047,coat_and_sheen,6,24,1,1,1,0
2047,coat_and_sheen,6,25,0.0399999991,0.0399999991,0.0399999991,0
2047,coat_and_sheen,7,14,0.232724026,0.232724026,0.232724026,0
2047,coat_and_sheen,7,19,0,0,0,0
2047,coat_and_sheen,7,20,0.0407918878,0.0407918878,0.0407918878,0
2047,coat_and_sheen,7,21,0.819618046,0.819618046,0.819618046,0
2047,coat_and_sheen,7,22,1.45699465,0.308702677,0,0
2047,coat_and_sheen,7,24,1,1,1,0
2047,coat_and_sheen,7,25,0.0399999991,0.0399999991,0.0399999991,0
2047,coated_metal_sheen,0,14,0.0406790562,0.0406790562,0.0406790562,0
2047,coated_metal_sheen,0,19,0,0,0,0
2047,coated_metal_sheen,0,20,0.918098032,0.918098032,0.918098032,0
2047,coated_metal_sheen,0,21,0.924045742,0.924045742,0.924045742,0
2047,coated_metal_sheen,0,22,0.0421196967,1.51778758,0,0
2047,coated_metal_sheen,0,24,1,1,1,0
2047,coated_metal_sheen,0,25,0.800000012,0.800000012,0.800000012,0
2047,coated_metal_sheen,1,14,0.0444498435,0.0444498435,0.0444498435,0
2047,coated_metal_sheen,1,19,0,0,0,0
2047,coated_metal_sheen,1,20,0.847460926,0.847460926,0.847460926,0
2047,coated_metal_sheen,1,21,0.876981974,0.876981974,0.876981974,0
2047,coated_metal_sheen,1,22,0.0521572605,0.933210135,0,0
2047,coated_metal_sheen,1,24,1,1,1,0
2047,coated_metal_sheen,1,25,0.800000012,0.800000012,0.800000012,0
2047,coated_metal_sheen,2,14,0.0404433236,0.0404433236,0.0404433236,0
2047,coated_metal_sheen,2,19,0,0,0,0
2047,coated_metal_sheen,2,20,0.806250036,0.806250036,0.806250036,0
2047,coated_metal_sheen,2,21,0.822674811,0.822674811,0.822674811,0
2047,coated_metal_sheen,2,22,0.0827342495,0.533831298,0,0
2047,coated_metal_sheen,2,24,1,1,1,0
2047,coated_metal_sheen,2,25,0.800000012,0.800000012,0.800000012,0
2047,coated_metal_sheen,3,14,0.0834580213,0.0834580213,0.0834580213,0
2047,coated_metal_sheen,3,19,0,0,0,0
2047,coated_metal_sheen,3,20,0.800002038,0.800002038,0.800002038,0
2047,coated_metal_sheen,3,21,0.798909009,0.798909009,0.798909009,0
2047,coated_metal_sheen,3,22,0.35544607,0.308702677,0,0
2047,coated_metal_sheen,3,24,1,1,1,0
2047,coated_metal_sheen,3,25,0.800000012,0.800000012,0.800000012,0
2047,coated_metal_sheen,4,14,0.0624746382,0.0624746382,0.0624746382,0
2047,coated_metal_sheen,4,19,0,0,0,0
2047,coated_metal_sheen,4,20,0.918098032,0.918098032,0.918098032,0
2047,coated_metal_sheen,4,21,0.917565465,0.917565465,0.917565465,0
2047,coated_metal_sheen,4,22,0.0912405252,1.51778758,0,0
2047,coated_metal_sheen,4,24,1,1,1,0
2047,coated_metal_sheen,4,25,0.800000012,0.800000012,0.800000012,0
2047,coated_metal_sheen,5,14,0.0773515031,0.0773515031,0.0773515031,0
2047,coated_metal_sheen,5,19,0,0,0,0
2047,coated_metal_sheen,5,20,0.847460926,0.847460926,0.847460926,0
2047,coated_metal_sheen,5,21,0.881643534,0.881643534,0.881643534,0
2047,coated_metal_sheen,5,22,0.129547328,0.933210135,0,0
2047,coated_metal_sheen,5,24,1,1,1,0
2047,coated_metal_sheen,5,25,0.800000012,0.800000012,0.800000012,0
2047,coated_metal_sheen,6,14,0.104106627,0.104106627,0.104106627,0
2047,coated_metal_sheen,6,19,0,0,0,0
2047,coated_metal_sheen,6,20,0.806250036,0.806250036,0.806250036,0
2047,coated_metal_sheen,6,21,0.822574556,0.822574556,0.822574556,0
2047,coated_metal_sheen,6,22,0.264723897,0.533831298,0,0
2047,coated_metal_sheen,6,24,1,1,1,0
2047,coated_metal_sheen,6,25,0.800000012,0.800000012,0.800000012,0
2047,coated_metal_sheen,7,14,0.338028282,0.338028282,0.338028282,0
2047,coated_metal_sheen,7,19,0,0,0,0
2047,coated_metal_sheen,7,20,0.800002038,0.800002038,0.800002038,0
2047,coated_metal_sheen,7,21,0.798666537,0.798666537,0.798666537,0
2047,coated_metal_sheen,7,22,1.45699465,0.308702677,0,0
2047,coated_metal_sheen,7,24,1,1,1,0
2047,coated_metal_sheen,7,25,0.800000012,0.800000012,0.800000012,0
2047,anisotropic,0,14,0.196104452,0.196104452,0.196104452,0
2047,anisotropic,0,19,0,0,0,0
2047,anisotropic,0,20,0.57159251,0.57159251,0.57159251,0
2047,anisotropic,0,21,0.753817201,0.753817201,0.753817201,0
2047,anisotropic,0,22,0.287743717,0.960733175,0,0
2047,anisotropic,0,24,1,1,1,0
2047,anisotropic,0,25,0.0399999991,0.0399999991,0.0399999991,0
2047,anisotropic,1,14,0.207702145,0.207702145,0.207702145,0
2047,anisotropic,1,19,0,0,0,0
2047,anisotropic,1,20,0.264190376,0.264190376,0.264190376,0
2047,anisotropic,1,21,0.774563789,0.774563789,0.774563789,0
2047,anisotropic,1,22,0.338298202,0.720831335,0,0
2047,anisotropic,1,24,1,1,1,0
2047,anisotropic,1,25,0.0399999991,0.0399999991,0.0399999991,0
2047,anisotropic,2,14,0.219795346,0.219795346,0.219795346,0
2047,anisotropic,2,19,0,0,0,0
2047,anisotropic,2,20,0.0891867131,0.0891867131,0.0891867131,0
2047,anisotropic,2,21,0.795006275,0.795006275,0.795006275,0
2047,anisotropic,2,22,0.461061448,0.483952552,0,0
2047,anisotropic,2,24,1,1,1,0
2047,anisotropic,2,25,0.0399999991,0.0399999991,0.0399999991,0
2047,anisotropic,3,14,0.228989884,0.228989884,0.228989884,0
2047,anisotropic,3,19,0,0,0,0
2047,anisotropic,3,20,0.0407918878,0.0407918878,0.0407918878,0
2047,anisotropic,3,21,0.803888619,0.803888619,0.803888619,0
2047,anisotropic,3,22,0.95356524,0.303830892,0,0
2047,anisotropic,3,24,1,1,1,0
2047,anisotropic,3,25,0.0399999991,0.0399999991,0.0399999991,0
2047,anisotropic,4,14,0.186972335,0.186972335,0.186972335,0
2047,anisotropic,4,19,0,0,0,0
2047,anisotropic,4,20,0.57159251,0.57159251,0.57159251,0
2047,anisotropic,4,21,0.914411426,0.914411426,0.914411426,0
2047,anisotropic,4,22,0.0120182121,2.09327936,0,0
2047,anisotropic,4,24,1,1,1,0
2047,anisotropic,4,25,0.0399999991,0.0399999991,0.0399999991,0
2047,anisotropic,5,14,0.199524537,0.199524537,0.199524537,0
2047,anisotropic,5,19,0,0,0,0
2047,anisotropic,5,20,0.264190376,0.264190376,0.264190376,0
2047,anisotropic,5,21,0.865514874,0.865514874,0.865514874,0
2047,anisotropic,5,22,0.0181876365,1.04394507,0,0
2047,anisotropic,5,24,1,1,1,0
2047,anisotropic,5,25,0.0399999991,0.0399999991,0.0399999991,0
2047,anisotropic,6,14,0.212693423,0.212693423,0.212693423,0
2047,anisotropic,6,19,0,0,0,0
2047,anisotropic,6,20,0.0891867131,0.0891867131,0.0891867131,0
2047,anisotropic,6,21,0.820502996,0.820502996,0.820502996,0
2047,anisotropic,6,22,0.0464895181,0.546877265,0,0
2047,anisotropic,6,24,1,1,1,0
2047,anisotropic,6,25,0.0399999991,0.0399999991,0.0399999991,0
2047,anisotropic,7,14,0.234355137,0.234355137,0.234355137,0
2047,anisotropic,7,19,0,0,0,0
2047,anisotropic,7,20,0.0407918878,0.0407918878,0.0407918878,0
2047,anisotropic,7,21,0.804382026,0.804382026,0.804382026,0
2047,anisotropic,7,22,1.41165626,0.307403356,0,0
2047,anisotropic,7,24,1,1,1,0
2047,anisotropic,7,25,0.0399999991,0.0399999991,0.0399999991,0
2047,anisotropic_quarter_turn,0,14,0.185997888,0.185997888,0.185997888,0
2047,anisotropic_quarter_turn,0,19,0,0,0,0
2047,anisotropic_quarter_turn,0,20,0.57159251,0.57159251,0.57159251,0
2047,anisotropic_quarter_turn,0,21,0.914462328,0.914462328,0.914462328,0
2047,anisotropic_quarter_turn,0,22,0.00361657375,2.10355139,0,0
2047,anisotropic_quarter_turn,0,24,1,1,1,0
2047,anisotropic_quarter_turn,0,25,0.0399999991,0.0399999991,0.0399999991,0
2047,anisotropic_quarter_turn,1,14,0.198841229,0.198841229,0.198841229,0
2047,anisotropic_quarter_turn,1,19,0,0,0,0
2047,anisotropic_quarter_turn,1,20,0.264190376,0.264190376,0.264190376,0
2047,anisotropic_quarter_turn,1,21,0.865619898,0.865619898,0.865619898,0
2047,anisotropic_quarter_turn,1,22,0.00455907499,1.05033982,0,0
2047,anisotropic_quarter_turn,1,24,1,1,1,0
2047,anisotropic_quarter_turn,1,25,0.0399999991,0.0399999991,0.0399999991,0
2047,anisotropic_quarter_turn,2,14,0.211826324,0.211826324,0.211826324,0
2047,anisotropic_quarter_turn,2,19,0,0,0,0
2047,anisotropic_quarter_turn,2,20,0.0891867131,0.0891867131,0.0891867131,0
2047,anisotropic_quarter_turn,2,21,0.820510745,0.820510745,0.820510745,0
2047,anisotropic_quarter_turn,2,22,0.00759936683,0.550388038,0,0
2047,anisotropic_quarter_turn,2,24,1,1,1,0
2047,anisotropic_quarter_turn,2,25,0.0399999991,0.0399999991,0.0399999991,0
2047,anisotropic_quarter_turn,3,14,0.219045281,0.219045281,0.219045281,0
2047,anisotropic_quarter_turn,3,19,0,0,0,0
2047,anisotropic_quarter_turn,3,20,0.0407918878,0.0407918878,0.0407918878,0
2047,anisotropic_quarter_turn,3,21,0.804382861,0.804382861,0.804382861,0
2047,anisotropic_quarter_turn,3,22,0.0439887904,0.309400231,0,0
2047,anisotropic_quarter_turn,3,24,1,1,1,0
2047,anisotropic_quarter_turn,3,25,0.0399999991,0.0399999991,0.0399999991,0
2047,anisotropic_quarter_turn,4,14,0.190536186,0.190536186,0.190536186,0
2047,anisotropic_quarter_turn,4,19,0,0,0,0
2047,anisotropic_quarter_turn,4,20,0.57159251,0.57159251,0.57159251,0
2047,anisotropic_quarter_turn,4,21,0.753817201,0.753817201,0.753817201,0
2047,anisotropic_quarter_turn,4,22,0.10000059,0.962891161,0,0
2047,anisotropic_quarter_turn,4,24,1,1,1,0
2047,anisotropic_quarter_turn,4,25,0.0399999991,0.0399999991,0.0399999991,0
2047,anisotropic_quarter_turn,5,14,0.202992544,0.202992544,0.202992544,0
2047,anisotropic_quarter_turn,5,19,0,0,0,0
2047,anisotropic_quarter_turn,5,20,0.264190376,0.264190376,0.264190376,0
2047,anisotropic_quarter_turn,5,21,0.774563789,0.774563789,0.774563789,0
2047,anisotropic_quarter_turn,5,22,0.131903455,0.72387439,0,0
2047,anisotropic_quarter_turn,5,24,1,1,1,0
2047,anisotropic_quarter_turn,5,25,0.0399999991,0.0399999991,0.0399999991,0
2047,anisotropic_quarter_turn,6,14,0.215660438,0.215660438,0.215660438,0
2047,anisotropic_quarter_turn,6,19,0,0,0,0
2047,anisotropic_quarter_turn,6,20,0.0891867131,0.0891867131,0.0891867131,0
2047,anisotropic_quarter_turn,6,21,0.795006275,0.795006275,0.795006275,0
2047,anisotropic_quarter_turn,6,22,0.204288453,0.486699909,0,0
2047,anisotropic_quarter_turn,6,24,1,1,1,0
2047,anisotropic_quarter_turn,6,25,0.0399999991,0.0399999991,0.0399999991,0
2047,anisotropic_quarter_turn,7,14,0.223036095,0.223036095,0.223036095,0
2047,anisotropic_quarter_turn,7,19,0,0,0,0
2047,anisotropic_quarter_turn,7,20,0.0407918878,0.0407918878,0.0407918878,0
2047,anisotropic_quarter_turn,7,21,0.803888619,0.803888619,0.803888619,0
2047,anisotropic_quarter_turn,7,22,0.402478576,0.305781484,0,0
2047,anisotropic_quarter_turn,7,24,1,1,1,0
2047,anisotropic_quarter_turn,7,25,0.0399999991,0.0399999991,0.0399999991,0
2047,anisotropic_whole_turn,0,14,0.196104452,0.196104452,0.196104452,0
2047,anisotropic_whole_turn,0,19,0,0,0,0
2047,anisotropic_whole_turn,0,20,0.57159251,0.57159251,0.57159251,0
2047,anisotropic_whole_turn,0,21,0.753817201,0.753817201,0.753817201,0
2047,anisotropic_whole_turn,0,22,0.287743717,0.960733175,0,0
2047,anisotropic_whole_turn,0,24,1,1,1,0
2047,anisotropic_whole_turn,0,25,0.0399999991,0.0399999991,0.0399999991,0
2047,anisotropic_whole_turn,1,14,0.207702145,0.207702145,0.207702145,0
2047,anisotropic_whole_turn,1,19,0,0,0,0
2047,anisotropic_whole_turn,1,20,0.264190376,0.264190376,0.264190376,0
2047,anisotropic_whole_turn,1,21,0.774563789,0.774563789,0.774563789,0
2047,anisotropic_whole_turn,1,22,0.338298202,0.720831335,0,0
2047,anisotropic_whole_turn,1,24,1,1,1,0
2047,anisotropic_whole_turn,1,25,0.0399999991,0.0399999991,0.0399999991,0
2047,anisotropic_whole_turn,2,14,0.219795346,0.219795346,0.219795346,0
2047,anisotropic_whole_turn,2,19,0,0,0,0
2047,anisotropic_whole_turn,2,20,0.0891867131,0.0891867131,0.0891867131,0
2047,anisotropic_whole_turn,2,21,0.795006275,0.795006275,0.795006275,0
2047,anisotropic_whole_turn,2,22,0.461061448,0.483952552,0,0
2047,anisotropic_whole_turn,2,24,1,1,1,0
2047,anisotropic_whole_turn,2,25,0.0399999991,0.0399999991,0.0399999991,0
2047,anisotropic_whole_turn,3,14,0.228989884,0.228989884,0.228989884,0
2047,anisotropic_whole_turn,3,19,0,0,0,0
2047,anisotropic_whole_turn,3,20,0.0407918878,0.0407918878,0.0407918878,0
2047,anisotropic_whole_turn,3,21,0.803888619,0.803888619,0.803888619,0
2047,anisotropic_whole_turn,3,22,0.95356524,0.303830892,0,0
2047,anisotropic_whole_turn,3,24,1,1,1,0
2047,anisotropic_whole_turn,3,25,0.0399999991,0.0399999991,0.0399999991,0
2047,anisotropic_whole_turn,4,14,0.186972335,0.186972335,0.186972335,0
2047,anisotropic_whole_turn,4,19,0,0,0,0
2047,anisotropic_whole_turn,4,20,0.57159251,0.57159251,0.57159251,0
2047,anisotropic_whole_turn,4,21,0.914411426,0.914411426,0.914411426,0
2047,anisotropic_whole_turn,4,22,0.0120182121,2.09327936,0,0
2047,anisotropic_whole_turn,4,24,1,1,1,0
2047,anisotropic_whole_turn,4,25,0.0399999991,0.0399999991,0.0399999991,0
2047,anisotropic_whole_turn,5,14,0.199524537,0.199524537,0.199524537,0
2047,anisotropic_whole_turn,5,19,0,0,0,0
2047,anisotropic_whole_turn,5,20,0.264190376,0.264190376,0.264190376,0
2047,anisotropic_whole_turn,5,21,0.865514874,0.865514874,0.865514874,0
2047,anisotropic_whole_turn,5,22,0.0181876365,1.04394507,0,0
2047,anisotropic_whole_turn,5,24,1,1,1,0
2047,anisotropic_whole_turn,5,25,0.0399999991,0.0399999991,0.0399999991,0
2047,anisotropic_whole_turn,6,14,0.212693423,0.212693423,0.212693423,0
2047,anisotropic_whole_turn,6,19,0,0,0,0
2047,anisotropic_whole_turn,6,20,0.0891867131,0.0891867131,0.0891867131,0
2047,anisotropic_whole_turn,6,21,0.820502996,0.820502996,0.820502996,0
2047,anisotropic_whole_turn,6,22,0.0464895181,0.546877265,0,0
2047,anisotropic_whole_turn,6,24,1,1,1,0
2047,anisotropic_whole_turn,6,25,0.0399999991,0.0399999991,0.0399999991,0
2047,anisotropic_whole_turn,7,14,0.234355137,0.234355137,0.234355137,0
2047,anisotropic_whole_turn,7,19,0,0,0,0
2047,anisotropic_whole_turn,7,20,0.0407918878,0.0407918878,0.0407918878,0
2047,anisotropic_whole_turn,7,21,0.804382026,0.804382026,0.804382026,0
2047,anisotropic_whole_turn,7,22,1.41165626,0.307403356,0,0
2047,anisotropic_whole_turn,7,24,1,1,1,0
2047,anisotropic_whole_turn,7,25,0.0399999991,0.0399999991,0.0399999991,0
2047,zero_tangent_fallback,0,14,0.196104452,0.196104452,0.196104452,0
2047,zero_tangent_fallback,0,19,0,0,0,0
2047,zero_tangent_fallback,0,20,0.57159251,0.57159251,0.57159251,0
2047,zero_tangent_fallback,0,21,0.753817201,0.753817201,0.753817201,0
2047,zero_tangent_fallback,0,22,0.287743717,0.960733175,0,0
2047,zero_tangent_fallback,0,24,1,1,1,0
2047,zero_tangent_fallback,0,25,0.0399999991,0.0399999991,0.0399999991,0
2047,zero_tangent_fallback,1,14,0.207702145,0.207702145,0.207702145,0
2047,zero_tangent_fallback,1,19,0,0,0,0
2047,zero_tangent_fallback,1,20,0.264190376,0.264190376,0.264190376,0
2047,zero_tangent_fallback,1,21,0.774563789,0.774563789,0.774563789,0
2047,zero_tangent_fallback,1,22,0.338298202,0.720831335,0,0
2047,zero_tangent_fallback,1,24,1,1,1,0
2047,zero_tangent_fallback,1,25,0.0399999991,0.0399999991,0.0399999991,0
2047,zero_tangent_fallback,2,14,0.219795346,0.219795346,0.219795346,0
2047,zero_tangent_fallback,2,19,0,0,0,0
2047,zero_tangent_fallback,2,20,0.0891867131,0.0891867131,0.0891867131,0
2047,zero_tangent_fallback,2,21,0.795006275,0.795006275,0.795006275,0
2047,zero_tangent_fallback,2,22,0.461061448,0.483952552,0,0
2047,zero_tangent_fallback,2,24,1,1,1,0
2047,zero_tangent_fallback,2,25,0.0399999991,0.0399999991,0.0399999991,0
2047,zero_tangent_fallback,3,14,0.228989884,0.228989884,0.228989884,0
2047,zero_tangent_fallback,3,19,0,0,0,0
2047,zero_tangent_fallback,3,20,0.0407918878,0.0407918878,0.0407918878,0
2047,zero_tangent_fallback,3,21,0.803888619,0.803888619,0.803888619,0
2047,zero_tangent_fallback,3,22,0.95356524,0.303830892,0,0
2047,zero_tangent_fallback,3,24,1,1,1,0
2047,zero_tangent_fallback,3,25,0.0399999991,0.0399999991,0.0399999991,0
2047,zero_tangent_fallback,4,14,0.186972335,0.186972335,0.186972335,0
2047,zero_tangent_fallback,4,19,0,0,0,0
2047,zero_tangent_fallback,4,20,0.57159251,0.57159251,0.57159251,0
2047,zero_tangent_fallback,4,21,0.914411426,0.914411426,0.914411426,0
2047,zero_tangent_fallback,4,22,0.0120182121,2.09327936,0,0
2047,zero_tangent_fallback,4,24,1,1,1,0
2047,zero_tangent_fallback,4,25,0.0399999991,0.0399999991,0.0399999991,0
2047,zero_tangent_fallback,5,14,0.199524537,0.199524537,0.199524537,0
2047,zero_tangent_fallback,5,19,0,0,0,0
2047,zero_tangent_fallback,5,20,0.264190376,0.264190376,0.264190376,0
2047,zero_tangent_fallback,5,21,0.865514874,0.865514874,0.865514874,0
2047,zero_tangent_fallback,5,22,0.0181876365,1.04394507,0,0
2047,zero_tangent_fallback,5,24,1,1,1,0
2047,zero_tangent_fallback,5,25,0.0399999991,0.0399999991,0.0399999991,0
2047,zero_tangent_fallback,6,14,0.212693423,0.212693423,0.212693423,0
2047,zero_tangent_fallback,6,19,0,0,0,0
2047,zero_tangent_fallback,6,20,0.0891867131,0.0891867131,0.0891867131,0
2047,zero_tangent_fallback,6,21,0.820502996,0.820502996,0.820502996,0
2047,zero_tangent_fallback,6,22,0.0464895181,0.546877265,0,0
2047,zero_tangent_fallback,6,24,1,1,1,0
2047,zero_tangent_fallback,6,25,0.0399999991,0.0399999991,0.0399999991,0
2047,zero_tangent_fallback,7,14,0.234355137,0.234355137,0.234355137,0
2047,zero_tangent_fallback,7,19,0,0,0,0
2047,zero_tangent_fallback,7,20,0.0407918878,0.0407918878,0.0407918878,0
2047,zero_tangent_fallback,7,21,0.804382026,0.804382026,0.804382026,0
2047,zero_tangent_fallback,7,22,1.41165626,0.307403356,0,0
2047,zero_tangent_fallback,7,24,1,1,1,0
2047,zero_tangent_fallback,7,25,0.0399999991,0.0399999991,0.0399999991,0
2047,parallel_tangent_fallback,0,14,0.196104452,0.196104452,0.196104452,0
2047,parallel_tangent_fallback,0,19,0,0,0,0
2047,parallel_tangent_fallback,0,20,0.57159251,0.57159251,0.57159251,0
2047,parallel_tangent_fallback,0,21,0.753817201,0.753817201,0.753817201,0
2047,parallel_tangent_fallback,0,22,0.287743717,0.960733175,0,0
2047,parallel_tangent_fallback,0,24,1,1,1,0
2047,parallel_tangent_fallback,0,25,0.0399999991,0.0399999991,0.0399999991,0
2047,parallel_tangent_fallback,1,14,0.207702145,0.207702145,0.207702145,0
2047,parallel_tangent_fallback,1,19,0,0,0,0
2047,parallel_tangent_fallback,1,20,0.264190376,0.264190376,0.264190376,0
2047,parallel_tangent_fallback,1,21,0.774563789,0.774563789,0.774563789,0
2047,parallel_tangent_fallback,1,22,0.338298202,0.720831335,0,0
2047,parallel_tangent_fallback,1,24,1,1,1,0
2047,parallel_tangent_fallback,1,25,0.0399999991,0.0399999991,0.0399999991,0
2047,parallel_tangent_fallback,2,14,0.219795346,0.219795346,0.219795346,0
2047,parallel_tangent_fallback,2,19,0,0,0,0
2047,parallel_tangent_fallback,2,20,0.0891867131,0.0891867131,0.0891867131,0
2047,parallel_tangent_fallback,2,21,0.795006275,0.795006275,0.795006275,0
2047,parallel_tangent_fallback,2,22,0.461061448,0.483952552,0,0
2047,parallel_tangent_fallback,2,24,1,1,1,0
2047,parallel_tangent_fallback,2,25,0.0399999991,0.0399999991,0.0399999991,0
2047,parallel_tangent_fallback,3,14,0.228989884,0.228989884,0.228989884,0
2047,parallel_tangent_fallback,3,19,0,0,0,0
2047,parallel_tangent_fallback,3,20,0.0407918878,0.0407918878,0.0407918878,0
2047,parallel_tangent_fallback,3,21,0.803888619,0.803888619,0.803888619,0
2047,parallel_tangent_fallback,3,22,0.95356524,0.303830892,0,0
2047,parallel_tangent_fallback,3,24,1,1,1,0
2047,parallel_tangent_fallback,3,25,0.0399999991,0.0399999991,0.0399999991,0
2047,parallel_tangent_fallback,4,14,0.186972335,0.186972335,0.186972335,0
2047,parallel_tangent_fallback,4,19,0,0,0,0
2047,parallel_tangent_fallback,4,20,0.57159251,0.57159251,0.57159251,0
2047,parallel_tangent_fallback,4,21,0.914411426,0.914411426,0.914411426,0
2047,parallel_tangent_fallback,4,22,0.0120182121,2.09327936,0,0
2047,parallel_tangent_fallback,4,24,1,1,1,0
2047,parallel_tangent_fallback,4,25,0.0399999991,0.0399999991,0.0399999991,0
2047,parallel_tangent_fallback,5,14,0.199524537,0.199524537,0.199524537,0
2047,parallel_tangent_fallback,5,19,0,0,0,0
2047,parallel_tangent_fallback,5,20,0.264190376,0.264190376,0.264190376,0
2047,parallel_tangent_fallback,5,21,0.865514874,0.865514874,0.865514874,0
2047,parallel_tangent_fallback,5,22,0.0181876365,1.04394507,0,0
2047,parallel_tangent_fallback,5,24,1,1,1,0
2047,parallel_tangent_fallback,5,25,0.0399999991,0.0399999991,0.0399999991,0
2047,parallel_tangent_fallback,6,14,0.212693423,0.212693423,0.212693423,0
2047,parallel_tangent_fallback,6,19,0,0,0,0
2047,parallel_tangent_fallback,6,20,0.0891867131,0.0891867131,0.0891867131,0
2047,parallel_tangent_fallback,6,21,0.820502996,0.820502996,0.820502996,0
2047,parallel_tangent_fallback,6,22,0.0464895181,0.546877265,0,0
2047,parallel_tangent_fallback,6,24,1,1,1,0
2047,parallel_tangent_fallback,6,25,0.0399999991,0.0399999991,0.0399999991,0
2047,parallel_tangent_fallback,7,14,0.234355137,0.234355137,0.234355137,0
2047,parallel_tangent_fallback,7,19,0,0,0,0
2047,parallel_tangent_fallback,7,20,0.0407918878,0.0407918878,0.0407918878,0
2047,parallel_tangent_fallback,7,21,0.804382026,0.804382026,0.804382026,0
2047,parallel_tangent_fallback,7,22,1.41165626,0.307403356,0,0
2047,parallel_tangent_fallback,7,24,1,1,1,0
2047,parallel_tangent_fallback,7,25,0.0399999991,0.0399999991,0.0399999991,0
2047,nan_tangent_fallback,0,14,0.196104452,0.196104452,0.196104452,0
2047,nan_tangent_fallback,0,19,0,0,0,0
2047,nan_tangent_fallback,0,20,0.57159251,0.57159251,0.57159251,0
2047,nan_tangent_fallback,0,21,0.753817201,0.753817201,0.753817201,0
2047,nan_tangent_fallback,0,22,0.287743717,0.960733175,0,0
2047,nan_tangent_fallback,0,24,1,1,1,0
2047,nan_tangent_fallback,0,25,0.0399999991,0.0399999991,0.0399999991,0
2047,nan_tangent_fallback,1,14,0.207702145,0.207702145,0.207702145,0
2047,nan_tangent_fallback,1,19,0,0,0,0
2047,nan_tangent_fallback,1,20,0.264190376,0.264190376,0.264190376,0
2047,nan_tangent_fallback,1,21,0.774563789,0.774563789,0.774563789,0
2047,nan_tangent_fallback,1,22,0.338298202,0.720831335,0,0
2047,nan_tangent_fallback,1,24,1,1,1,0
2047,nan_tangent_fallback,1,25,0.0399999991,0.0399999991,0.0399999991,0
2047,nan_tangent_fallback,2,14,0.219795346,0.219795346,0.219795346,0
2047,nan_tangent_fallback,2,19,0,0,0,0
2047,nan_tangent_fallback,2,20,0.0891867131,0.0891867131,0.0891867131,0
2047,nan_tangent_fallback,2,21,0.795006275,0.795006275,0.795006275,0
2047,nan_tangent_fallback,2,22,0.461061448,0.483952552,0,0
2047,nan_tangent_fallback,2,24,1,1,1,0
2047,nan_tangent_fallback,2,25,0.0399999991,0.0399999991,0.0399999991,0
2047,nan_tangent_fallback,3,14,0.228989884,0.228989884,0.228989884,0
2047,nan_tangent_fallback,3,19,0,0,0,0
2047,nan_tangent_fallback,3,20,0.0407918878,0.0407918878,0.0407918878,0
2047,nan_tangent_fallback,3,21,0.803888619,0.803888619,0.803888619,0
2047,nan_tangent_fallback,3,22,0.95356524,0.303830892,0,0
2047,nan_tangent_fallback,3,24,1,1,1,0
2047,nan_tangent_fallback,3,25,0.0399999991,0.0399999991,0.0399999991,0
2047,nan_tangent_fallback,4,14,0.186972335,0.186972335,0.186972335,0
2047,nan_tangent_fallback,4,19,0,0,0,0
2047,nan_tangent_fallback,4,20,0.57159251,0.57159251,0.57159251,0
2047,nan_tangent_fallback,4,21,0.914411426,0.914411426,0.914411426,0
2047,nan_tangent_fallback,4,22,0.0120182121,2.09327936,0,0
2047,nan_tangent_fallback,4,24,1,1,1,0
2047,nan_tangent_fallback,4,25,0.0399999991,0.0399999991,0.0399999991,0
2047,nan_tangent_fallback,5,14,0.199524537,0.199524537,0.199524537,0
2047,nan_tangent_fallback,5,19,0,0,0,0
2047,nan_tangent_fallback,5,20,0.264190376,0.264190376,0.264190376,0
2047,nan_tangent_fallback,5,21,0.865514874,0.865514874,0.865514874,0
2047,nan_tangent_fallback,5,22,0.0181876365,1.04394507,0,0
2047,nan_tangent_fallback,5,24,1,1,1,0
2047,nan_tangent_fallback,5,25,0.0399999991,0.0399999991,0.0399999991,0
2047,nan_tangent_fallback,6,14,0.212693423,0.212693423,0.212693423,0
2047,nan_tangent_fallback,6,19,0,0,0,0
2047,nan_tangent_fallback,6,20,0.0891867131,0.0891867131,0.0891867131,0
2047,nan_tangent_fallback,6,21,0.820502996,0.820502996,0.820502996,0
2047,nan_tangent_fallback,6,22,0.0464895181,0.546877265,0,0
2047,nan_tangent_fallback,6,24,1,1,1,0
2047,nan_tangent_fallback,6,25,0.0399999991,0.0399999991,0.0399999991,0
2047,nan_tangent_fallback,7,14,0.234355137,0.234355137,0.234355137,0
2047,nan_tangent_fallback,7,19,0,0,0,0
2047,nan_tangent_fallback,7,20,0.0407918878,0.0407918878,0.0407918878,0
2047,nan_tangent_fallback,7,21,0.804382026,0.804382026,0.804382026,0
2047,nan_tangent_fallback,7,22,1.41165626,0.307403356,0,0
2047,nan_tangent_fallback,7,24,1,1,1,0
2047,nan_tangent_fallback,7,25,0.0399999991,0.0399999991,0.0399999991,0
2047,film_200nm,0,14,0.115631483,0.116319969,0.116281725,0
2047,film_200nm,0,19,0,0,0,0
2047,film_200nm,0,20,0.503222823,0.520564198,0.553628027,0
2047,film_200nm,0,21,0.525333822,0.54224807,0.566251338,0
2047,film_200nm,0,22,0.0421196967,1.51778758,0,0
2047,film_200nm,0,24,1,1,1,0
2047,film_200nm,0,25,0.0327730775,0.0404403768,0.029170895,0
2047,film_200nm,1,14,0.180829421,0.181318745,0.181173712,0
2047,film_200nm,1,19,0,0,0,0
2047,film_200nm,1,20,0.185006008,0.207158282,0.246568576,0
2047,film_200nm,1,21,0.708009839,0.723976016,0.745872736,0
2047,film_200nm,1,22,0.0521572605,0.933210135,0,0
2047,film_200nm,1,24,1,1,1,0
2047,film_200nm,1,25,0.0327730775,0.0404403768,0.029170895,0
2047,film_200nm,2,14,0.21153228,0.211916506,0.211634189,0
2047,film_200nm,2,19,0,0,0,0
2047,film_200nm,2,20,0.0444606654,0.0628466159,0.0865155905,0
2047,film_200nm,2,21,0.776047945,0.790487647,0.805389106,0
2047,film_200nm,2,22,0.0827342495,0.533831298,0,0
2047,film_200nm,2,24,1,1,1,0
2047,film_200nm,2,25,0.0327730775,0.0404403768,0.029170895,0
2047,film_200nm,3,14,0.222382918,0.223165601,0.22210075,0
2047,film_200nm,3,19,0,0,0,0
2047,film_200nm,3,20,0.0286335815,0.0396031141,0.0359326191,0
2047,film_200nm,3,21,0.797221899,0.807544529,0.805620015,0
2047,film_200nm,3,22,0.35544607,0.308702677,0,0
2047,film_200nm,3,24,1,1,1,0
2047,film_200nm,3,25,0.0327730775,0.0404403768,0.029170895,0
2047,film_200nm,4,14,0.11749696,0.119444028,0.121081397,0
2047,film_200nm,4,19,0,0,0,0
2047,film_200nm,4,20,0.503222823,0.520564198,0.553628027,0
2047,film_200nm,4,21,0.524742782,0.541512847,0.565683126,0
2047,film_200nm,4,22,0.0912405252,1.51778758,0,0
2047,film_200nm,4,24,1,1,1,0
2047,film_200nm,4,25,0.0327730775,0.0404403768,0.029170895,0
2047,film_200nm,5,14,0.182429299,0.184051603,0.185127899,0
2047,film_200nm,5,19,0,0,0,0
2047,film_200nm,5,20,0.185006008,0.207158282,0.246568576,0
2047,film_200nm,5,21,0.70828712,0.724317372,0.746080518,0
2047,film_200nm,5,22,0.129547328,0.933210135,0,0
2047,film_200nm,5,24,1,1,1,0
2047,film_200nm,5,25,0.0327730775,0.0404403768,0.029170895,0
2047,film_200nm,6,14,0.213636577,0.215344831,0.215884283,0
2047,film_200nm,6,19,0,0,0,0
2047,film_200nm,6,20,0.0444606654,0.0628466159,0.0865155905,0
2047,film_200nm,6,21,0.776035666,0.790471256,0.805370986,0
2047,film_200nm,6,22,0.264723897,0.533831298,0,0
2047,film_200nm,6,24,1,1,1,0
2047,film_200nm,6,25,0.0327730775,0.0404403768,0.029170895,0
2047,film_200nm,7,14,0.231122434,0.235282347,0.233071402,0
2047,film_200nm,7,19,0,0,0,0
2047,film_200nm,7,20,0.0286335815,0.0396031141,0.0359326191,0
2047,film_200nm,7,21,0.797216594,0.807536006,0.80561018,0
2047,film_200nm,7,22,1.45699465,0.308702677,0,0
2047,film_200nm,7,24,1,1,1,0
2047,film_200nm,7,25,0.0327730775,0.0404403768,0.029170895,0
2047,film_400nm,0,14,0.110659227,0.112274155,0.112217061,0
2047,film_400nm,0,19,0,0,0,0
2047,film_400nm,0,20,0.57150048,0.529719293,0.506181836,0
2047,film_400nm,0,21,0.543926537,0.517619967,0.526262879,0
2047,film_400nm,0,22,0.0421196967,1.51778758,0,0
2047,film_400nm,0,24,1,1,1,0
2047,film_400nm,0,25,0.0177989956,0.040089082,0.0129238609,0
2047,film_400nm,1,14,0.177978784,0.179241106,0.178856179,0
2047,film_400nm,1,19,0,0,0,0
2047,film_400nm,1,20,0.256290674,0.200559035,0.195625976,0
2047,film_400nm,1,21,0.725263774,0.702026427,0.717720807,0
2047,film_400nm,1,22,0.0521572605,0.933210135,0,0
2047,film_400nm,1,24,1,1,1,0
2047,film_400nm,1,25,0.0177989956,0.040089082,0.0129238609,0
2047,film_400nm,2,14,0.213411152,0.214498192,0.21374926,0
2047,film_400nm,2,19,0,0,0,0
2047,film_400nm,2,20,0.057628084,0.0340990722,0.0730968118,0
2047,film_400nm,2,21,0.78749764,0.780548275,0.805525362,0
2047,film_400nm,2,22,0.0827342495,0.533831298,0,0
2047,film_400nm,2,24,1,1,1,0
2047,film_400nm,2,25,0.0177989956,0.040089082,0.0129238609,0
2047,film_400nm,3,14,0.221685946,0.223955914,0.221359566,0
2047,film_400nm,3,19,0,0,0,0
2047,film_400nm,3,20,0.00694742473,0.0355751067,0.0257337559,0
2047,film_400nm,3,21,0.781539559,0.804738522,0.800397694,0
2047,film_400nm,3,22,0.35544607,0.308702677,0,0
2047,film_400nm,3,24,1,1,1,0
2047,film_400nm,3,25,0.0177989956,0.040089082,0.0129238609,0
2047,film_400nm,4,14,0.112206578,0.112928696,0.117367208,0
2047,film_400nm,4,19,0,0,0,0
2047,film_400nm,4,20,0.57150048,0.529719293,0.506181836,0
2047,film_400nm,4,21,0.543583512,0.516922176,0.525965869,0
2047,film_400nm,4,22,0.0912405252,1.51778758,0,0
2047,film_400nm,4,24,1,1,1,0
2047,film_400nm,4,25,0.0177989956,0.040089082,0.0129238609,0
2047,film_400nm,5,14,0.178576574,0.18008332,0.183239311,0
2047,film_400nm,5,19,0,0,0,0
2047,film_400nm,5,20,0.256290674,0.200559035,0.195625976,0
2047,film_400nm,5,21,0.725376248,0.702377796,0.717776418,0
2047,film_400nm,5,22,0.129547328,0.933210135,0,0
2047,film_400nm,5,24,1,1,1,0
2047,film_400nm,5,25,0.0177989956,0.040089082,0.0129238609,0
2047,film_400nm,6,14,0.21342729,0.216444418,0.218215168,0
2047,film_400nm,6,19,0,0,0,0
2047,film_400nm,6,20,0.057628084,0.0340990722,0.0730968118,0
2047,film_400nm,6,21,0.787487507,0.780535519,0.805510879,0
2047,film_400nm,6,22,0.264723897,0.533831298,0,0
2047,film_400nm,6,24,1,1,1,0
2047,film_400nm,6,25,0.0177989956,0.040089082,0.0129238609,0
2047,film_400nm,7,14,0.223645329,0.235020012,0.229070365,0
2047,film_400nm,7,19,0,0,0,0
2047,film_400nm,7,20,0.00694742473,0.0355751067,0.0257337559,0
2047,film_400nm,7,21,0.7815395,0.804733157,0.800388038,0
2047,film_400nm,7,22,1.45699465,0.308702677,0,0
2047,film_400nm,7,24,1,1,1,0
2047,film_400nm,7,25,0.0177989956,0.040089082,0.0129238609,0
2047,film_800nm,0,14,0.114060208,0.113737203,0.113875866,0
2047,film_800nm,0,19,0,0,0,0
2047,film_800nm,0,20,0.524795294,0.518148065,0.560400188,0
2047,film_800nm,0,21,0.521578431,0.543499947,0.542994559,0
2047,film_800nm,0,22,0.0421196967,1.51778758,0,0
2047,film_800nm,0,24,1,1,1,0
2047,film_800nm,0,25,0.00776119484,0.0305427685,0.0218578894,0
2047,film_800nm,1,14,0.183160499,0.183407709,0.18323645,0
2047,film_800nm,1,19,0,0,0,0
2047,film_800nm,1,20,0.18168138,0.217524707,0.231772393,0
2047,film_800nm,1,21,0.716824174,0.742633522,0.733270943,0
2047,film_800nm,1,22,0.0521572605,0.933210135,0,0
2047,film_800nm,1,24,1,1,1,0
2047,film_800nm,1,25,0.00776119484,0.0305427685,0.0218578894,0
2047,film_800nm,2,14,0.211227894,0.211949065,0.211583361,0
2047,film_800nm,2,19,0,0,0,0
2047,film_800nm,2,20,0.0431443602,0.083693184,0.0465325601,0
2047,film_800nm,2,21,0.783648491,0.796299636,0.78426528,0
2047,film_800nm,2,22,0.0827342495,0.533831298,0,0
2047,film_800nm,2,24,1,1,1,0
2047,film_800nm,2,25,0.00776119484,0.0305427685,0.0218578894,0
2047,film_800nm,3,14,0.223500833,0.225749269,0.224857375,0
2047,film_800nm,3,19,0,0,0,0
2047,film_800nm,3,20,0.0152269695,0.022356689,0.0177084077,0
2047,film_800nm,3,21,0.803584099,0.80475086,0.804361761,0
2047,film_800nm,3,22,0.35544607,0.308702677,0,0
2047,film_800nm,3,24,1,1,1,0
2047,film_800nm,3,25,0.00776119484,0.0305427685,0.0218578894,0
2047,film_800nm,4,14,0.119618319,0.116995893,0.118063405,0
2047,film_800nm,4,19,0,0,0,0
2047,film_800nm,4,20,0.524795294,0.518148065,0.560400188,0
2047,film_800nm,4,21,0.521352887,0.542934299,0.542552412,0
2047,film_800nm,4,22,0.0912405252,1.51778758,0,0
2047,film_800nm,4,24,1,1,1,0
2047,film_800nm,4,25,0.00776119484,0.0305427685,0.0218578894,0
2047,film_800nm,5,14,0.188378006,0.185038701,0.186957121,0
2047,film_800nm,5,19,0,0,0,0
2047,film_800nm,5,20,0.18168138,0.217524707,0.231772393,0
2047,film_800nm,5,21,0.716842234,0.742871046,0.733425319,0
2047,film_800nm,5,22,0.129547328,0.933210135,0,0
2047,film_800nm,5,24,1,1,1,0
2047,film_800nm,5,25,0.00776119484,0.0305427685,0.0218578894,0
2047,film_800nm,6,14,0.216111168,0.212913468,0.21482949,0
2047,film_800nm,6,19,0,0,0,0
2047,film_800nm,6,20,0.0431443602,0.083693184,0.0465325601,0
2047,film_800nm,6,21,0.783637643,0.796286404,0.784253418,0
2047,film_800nm,6,22,0.264723897,0.533831298,0,0
2047,film_800nm,6,24,1,1,1,0
2047,film_800nm,6,25,0.00776119484,0.0305427685,0.0218578894,0
2047,film_800nm,7,14,0.227292985,0.23280412,0.229715586,0
2047,film_800nm,7,19,0,0,0,0
2047,film_800nm,7,20,0.0152269695,0.022356689,0.0177084077,0
2047,film_800nm,7,21,0.8035748,0.804747403,0.804355443,0
2047,film_800nm,7,22,1.45699465,0.308702677,0,0
2047,film_800nm,7,24,1,1,1,0
2047,film_800nm,7,25,0.00776119484,0.0305427685,0.0218578894,0
2047,film_ior_one,0,14,0.188115209,0.188115209,0.188115209,0
2047,film_ior_one,0,19,0,0,0,0
2047,film_ior_one,0,20,0.57159251,0.57159251,0.57159251,0
2047,film_ior_one,0,21,0.827409983,0.827409983,0.827409983,0
2047,film_ior_one,0,22,0.0421196967,1.51778758,0,0
2047,film_ior_one,0,24,1,1,1,0
2047,film_ior_one,0,25,0.0399999991,0.0399999991,0.0399999991,0
2047,film_ior_one,1,14,0.20046781,0.20046781,0.20046781,0
2047,film_ior_one,1,19,0,0,0,0
2047,film_ior_one,1,20,0.264190376,0.264190376,0.264190376,0
2047,film_ior_one,1,21,0.819626033,0.819626033,0.819626033,0
2047,film_ior_one,1,22,0.0521572605,0.933210135,0,0
2047,film_ior_one,1,24,1,1,1,0
2047,film_ior_one,1,25,0.0399999991,0.0399999991,0.0399999991,0
2047,film_ior_one,2,14,0.213281587,0.213281587,0.213281587,0
2047,film_ior_one,2,19,0,0,0,0
2047,film_ior_one,2,20,0.0891867131,0.0891867131,0.0891867131,0
2047,film_ior_one,2,21,0.81234628,0.81234628,0.81234628,0
2047,film_ior_one,2,22,0.0827342495,0.533831298,0,0
2047,film_ior_one,2,24,1,1,1,0
2047,film_ior_one,2,25,0.0399999991,0.0399999991,0.0399999991,0
2047,film_ior_one,3,14,0.222507074,0.222507074,0.222507074,0
2047,film_ior_one,3,19,0,0,0,0
2047,film_ior_one,3,20,0.0407918878,0.0407918878,0.0407918878,0
2047,film_ior_one,3,21,0.807590365,0.807590365,0.807590365,0
2047,film_ior_one,3,22,0.35544607,0.308702677,0,0
2047,film_ior_one,3,24,1,1,1,0
2047,film_ior_one,3,25,0.0399999991,0.0399999991,0.0399999991,0
2047,film_ior_one,4,14,0.192650199,0.192650199,0.192650199,0
2047,film_ior_one,4,19,0,0,0,0
2047,film_ior_one,4,20,0.57159251,0.57159251,0.57159251,0
2047,film_ior_one,4,21,0.826663077,0.826663077,0.826663077,0
2047,film_ior_one,4,22,0.0912405252,1.51778758,0,0
2047,film_ior_one,4,24,1,1,1,0
2047,film_ior_one,4,25,0.0399999991,0.0399999991,0.0399999991,0
2047,film_ior_one,5,14,0.204144701,0.204144701,0.204144701,0
2047,film_ior_one,5,19,0,0,0,0
2047,film_ior_one,5,20,0.264190376,0.264190376,0.264190376,0
2047,film_ior_one,5,21,0.8199417,0.8199417,0.8199417,0
2047,film_ior_one,5,22,0.129547328,0.933210135,0,0
2047,film_ior_one,5,24,1,1,1,0
2047,film_ior_one,5,25,0.0399999991,0.0399999991,0.0399999991,0
2047,film_ior_one,6,14,0.217339978,0.217339978,0.217339978,0
2047,film_ior_one,6,19,0,0,0,0
2047,film_ior_one,6,20,0.0891867131,0.0891867131,0.0891867131,0
2047,film_ior_one,6,21,0.812326729,0.812326729,0.812326729,0
2047,film_ior_one,6,22,0.264723897,0.533831298,0,0
2047,film_ior_one,6,24,1,1,1,0
2047,film_ior_one,6,25,0.0399999991,0.0399999991,0.0399999991,0
2047,film_ior_one,7,14,0.234931514,0.234931514,0.234931514,0
2047,film_ior_one,7,19,0,0,0,0
2047,film_ior_one,7,20,0.0407918878,0.0407918878,0.0407918878,0
2047,film_ior_one,7,21,0.807580769,0.807580769,0.807580769,0
2047,film_ior_one,7,22,1.45699465,0.308702677,0,0
2047,film_ior_one,7,24,1,1,1,0
2047,film_ior_one,7,25,0.0399999991,0.0399999991,0.0399999991,0
2047,film_matches_substrate,0,14,0.188115209,0.188115209,0.188115209,0
2047,film_matches_substrate,0,19,0,0,0,0
2047,film_matches_substrate,0,20,0.57159251,0.57159251,0.57159251,0
2047,film_matches_substrate,0,21,0.827409983,0.827409983,0.827409983,0
2047,film_matches_substrate,0,22,0.0421196967,1.51778758,0,0
2047,film_matches_substrate,0,24,1,1,1,0
2047,film_matches_substrate,0,25,0.0399999991,0.0399999991,0.0399999991,0
2047,film_matches_substrate,1,14,0.20046781,0.20046781,0.20046781,0
2047,film_matches_substrate,1,19,0,0,0,0
2047,film_matches_substrate,1,20,0.264190376,0.264190376,0.264190376,0
2047,film_matches_substrate,1,21,0.819626033,0.819626033,0.819626033,0
2047,film_matches_substrate,1,22,0.0521572605,0.933210135,0,0
2047,film_matches_substrate,1,24,1,1,1,0
2047,film_matches_substrate,1,25,0.0399999991,0.0399999991,0.0399999991,0
2047,film_matches_substrate,2,14,0.213281587,0.213281587,0.213281587,0
2047,film_matches_substrate,2,19,0,0,0,0
2047,film_matches_substrate,2,20,0.0891867131,0.0891867131,0.0891867131,0
2047,film_matches_substrate,2,21,0.81234628,0.81234628,0.81234628,0
2047,film_matches_substrate,2,22,0.0827342495,0.533831298,0,0
2047,film_matches_substrate,2,24,1,1,1,0
2047,film_matches_substrate,2,25,0.0399999991,0.0399999991,0.0399999991,0
2047,film_matches_substrate,3,14,0.222507074,0.222507074,0.222507074,0
2047,film_matches_substrate,3,19,0,0,0,0
2047,film_matches_substrate,3,20,0.0407918878,0.0407918878,0.0407918878,0
2047,film_matches_substrate,3,21,0.807590365,0.807590365,0.807590365,0
2047,film_matches_substrate,3,22,0.35544607,0.308702677,0,0
2047,film_matches_substrate,3,24,1,1,1,0
2047,film_matches_substrate,3,25,0.0399999991,0.0399999991,0.0399999991,0
2047,film_matches_substrate,4,14,0.192650199,0.192650199,0.192650199,0
2047,film_matches_substrate,4,19,0,0,0,0
2047,film_matches_substrate,4,20,0.57159251,0.57159251,0.57159251,0
2047,film_matches_substrate,4,21,0.826663077,0.826663077,0.826663077,0
2047,film_matches_substrate,4,22,0.0912405252,1.51778758,0,0
2047,film_matches_substrate,4,24,1,1,1,0
2047,film_matches_substrate,4,25,0.0399999991,0.0399999991,0.0399999991,0
2047,film_matches_substrate,5,14,0.204144701,0.204144701,0.204144701,0
2047,film_matches_substrate,5,19,0,0,0,0
2047,film_matches_substrate,5,20,0.264190376,0.264190376,0.264190376,0
2047,film_matches_substrate,5,21,0.8199417,0.8199417,0.8199417,0
2047,film_matches_substrate,5,22,0.129547328,0.933210135,0,0
2047,film_matches_substrate,5,24,1,1,1,0
2047,film_matches_substrate,5,25,0.0399999991,0.0399999991,0.0399999991,0
2047,film_matches_substrate,6,14,0.217339978,0.217339978,0.217339978,0
2047,film_matches_substrate,6,19,0,0,0,0
2047,film_matches_substrate,6,20,0.0891867131,0.0891867131,0.0891867131,0
2047,film_matches_substrate,6,21,0.812326729,0.812326729,0.812326729,0
2047,film_matches_substrate,6,22,0.264723897,0.533831298,0,0
2047,film_matches_substrate,6,24,1,1,1,0
2047,film_matches_substrate,6,25,0.0399999991,0.0399999991,0.0399999991,0
2047,film_matches_substrate,7,14,0.234931514,0.234931514,0.234931514,0
2047,film_matches_substrate,7,19,0,0,0,0
2047,film_matches_substrate,7,20,0.0407918878,0.0407918878,0.0407918878,0
2047,film_matches_substrate,7,21,0.807580769,0.807580769,0.807580769,0
2047,film_matches_substrate,7,22,1.45699465,0.308702677,0,0
2047,film_matches_substrate,7,24,1,1,1,0
2047,film_matches_substrate,7,25,0.0399999991,0.0399999991,0.0399999991,0
2047,film_top_tir,0,14,0.0353171565,0.0343155116,0.0253317263,0
2047,film_top_tir,0,19,0,0,0,0
2047,film_top_tir,0,20,1,1,1,0
2047,film_top_tir,0,21,0.848212659,0.849393964,0.848766029,0
2047,film_top_tir,0,22,0.0421196967,1.51778758,0,0
2047,film_top_tir,0,24,1,1,1,0
2047,film_top_tir,0,25,0.017630972,0.118791081,0.169603795,0
2047,film_top_tir,1,14,0.043880783,0.0384282582,0.0369382948,0
2047,film_top_tir,1,19,0,0,0,0
2047,film_top_tir,1,20,1,1,1,0
2047,film_top_tir,1,21,0.85594517,0.851422548,0.851435006,0
2047,film_top_tir,1,22,0.0521572605,0.933210135,0,0
2047,film_top_tir,1,24,1,1,1,0
2047,film_top_tir,1,25,0.017630972,0.118791081,0.169603795,0
2047,film_top_tir,2,14,0.0356190354,0.0315751769,0.0375764482,0
2047,film_top_tir,2,19,0,0,0,0
2047,film_top_tir,2,20,1,1,1,0
2047,film_top_tir,2,21,0.7806952,0.777175188,0.777527452,0
2047,film_top_tir,2,22,0.0827342495,0.533831298,0,0
2047,film_top_tir,2,24,1,1,1,0
2047,film_top_tir,2,25,0.017630972,0.118791081,0.169603795,0
2047,film_top_tir,3,14,0.181261346,0.189148799,0.19658117,0
2047,film_top_tir,3,19,0,0,0,0
2047,film_top_tir,3,20,0.234162256,0.100824811,0.0924895555,0
2047,film_top_tir,3,21,0.804740191,0.768726408,0.787282348,0
2047,film_top_tir,3,22,0.35544607,0.308702677,0,0
2047,film_top_tir,3,24,1,1,1,0
2047,film_top_tir,3,25,0.017630972,0.118791081,0.169603795,0
2047,film_top_tir,4,14,0.14753145,0.14753145,0.14753145,0
2047,film_top_tir,4,19,0,0,0,0
2047,film_top_tir,4,20,1,1,1,0
2047,film_top_tir,4,21,0.848343432,0.846147478,0.843595564,0
2047,film_top_tir,4,22,0.0912405252,1.51778758,0,0
2047,film_top_tir,4,24,1,1,1,0
2047,film_top_tir,4,25,0.017630972,0.118791081,0.169603795,0
2047,film_top_tir,5,14,0.0778824091,0.070701018,0.0449976102,0
2047,film_top_tir,5,19,0,0,0,0
2047,film_top_tir,5,20,1,1,1,0
2047,film_top_tir,5,21,0.854667544,0.851526558,0.853191078,0
2047,film_top_tir,5,22,0.129547328,0.933210135,0,0
2047,film_top_tir,5,24,1,1,1,0
2047,film_top_tir,5,25,0.017630972,0.118791081,0.169603795,0
2047,film_top_tir,6,14,0.0391998403,0.055399593,0.0623640642,0
2047,film_top_tir,6,19,0,0,0,0
2047,film_top_tir,6,20,1,1,1,0
2047,film_top_tir,6,21,0.78142935,0.777587056,0.777630568,0
2047,film_top_tir,6,22,0.264723897,0.533831298,0,0
2047,film_top_tir,6,24,1,1,1,0
2047,film_top_tir,6,25,0.017630972,0.118791081,0.169603795,0
2047,film_top_tir,7,14,0.258791775,0.20099631,0.240736291,0
2047,film_top_tir,7,19,0,0,0,0
2047,film_top_tir,7,20,0.234162256,0.100824811,0.0924895555,0
2047,film_top_tir,7,21,0.804688692,0.768761337,0.787509918,0
2047,film_top_tir,7,22,1.45699465,0.308702677,0,0
2047,film_top_tir,7,24,1,1,1,0
2047,film_top_tir,7,25,0.017630972,0.118791081,0.169603795,0
2047,metal_film,0,14,0.00511501683,0.0298435129,0.0555857718,0
2047,metal_film,0,19,0,0,0,0
2047,metal_film,0,20,0.690535963,0.701421797,0.832298756,0
2047,metal_film,0,21,0.247249708,0.405738801,0.869963467,0
2047,metal_film,0,22,0.0421196967,1.51778758,0,0
2047,metal_film,0,24,1,1,1,0
2047,metal_film,0,25,0.176099643,0.508853972,0.843969762,0
2047,metal_film,1,14,0.00487120776,0.0239187256,0.0441702977,0
2047,metal_film,1,19,0,0,0,0
2047,metal_film,1,20,0.398331732,0.437195629,0.862122059,0
2047,metal_film,1,21,0.176397875,0.346326828,0.859046221,0
2047,metal_film,1,22,0.0521572605,0.933210135,0,0
2047,metal_film,1,24,1,1,1,0
2047,metal_film,1,25,0.176099643,0.508853972,0.843969762,0
2047,metal_film,2,14,0.00569314649,0.0218055267,0.0387626514,0
2047,metal_film,2,19,0,0,0,0
2047,metal_film,2,20,0.107155591,0.312890619,0.891276479,0
2047,metal_film,2,21,0.0853736326,0.339986563,0.87398088,0
2047,metal_film,2,22,0.0827342495,0.533831298,0,0
2047,metal_film,2,24,1,1,1,0
2047,metal_film,2,25,0.176099643,0.508853972,0.843969762,0
2047,metal_film,3,14,0.0171527918,0.0523242727,0.0903186947,0
2047,metal_film,3,19,0,0,0,0
2047,metal_film,3,20,0.111513413,0.507279575,0.869422674,0
2047,metal_film,3,21,0.0966660902,0.467106432,0.86380291,0
2047,metal_film,3,22,0.35544607,0.308702677,0,0
2047,metal_film,3,24,1,1,1,0
2047,metal_film,3,25,0.176099643,0.508853972,0.843969762,0
2047,metal_film,4,14,0.00442569377,0.0500340797,0.123429283,0
2047,metal_film,4,19,0,0,0,0
2047,metal_film,4,20,0.690535963,0.701421797,0.832298756,0
2047,metal_film,4,21,0.244232446,0.396572828,0.853619397,0
2047,metal_film,4,22,0.0912405252,1.51778758,0,0
2047,metal_film,4,24,1,1,1,0
2047,metal_film,4,25,0.176099643,0.508853972,0.843969762,0
2047,metal_film,5,14,0.00389271276,0.0487105511,0.113523841,0
2047,metal_film,5,19,0,0,0,0
2047,metal_film,5,20,0.398331732,0.437195629,0.862122059,0
2047,metal_film,5,21,0.178119048,0.351587534,0.868208468,0
2047,metal_film,5,22,0.129547328,0.933210135,0,0
2047,metal_film,5,24,1,1,1,0
2047,metal_film,5,25,0.176099643,0.508853972,0.843969762,0
2047,metal_film,6,14,0.00716769369,0.0629917532,0.129223973,0
2047,metal_film,6,19,0,0,0,0
2047,metal_film,6,20,0.107155591,0.312890619,0.891276479,0
2047,metal_film,6,21,0.085336037,0.339844286,0.873683691,0
2047,metal_film,6,22,0.264723897,0.533831298,0,0
2047,metal_film,6,24,1,1,1,0
2047,metal_film,6,25,0.176099643,0.508853972,0.843969762,0
2047,metal_film,7,14,0.0517763235,0.21510157,0.377927363,0
2047,metal_film,7,19,0,0,0,0
2047,metal_film,7,20,0.111513413,0.507279575,0.869422674,0
2047,metal_film,7,21,0.0966579393,0.467002749,0.863590777,0
2047,metal_film,7,22,1.45699465,0.308702677,0,0
2047,metal_film,7,24,1,1,1,0
2047,metal_film,7,25,0.176099643,0.508853972,0.843969762,0
2047,all_layers,0,14,0.0114432788,0.0280417297,0.057610359,0
2047,all_layers,0,19,0,0,0,0
2047,all_layers,0,20,0.450189203,0.49479562,0.649305165,0
2047,all_layers,0,21,0.39651525,0.546762168,0.836997032,0
2047,all_layers,0,22,0.00734095322,1.56411064,0,0
2047,all_layers,0,24,1,1,1,0
2047,all_layers,0,25,0.0899381191,0.163735822,0.335171223,0
2047,all_layers,1,14,0.0185490921,0.0476160087,0.098280102,0
2047,all_layers,1,19,0,0,0,0
2047,all_layers,1,20,0.187572852,0.297437459,0.493947566,0
2047,all_layers,1,21,0.303119481,0.498747498,0.861229956,0
2047,all_layers,1,22,0.00917742215,0.947075546,0,0
2047,all_layers,1,24,1,1,1,0
2047,all_layers,1,25,0.0899381191,0.163735822,0.335171223,0
2047,all_layers,2,14,0.0238523372,0.0631663725,0.130067438,0
2047,all_layers,2,19,0,0,0,0
2047,all_layers,2,20,0.106817693,0.237682298,0.400410742,0
2047,all_layers,2,21,0.219696507,0.454482943,0.860850632,0
2047,all_layers,2,22,0.0148426713,0.537061691,0,0
2047,all_layers,2,24,1,1,1,0
2047,all_layers,2,25,0.0899381191,0.163735822,0.335171223,0
2047,all_layers,3,14,0.0269829612,0.0717068687,0.146208107,0
2047,all_layers,3,19,0,0,0,0
2047,all_layers,3,20,0.0980636328,0.186810553,0.338685125,0
2047,all_layers,3,21,0.193029329,0.423335433,0.830104709,0
2047,all_layers,3,22,0.0712257847,0.309564739,0,0
2047,all_layers,3,24,1,1,1,0
2047,all_layers,3,25,0.0899381191,0.163735822,0.335171223,0
2047,all_layers,4,14,0.0321489908,0.079909876,0.161075458,0
2047,all_layers,4,19,0,0,0,0
2047,all_layers,4,20,0.450189203,0.49479562,0.649305165,0
2047,all_layers,4,21,0.385805488,0.537807286,0.825599849,0
2047,all_layers,4,22,0.51616329,1.16786587,0,0
2047,all_layers,4,24,1,1,1,0
2047,all_layers,4,25,0.0899381191,0.163735822,0.335171223,0
2047,all_layers,5,14,0.0440844372,0.111064024,0.228047773,0
2047,all_layers,5,19,0,0,0,0
2047,all_layers,5,20,0.187572852,0.297437459,0.493947566,0
2047,all_layers,5,21,0.297822982,0.49324286,0.852394283,0
2047,all_layers,5,22,0.68153578,0.816599369,0,0
2047,all_layers,5,24,1,1,1,0
2047,all_layers,5,25,0.0899381191,0.163735822,0.335171223,0
2047,all_layers,6,14,0.0575563237,0.142095283,0.292469651,0
2047,all_layers,6,19,0,0,0,0
2047,all_layers,6,20,0.106817693,0.237682298,0.400410742,0
2047,all_layers,6,21,0.218145281,0.447173327,0.849427521,0
2047,all_layers,6,22,1.12613893,0.511696339,0,0
2047,all_layers,6,24,1,1,1,0
2047,all_layers,6,25,0.0899381191,0.163735822,0.335171223,0
2047,all_layers,7,14,0.0544234589,0.128140971,0.267208248,0
2047,all_layers,7,19,0,0,0,0
2047,all_layers,7,20,0.0980636328,0.186810553,0.338685125,0
2047,all_layers,7,21,0.192045361,0.420066595,0.828270912,0
2047,all_layers,7,22,1.38900912,0.308175236,0,0
2047,all_layers,7,24,1,1,1,0
2047,all_layers,7,25,0.0899381191,0.163735822,0.335171223,0
2047,all_layers_ao_zero,0,14,0.0114432788,0.0280417297,0.057610359,0
2047,all_layers_ao_zero,0,19,0,0,0,0
2047,all_layers_ao_zero,0,20,0.450189203,0.49479562,0.649305165,0
2047,all_layers_ao_zero,0,21,0,0,0,0
2047,all_layers_ao_zero,0,22,0.00734095322,1.56411064,0,0
2047,all_layers_ao_zero,0,24,1,1,1,0
2047,all_layers_ao_zero,0,25,0.0899381191,0.163735822,0.335171223,0
2047,all_layers_ao_zero,1,14,0.0185490921,0.0476160087,0.098280102,0
2047,all_layers_ao_zero,1,19,0,0,0,0
2047,all_layers_ao_zero,1,20,0.187572852,0.297437459,0.493947566,0
2047,all_layers_ao_zero,1,21,0,0,0,0
2047,all_layers_ao_zero,1,22,0.00917742215,0.947075546,0,0
2047,all_layers_ao_zero,1,24,1,1,1,0
2047,all_layers_ao_zero,1,25,0.0899381191,0.163735822,0.335171223,0
2047,all_layers_ao_zero,2,14,0.0238523372,0.0631663725,0.130067438,0
2047,all_layers_ao_zero,2,19,0,0,0,0
2047,all_layers_ao_zero,2,20,0.106817693,0.237682298,0.400410742,0
2047,all_layers_ao_zero,2,21,0,0,0,0
2047,all_layers_ao_zero,2,22,0.0148426713,0.537061691,0,0
2047,all_layers_ao_zero,2,24,1,1,1,0
2047,all_layers_ao_zero,2,25,0.0899381191,0.163735822,0.335171223,0
2047,all_layers_ao_zero,3,14,0.0269829612,0.0717068687,0.146208107,0
2047,all_layers_ao_zero,3,19,0,0,0,0
2047,all_layers_ao_zero,3,20,0.0980636328,0.186810553,0.338685125,0
2047,all_layers_ao_zero,3,21,0,0,0,0
2047,all_layers_ao_zero,3,22,0.0712257847,0.309564739,0,0
2047,all_layers_ao_zero,3,24,1,1,1,0
2047,all_layers_ao_zero,3,25,0.0899381191,0.163735822,0.335171223,0
2047,all_layers_ao_zero,4,14,0.0321489908,0.079909876,0.161075458,0
2047,all_layers_ao_zero,4,19,0,0,0,0
2047,all_layers_ao_zero,4,20,0.450189203,0.49479562,0.649305165,0
2047,all_layers_ao_zero,4,21,0,0,0,0
2047,all_layers_ao_zero,4,22,0.51616329,1.16786587,0,0
2047,all_layers_ao_zero,4,24,1,1,1,0
2047,all_layers_ao_zero,4,25,0.0899381191,0.163735822,0.335171223,0
2047,all_layers_ao_zero,5,14,0.0440844372,0.111064024,0.228047773,0
2047,all_layers_ao_zero,5,19,0,0,0,0
2047,all_layers_ao_zero,5,20,0.187572852,0.297437459,0.493947566,0
2047,all_layers_ao_zero,5,21,0,0,0,0
2047,all_layers_ao_zero,5,22,0.68153578,0.816599369,0,0
2047,all_layers_ao_zero,5,24,1,1,1,0
2047,all_layers_ao_zero,5,25,0.0899381191,0.163735822,0.335171223,0
2047,all_layers_ao_zero,6,14,0.0575563237,0.142095283,0.292469651,0
2047,all_layers_ao_zero,6,19,0,0,0,0
2047,all_layers_ao_zero,6,20,0.106817693,0.237682298,0.400410742,0
2047,all_layers_ao_zero,6,21,0,0,0,0
2047,all_layers_ao_zero,6,22,1.12613893,0.511696339,0,0
2047,all_layers_ao_zero,6,24,1,1,1,0
2047,all_layers_ao_zero,6,25,0.0899381191,0.163735822,0.335171223,0
2047,all_layers_ao_zero,7,14,0.0544234589,0.128140971,0.267208248,0
2047,all_layers_ao_zero,7,19,0,0,0,0
2047,all_layers_ao_zero,7,20,0.0980636328,0.186810553,0.338685125,0
2047,all_layers_ao_zero,7,21,0,0,0,0
2047,all_layers_ao_zero,7,22,1.38900912,0.308175236,0,0
2047,all_layers_ao_zero,7,24,1,1,1,0
2047,all_layers_ao_zero,7,25,0.0899381191,0.163735822,0.335171223,0
2047,all_layers_alpha_zero,0,14,0.0114432788,0.0280417297,0.057610359,0
2047,all_layers_alpha_zero,0,19,0,0,0,0
2047,all_layers_alpha_zero,0,20,0.450189203,0.49479562,0.649305165,0
2047,all_layers_alpha_zero,0,21,0.39651525,0.546762168,0.836997032,0
2047,all_layers_alpha_zero,0,22,0.00734095322,1.56411064,0,0
2047,all_layers_alpha_zero,0,24,1,1,1,0
2047,all_layers_alpha_zero,0,25,0.0899381191,0.163735822,0.335171223,0
2047,all_layers_alpha_zero,1,14,0.0185490921,0.0476160087,0.098280102,0
2047,all_layers_alpha_zero,1,19,0,0,0,0
2047,all_layers_alpha_zero,1,20,0.187572852,0.297437459,0.493947566,0
2047,all_layers_alpha_zero,1,21,0.303119481,0.498747498,0.861229956,0
2047,all_layers_alpha_zero,1,22,0.00917742215,0.947075546,0,0
2047,all_layers_alpha_zero,1,24,1,1,1,0
2047,all_layers_alpha_zero,1,25,0.0899381191,0.163735822,0.335171223,0
2047,all_layers_alpha_zero,2,14,0.0238523372,0.0631663725,0.130067438,0
2047,all_layers_alpha_zero,2,19,0,0,0,0
2047,all_layers_alpha_zero,2,20,0.106817693,0.237682298,0.400410742,0
2047,all_layers_alpha_zero,2,21,0.219696507,0.454482943,0.860850632,0
2047,all_layers_alpha_zero,2,22,0.0148426713,0.537061691,0,0
2047,all_layers_alpha_zero,2,24,1,1,1,0
2047,all_layers_alpha_zero,2,25,0.0899381191,0.163735822,0.335171223,0
2047,all_layers_alpha_zero,3,14,0.0269829612,0.0717068687,0.146208107,0
2047,all_layers_alpha_zero,3,19,0,0,0,0
2047,all_layers_alpha_zero,3,20,0.0980636328,0.186810553,0.338685125,0
2047,all_layers_alpha_zero,3,21,0.193029329,0.423335433,0.830104709,0
2047,all_layers_alpha_zero,3,22,0.0712257847,0.309564739,0,0
2047,all_layers_alpha_zero,3,24,1,1,1,0
2047,all_layers_alpha_zero,3,25,0.0899381191,0.163735822,0.335171223,0
2047,all_layers_alpha_zero,4,14,0.0321489908,0.079909876,0.161075458,0
2047,all_layers_alpha_zero,4,19,0,0,0,0
2047,all_layers_alpha_zero,4,20,0.450189203,0.49479562,0.649305165,0
2047,all_layers_alpha_zero,4,21,0.385805488,0.537807286,0.825599849,0
2047,all_layers_alpha_zero,4,22,0.51616329,1.16786587,0,0
2047,all_layers_alpha_zero,4,24,1,1,1,0
2047,all_layers_alpha_zero,4,25,0.0899381191,0.163735822,0.335171223,0
2047,all_layers_alpha_zero,5,14,0.0440844372,0.111064024,0.228047773,0
2047,all_layers_alpha_zero,5,19,0,0,0,0
2047,all_layers_alpha_zero,5,20,0.187572852,0.297437459,0.493947566,0
2047,all_layers_alpha_zero,5,21,0.297822982,0.49324286,0.852394283,0
2047,all_layers_alpha_zero,5,22,0.68153578,0.816599369,0,0
2047,all_layers_alpha_zero,5,24,1,1,1,0
2047,all_layers_alpha_zero,5,25,0.0899381191,0.163735822,0.335171223,0
2047,all_layers_alpha_zero,6,14,0.0575563237,0.142095283,0.292469651,0
2047,all_layers_alpha_zero,6,19,0,0,0,0
2047,all_layers_alpha_zero,6,20,0.106817693,0.237682298,0.400410742,0
2047,all_layers_alpha_zero,6,21,0.218145281,0.447173327,0.849427521,0
2047,all_layers_alpha_zero,6,22,1.12613893,0.511696339,0,0
2047,all_layers_alpha_zero,6,24,1,1,1,0
2047,all_layers_alpha_zero,6,25,0.0899381191,0.163735822,0.335171223,0
2047,all_layers_alpha_zero,7,14,0.0544234589,0.128140971,0.267208248,0
2047,all_layers_alpha_zero,7,19,0,0,0,0
2047,all_layers_alpha_zero,7,20,0.0980636328,0.186810553,0.338685125,0
2047,all_layers_alpha_zero,7,21,0.192045361,0.420066595,0.828270912,0
2047,all_layers_alpha_zero,7,22,1.38900912,0.308175236,0,0
2047,all_layers_alpha_zero,7,24,1,1,1,0
2047,all_layers_alpha_zero,7,25,0.0899381191,0.163735822,0.335171223,0
2047,mirror_layers,0,14,0.0403088927,0.0403088927,0.0403088927,0
2047,mirror_layers,0,19,0,0,0,0
2047,mirror_layers,0,20,0.57159251,0.57159251,0.57159251,0
2047,mirror_layers,0,21,0.954046667,0.954046667,0.954046667,0
2047,mirror_layers,0,22,7.16741852e-07,2.79937935,0,0
2047,mirror_layers,0,24,1,1,1,0
2047,mirror_layers,0,25,0.0399999991,0.0399999991,0.0399999991,0
2047,mirror_layers,1,14,0.12259718,0.12259718,0.12259718,0
2047,mirror_layers,1,19,0,0,0,0
2047,mirror_layers,1,20,0.264190376,0.264190376,0.264190376,0
2047,mirror_layers,1,21,0.889452457,0.889452457,0.889452457,0
2047,mirror_layers,1,22,9.07922413e-07,1.1197753,0,0
2047,mirror_layers,1,24,1,1,1,0
2047,mirror_layers,1,25,0.0399999991,0.0399999991,0.0399999991,0
2047,mirror_layers,2,14,0.188413471,0.188413471,0.188413471,0
2047,mirror_layers,2,19,0,0,0,0
2047,mirror_layers,2,20,0.0891867131,0.0891867131,0.0891867131,0
2047,mirror_layers,2,21,0.833185196,0.833185196,0.833185196,0
2047,mirror_layers,2,22,1.52816904e-06,0.559889317,0,0
2047,mirror_layers,2,24,1,1,1,0
2047,mirror_layers,2,25,0.0399999991,0.0399999991,0.0399999991,0
2047,mirror_layers,3,14,0.209181279,0.209181279,0.209181279,0
2047,mirror_layers,3,19,0,0,0,0
2047,mirror_layers,3,20,0.0407918878,0.0407918878,0.0407918878,0
2047,mirror_layers,3,21,0.81579107,0.81579107,0.81579107,0
2047,mirror_layers,3,22,9.23188963e-06,0.311049849,0,0
2047,mirror_layers,3,24,1,1,1,0
2047,mirror_layers,3,25,0.0399999991,0.0399999991,0.0399999991,0
2047,mirror_layers,4,14,0.0403091237,0.0403091237,0.0403091237,0
2047,mirror_layers,4,19,0,0,0,0
2047,mirror_layers,4,20,0.57159251,0.57159251,0.57159251,0
2047,mirror_layers,4,21,0.954046667,0.954046667,0.954046667,0
2047,mirror_layers,4,22,1.71025169e-06,2.79937935,0,0
2047,mirror_layers,4,24,1,1,1,0
2047,mirror_layers,4,25,0.0399999991,0.0399999991,0.0399999991,0
2047,mirror_layers,5,14,0.122597337,0.122597337,0.122597337,0
2047,mirror_layers,5,19,0,0,0,0
2047,mirror_layers,5,20,0.264190376,0.264190376,0.264190376,0
2047,mirror_layers,5,21,0.889452457,0.889452457,0.889452457,0
2047,mirror_layers,5,22,2.57870693e-06,1.1197753,0,0
2047,mirror_layers,5,24,1,1,1,0
2047,mirror_layers,5,25,0.0399999991,0.0399999991,0.0399999991,0
2047,mirror_layers,6,14,0.188413665,0.188413665,0.188413665,0
2047,mirror_layers,6,19,0,0,0,0
2047,mirror_layers,6,20,0.0891867131,0.0891867131,0.0891867131,0
2047,mirror_layers,6,21,0.833185196,0.833185196,0.833185196,0
2047,mirror_layers,6,22,6.24603354e-06,0.559889317,0,0
2047,mirror_layers,6,24,1,1,1,0
2047,mirror_layers,6,25,0.0399999991,0.0399999991,0.0399999991,0
2047,mirror_layers,7,14,0.209183156,0.209183156,0.209183156,0
2047,mirror_layers,7,19,0,0,0,0
2047,mirror_layers,7,20,0.0407918878,0.0407918878,0.0407918878,0
2047,mirror_layers,7,21,0.81579107,0.81579107,0.81579107,0
2047,mirror_layers,7,22,9.46995133e-05,0.311049849,0,0
2047,mirror_layers,7,24,1,1,1,0
2047,mirror_layers,7,25,0.0399999991,0.0399999991,0.0399999991,0
2047,white_furnace,0,14,0.128821388,0.128821388,0.128821388,0
2047,white_furnace,0,19,0,0,0,0
2047,white_furnace,0,20,0.57159251,0.57159251,0.57159251,0
2047,white_furnace,0,21,0.949786842,0.949786842,0.949786842,0
2047,white_furnace,0,22,0.307347119,0.622952104,0,0
2047,white_furnace,0,24,1,1,1,0
2047,white_furnace,0,25,0.0399999991,0.0399999991,0.0399999991,0
2047,white_furnace,1,14,0.184635833,0.184635833,0.184635833,0
2047,white_furnace,1,19,0,0,0,0
2047,white_furnace,1,20,0.264190376,0.264190376,0.264190376,0
2047,white_furnace,1,21,0.954541147,0.954541147,0.954541147,0
2047,white_furnace,1,22,0.348985106,0.523342848,0,0
2047,white_furnace,1,24,1,1,1,0
2047,white_furnace,1,25,0.0399999991,0.0399999991,0.0399999991,0
2047,white_furnace,2,14,0.241456643,0.241456643,0.241456643,0
2047,white_furnace,2,19,0,0,0,0
2047,white_furnace,2,20,0.0891867131,0.0891867131,0.0891867131,0
2047,white_furnace,2,21,0.974246681,0.974246681,0.974246681,0
2047,white_furnace,2,22,0.419201702,0.406617045,0,0
2047,white_furnace,2,24,1,1,1,0
2047,white_furnace,2,25,0.0399999991,0.0399999991,0.0399999991,0
2047,white_furnace,3,14,0.273242056,0.273242056,0.273242056,0
2047,white_furnace,3,19,0,0,0,0
2047,white_furnace,3,20,0.0407918878,0.0407918878,0.0407918878,0
2047,white_furnace,3,21,0.989191949,0.989191949,0.989191949,0
2047,white_furnace,3,22,0.526153028,0.292188227,0,0
2047,white_furnace,3,24,1,1,1,0
2047,white_furnace,3,25,0.0399999991,0.0399999991,0.0399999991,0
2047,white_furnace,4,14,0.12368267,0.12368267,0.12368267,0
2047,white_furnace,4,19,0,0,0,0
2047,white_furnace,4,20,0.57159251,0.57159251,0.57159251,0
2047,white_furnace,4,21,0.999410808,0.999410808,0.999410808,0
2047,white_furnace,4,22,0.00164433371,2.40233064,0,0
2047,white_furnace,4,24,1,1,1,0
2047,white_furnace,4,25,0.0399999991,0.0399999991,0.0399999991,0
2047,white_furnace,5,14,0.178787038,0.178787038,0.178787038,0
2047,white_furnace,5,19,0,0,0,0
2047,white_furnace,5,20,0.264190376,0.264190376,0.264190376,0
2047,white_furnace,5,21,0.999861121,0.999861121,0.999861121,0
2047,white_furnace,5,22,0.00253100181,1.0643611,0,0
2047,white_furnace,5,24,1,1,1,0
2047,white_furnace,5,25,0.0399999991,0.0399999991,0.0399999991,0
2047,white_furnace,6,14,0.236004174,0.236004174,0.236004174,0
2047,white_furnace,6,19,0,0,0,0
2047,white_furnace,6,20,0.0891867131,0.0891867131,0.0891867131,0
2047,white_furnace,6,21,0.995688796,0.995688796,0.995688796,0
2047,white_furnace,6,22,0.00686043361,0.541573405,0,0
2047,white_furnace,6,24,1,1,1,0
2047,white_furnace,6,25,0.0399999991,0.0399999991,0.0399999991,0
2047,white_furnace,7,14,0.273279369,0.273279369,0.273279369,0
2047,white_furnace,7,19,0,0,0,0
2047,white_furnace,7,20,0.0407918878,0.0407918878,0.0407918878,0
2047,white_furnace,7,21,0.989268064,0.989268064,0.989268064,0
2047,white_furnace,7,22,0.518784046,0.30213061,0,0
2047,white_furnace,7,24,1,1,1,0
2047,white_furnace,7,25,0.0399999991,0.0399999991,0.0399999991,0
2047,clamps_low,0,14,0.188115209,0.188115209,0.188115209,0
2047,clamps_low,0,19,0,0,0,0
2047,clamps_low,0,20,0.57159251,0.57159251,0.57159251,0
2047,clamps_low,0,21,0.827409983,0.827409983,0.827409983,0
2047,clamps_low,0,22,0.0421196967,1.51778758,0,0
2047,clamps_low,0,24,1,1,1,0
2047,clamps_low,0,25,0.0399999991,0.0399999991,0.0399999991,0
2047,clamps_low,1,14,0.20046781,0.20046781,0.20046781,0
2047,clamps_low,1,19,0,0,0,0
2047,clamps_low,1,20,0.264190376,0.264190376,0.264190376,0
2047,clamps_low,1,21,0.819626033,0.819626033,0.819626033,0
2047,clamps_low,1,22,0.0521572605,0.933210135,0,0
2047,clamps_low,1,24,1,1,1,0
2047,clamps_low,1,25,0.0399999991,0.0399999991,0.0399999991,0
2047,clamps_low,2,14,0.213281587,0.213281587,0.213281587,0
2047,clamps_low,2,19,0,0,0,0
2047,clamps_low,2,20,0.0891867131,0.0891867131,0.0891867131,0
2047,clamps_low,2,21,0.81234628,0.81234628,0.81234628,0
2047,clamps_low,2,22,0.0827342495,0.533831298,0,0
2047,clamps_low,2,24,1,1,1,0
2047,clamps_low,2,25,0.0399999991,0.0399999991,0.0399999991,0
2047,clamps_low,3,14,0.222507074,0.222507074,0.222507074,0
2047,clamps_low,3,19,0,0,0,0
2047,clamps_low,3,20,0.0407918878,0.0407918878,0.0407918878,0
2047,clamps_low,3,21,0.807590365,0.807590365,0.807590365,0
2047,clamps_low,3,22,0.35544607,0.308702677,0,0
2047,clamps_low,3,24,1,1,1,0
2047,clamps_low,3,25,0.0399999991,0.0399999991,0.0399999991,0
2047,clamps_low,4,14,0.192650199,0.192650199,0.192650199,0
2047,clamps_low,4,19,0,0,0,0
2047,clamps_low,4,20,0.57159251,0.57159251,0.57159251,0
2047,clamps_low,4,21,0.826663077,0.826663077,0.826663077,0
2047,clamps_low,4,22,0.0912405252,1.51778758,0,0
2047,clamps_low,4,24,1,1,1,0
2047,clamps_low,4,25,0.0399999991,0.0399999991,0.0399999991,0
2047,clamps_low,5,14,0.204144701,0.204144701,0.204144701,0
2047,clamps_low,5,19,0,0,0,0
2047,clamps_low,5,20,0.264190376,0.264190376,0.264190376,0
2047,clamps_low,5,21,0.8199417,0.8199417,0.8199417,0
2047,clamps_low,5,22,0.129547328,0.933210135,0,0
2047,clamps_low,5,24,1,1,1,0
2047,clamps_low,5,25,0.0399999991,0.0399999991,0.0399999991,0
2047,clamps_low,6,14,0.217339978,0.217339978,0.217339978,0
2047,clamps_low,6,19,0,0,0,0
2047,clamps_low,6,20,0.0891867131,0.0891867131,0.0891867131,0
2047,clamps_low,6,21,0.812326729,0.812326729,0.812326729,0
2047,clamps_low,6,22,0.264723897,0.533831298,0,0
2047,clamps_low,6,24,1,1,1,0
2047,clamps_low,6,25,0.0399999991,0.0399999991,0.0399999991,0
2047,clamps_low,7,14,0.234931514,0.234931514,0.234931514,0
2047,clamps_low,7,19,0,0,0,0
2047,clamps_low,7,20,0.0407918878,0.0407918878,0.0407918878,0
2047,clamps_low,7,21,0.807580769,0.807580769,0.807580769,0
2047,clamps_low,7,22,1.45699465,0.308702677,0,0
2047,clamps_low,7,24,1,1,1,0
2047,clamps_low,7,25,0.0399999991,0.0399999991,0.0399999991,0
2047,linked_gain_and_clamps,0,14,0.144395739,0.577582955,0,0
2047,linked_gain_and_clamps,0,19,0,0,0,0
2047,linked_gain_and_clamps,0,20,0.594393492,0.594445169,0.594164729,0
2047,linked_gain_and_clamps,0,21,0.69786799,2.79147196,0,0
2047,linked_gain_and_clamps,0,22,0.000468268292,2.44255304,0,0
2047,linked_gain_and_clamps,0,24,1,1,1,0
2047,linked_gain_and_clamps,0,25,0.139051482,0.125014737,0.126813143,0
2047,linked_gain_and_clamps,1,14,0.139003709,0.556014836,0,0
2047,linked_gain_and_clamps,1,19,0,0,0,0
2047,linked_gain_and_clamps,1,20,0.321086764,0.327067435,0.323760092,0
2047,linked_gain_and_clamps,1,21,0.619617522,2.47847009,0,0
2047,linked_gain_and_clamps,1,22,0.000592920638,1.08413541,0,0
2047,linked_gain_and_clamps,1,24,1,1,1,0
2047,linked_gain_and_clamps,1,25,0.139051482,0.125014737,0.126813143,0
2047,linked_gain_and_clamps,2,14,0.117279202,0.469116807,0,0
2047,linked_gain_and_clamps,2,19,0,0,0,0
2047,linked_gain_and_clamps,2,20,0.155091122,0.180501103,0.171554178,0
2047,linked_gain_and_clamps,2,21,0.498760015,1.99504006,0,0
2047,linked_gain_and_clamps,2,22,0.00100028678,0.551816106,0,0
2047,linked_gain_and_clamps,2,24,1,1,1,0
2047,linked_gain_and_clamps,2,25,0.139051482,0.125014737,0.126813143,0
2047,linked_gain_and_clamps,3,14,0.0880800709,0.352320284,0,0
2047,linked_gain_and_clamps,3,19,0,0,0,0
2047,linked_gain_and_clamps,3,20,0.14203003,0.125194103,0.127602264,0
2047,linked_gain_and_clamps,3,21,0.366048992,1.46419597,0,0
2047,linked_gain_and_clamps,3,22,0.00625955593,0.307869047,0,0
2047,linked_gain_and_clamps,3,24,1,1,1,0
2047,linked_gain_and_clamps,3,25,0.139051482,0.125014737,0.126813143,0
2047,linked_gain_and_clamps,4,14,0.144390061,0.577560246,0,0
2047,linked_gain_and_clamps,4,19,0,0,0,0
2047,linked_gain_and_clamps,4,20,0.594393492,0.594445169,0.594164729,0
2047,linked_gain_and_clamps,4,21,0.69786799,2.79147196,0,0
2047,linked_gain_and_clamps,4,22,0.0220421068,0.625623643,0,0
2047,linked_gain_and_clamps,4,24,1,1,1,0
2047,linked_gain_and_clamps,4,25,0.139051482,0.125014737,0.126813143,0
2047,linked_gain_and_clamps,5,14,0.138996944,0.555987775,0,0
2047,linked_gain_and_clamps,5,19,0,0,0,0
2047,linked_gain_and_clamps,5,20,0.321086764,0.327067435,0.323760092,0
2047,linked_gain_and_clamps,5,21,0.619617522,2.47847009,0,0
2047,linked_gain_and_clamps,5,22,0.029161403,0.528078914,0,0
2047,linked_gain_and_clamps,5,24,1,1,1,0
2047,linked_gain_and_clamps,5,25,0.139051482,0.125014737,0.126813143,0
2047,linked_gain_and_clamps,6,14,0.117272183,0.469088733,0,0
2047,linked_gain_and_clamps,6,19,0,0,0,0
2047,linked_gain_and_clamps,6,20,0.155091122,0.180501103,0.171554178,0
2047,linked_gain_and_clamps,6,21,0.498760015,1.99504006,0,0
2047,linked_gain_and_clamps,6,22,0.0438036062,0.412363857,0,0
2047,linked_gain_and_clamps,6,24,1,1,1,0
2047,linked_gain_and_clamps,6,25,0.139051482,0.125014737,0.126813143,0
2047,linked_gain_and_clamps,7,14,0.0880903825,0.35236153,0,0
2047,linked_gain_and_clamps,7,19,0,0,0,0
2047,linked_gain_and_clamps,7,20,0.14203003,0.125194103,0.127602264,0
2047,linked_gain_and_clamps,7,21,0.366048992,1.46419597,0,0
2047,linked_gain_and_clamps,7,22,0.0772493556,0.29755187,0,0
2047,linked_gain_and_clamps,7,24,1,1,1,0
2047,linked_gain_and_clamps,7,25,0.139051482,0.125014737,0.126813143,0
2047,film_sub_nm_transition,0,14,0.188115209,0.188115209,0.188115209,0
2047,film_sub_nm_transition,0,19,0,0,0,0
2047,film_sub_nm_transition,0,20,0.57159251,0.57159251,0.57159251,0
2047,film_sub_nm_transition,0,21,0.827409983,0.827409983,0.827409983,0
2047,film_sub_nm_transition,0,22,0.0421196967,1.51778758,0,0
2047,film_sub_nm_transition,0,24,1,1,1,0
2047,film_sub_nm_transition,0,25,0.0399999991,0.0399999991,0.0399999991,0
2047,film_sub_nm_transition,1,14,0.20046781,0.20046781,0.20046781,0
2047,film_sub_nm_transition,1,19,0,0,0,0
2047,film_sub_nm_transition,1,20,0.264190376,0.264190376,0.264190376,0
2047,film_sub_nm_transition,1,21,0.819626033,0.819626033,0.819626033,0
2047,film_sub_nm_transition,1,22,0.0521572605,0.933210135,0,0
2047,film_sub_nm_transition,1,24,1,1,1,0
2047,film_sub_nm_transition,1,25,0.0399999991,0.0399999991,0.0399999991,0
2047,film_sub_nm_transition,2,14,0.213281587,0.213281587,0.213281587,0
2047,film_sub_nm_transition,2,19,0,0,0,0
2047,film_sub_nm_transition,2,20,0.0891867131,0.0891867131,0.0891867131,0
2047,film_sub_nm_transition,2,21,0.81234628,0.81234628,0.81234628,0
2047,film_sub_nm_transition,2,22,0.0827342495,0.533831298,0,0
2047,film_sub_nm_transition,2,24,1,1,1,0
2047,film_sub_nm_transition,2,25,0.0399999991,0.0399999991,0.0399999991,0
2047,film_sub_nm_transition,3,14,0.222507074,0.222507074,0.222507074,0
2047,film_sub_nm_transition,3,19,0,0,0,0
2047,film_sub_nm_transition,3,20,0.0407918878,0.0407918878,0.0407918878,0
2047,film_sub_nm_transition,3,21,0.807590365,0.807590365,0.807590365,0
2047,film_sub_nm_transition,3,22,0.35544607,0.308702677,0,0
2047,film_sub_nm_transition,3,24,1,1,1,0
2047,film_sub_nm_transition,3,25,0.0399999991,0.0399999991,0.0399999991,0
2047,film_sub_nm_transition,4,14,0.192650199,0.192650199,0.192650199,0
2047,film_sub_nm_transition,4,19,0,0,0,0
2047,film_sub_nm_transition,4,20,0.57159251,0.57159251,0.57159251,0
2047,film_sub_nm_transition,4,21,0.826663077,0.826663077,0.826663077,0
2047,film_sub_nm_transition,4,22,0.0912405252,1.51778758,0,0
2047,film_sub_nm_transition,4,24,1,1,1,0
2047,film_sub_nm_transition,4,25,0.0399999991,0.0399999991,0.0399999991,0
2047,film_sub_nm_transition,5,14,0.204144701,0.204144701,0.204144701,0
2047,film_sub_nm_transition,5,19,0,0,0,0
2047,film_sub_nm_transition,5,20,0.264190376,0.264190376,0.264190376,0
2047,film_sub_nm_transition,5,21,0.8199417,0.8199417,0.8199417,0
2047,film_sub_nm_transition,5,22,0.129547328,0.933210135,0,0
2047,film_sub_nm_transition,5,24,1,1,1,0
2047,film_sub_nm_transition,5,25,0.0399999991,0.0399999991,0.0399999991,0
2047,film_sub_nm_transition,6,14,0.217339978,0.217339978,0.217339978,0
2047,film_sub_nm_transition,6,19,0,0,0,0
2047,film_sub_nm_transition,6,20,0.0891867131,0.0891867131,0.0891867131,0
2047,film_sub_nm_transition,6,21,0.812326729,0.812326729,0.812326729,0
2047,film_sub_nm_transition,6,22,0.264723897,0.533831298,0,0
2047,film_sub_nm_transition,6,24,1,1,1,0
2047,film_sub_nm_transition,6,25,0.0399999991,0.0399999991,0.0399999991,0
2047,film_sub_nm_transition,7,14,0.234931514,0.234931514,0.234931514,0
2047,film_sub_nm_transition,7,19,0,0,0,0
2047,film_sub_nm_transition,7,20,0.0407918878,0.0407918878,0.0407918878,0
2047,film_sub_nm_transition,7,21,0.807580769,0.807580769,0.807580769,0
2047,film_sub_nm_transition,7,22,1.45699465,0.308702677,0,0
2047,film_sub_nm_transition,7,24,1,1,1,0
2047,film_sub_nm_transition,7,25,0.0399999991,0.0399999991,0.0399999991,0
2047,film_no_substrate_interface,0,14,0.227408975,0.227408975,0.227408975,0
2047,film_no_substrate_interface,0,19,0,0,0,0
2047,film_no_substrate_interface,0,20,0,0,0,0
2047,film_no_substrate_interface,0,21,0.800000012,0.800000012,0.800000012,0
2047,film_no_substrate_interface,0,22,0.0421196967,1.51778758,0,0
2047,film_no_substrate_interface,0,24,0,0,0,0
2047,film_no_substrate_interface,0,25,0,0,0,0
2047,film_no_substrate_interface,1,14,0.227408975,0.227408975,0.227408975,0
2047,film_no_substrate_interface,1,19,0,0,0,0
2047,film_no_substrate_interface,1,20,0,0,0,0
2047,film_no_substrate_interface,1,21,0.800000012,0.800000012,0.800000012,0
2047,film_no_substrate_interface,1,22,0.0521572605,0.933210135,0,0
2047,film_no_substrate_interface,1,24,0,0,0,0
2047,film_no_substrate_interface,1,25,0,0,0,0
2047,film_no_substrate_interface,2,14,0.227408975,0.227408975,0.227408975,0
2047,film_no_substrate_interface,2,19,0,0,0,0
2047,film_no_substrate_interface,2,20,0,0,0,0
2047,film_no_substrate_interface,2,21,0.800000012,0.800000012,0.800000012,0
2047,film_no_substrate_interface,2,22,0.0827342495,0.533831298,0,0
2047,film_no_substrate_interface,2,24,0,0,0,0
2047,film_no_substrate_interface,2,25,0,0,0,0
2047,film_no_substrate_interface,3,14,0.227408975,0.227408975,0.227408975,0
2047,film_no_substrate_interface,3,19,0,0,0,0
2047,film_no_substrate_interface,3,20,0,0,0,0
2047,film_no_substrate_interface,3,21,0.800000012,0.800000012,0.800000012,0
2047,film_no_substrate_interface,3,22,0.35544607,0.308702677,0,0
2047,film_no_substrate_interface,3,24,0,0,0,0
2047,film_no_substrate_interface,3,25,0,0,0,0
2047,film_no_substrate_interface,4,14,0.227408975,0.227408975,0.227408975,0
2047,film_no_substrate_interface,4,19,0,0,0,0
2047,film_no_substrate_interface,4,20,0,0,0,0
2047,film_no_substrate_interface,4,21,0.800000012,0.800000012,0.800000012,0
2047,film_no_substrate_interface,4,22,0.0912405252,1.51778758,0,0
2047,film_no_substrate_interface,4,24,0,0,0,0
2047,film_no_substrate_interface,4,25,0,0,0,0
2047,film_no_substrate_interface,5,14,0.227408975,0.227408975,0.227408975,0
2047,film_no_substrate_interface,5,19,0,0,0,0
2047,film_no_substrate_interface,5,20,0,0,0,0
2047,film_no_substrate_interface,5,21,0.800000012,0.800000012,0.800000012,0
2047,film_no_substrate_interface,5,22,0.129547328,0.933210135,0,0
2047,film_no_substrate_interface,5,24,0,0,0,0
2047,film_no_substrate_interface,5,25,0,0,0,0
2047,film_no_substrate_interface,6,14,0.227408975,0.227408975,0.227408975,0
2047,film_no_substrate_interface,6,19,0,0,0,0
2047,film_no_substrate_interface,6,20,0,0,0,0
2047,film_no_substrate_interface,6,21,0.800000012,0.800000012,0.800000012,0
2047,film_no_substrate_interface,6,22,0.264723897,0.533831298,0,0
2047,film_no_substrate_interface,6,24,0,0,0,0
2047,film_no_substrate_interface,6,25,0,0,0,0
2047,film_no_substrate_interface,7,14,0.227408975,0.227408975,0.227408975,0
2047,film_no_substrate_interface,7,19,0,0,0,0
2047,film_no_substrate_interface,7,20,0,0,0,0
2047,film_no_substrate_interface,7,21,0.800000012,0.800000012,0.800000012,0
2047,film_no_substrate_interface,7,22,1.45699465,0.308702677,0,0
2047,film_no_substrate_interface,7,24,0,0,0,0
2047,film_no_substrate_interface,7,25,0,0,0,0
