{
    "PrefebType": "Object",
    "componentCount": 1,
    "components": [
        {
            "InstancedName": "Prop_ArrowTarget1",
            "ModelName": "Prop_ArrowTarget",
            "Outline": {
                "Color": [
                    0.0,
                    0.0,
                    0.0,
                    1.0
                ],
                "Thickness": 0.00800000037997961
            },
            "Transform": {
                "Position": [
                    0.0,
                    0.0,
                    0.0
                ],
                "Rotation": [
                    0.0,
                    0.0,
                    0.0
                ],
                "Scale": [
                    0.003000000026077032,
                    0.003000000026077032,
                    0.003000000026077032
                ]
            },
            "Type": "RenderComponent"
        }
    ],
    "position": [
        0,
        0,
        0
    ],
    "rotation": [
        0.0,
        0.0,
        0.0
    ],
    "scale": [
        1.0,
        1.0,
        1.0
    ]
}