{
    "PrefebType": "WoodPile",
    "componentCount": 3,
    "components": [
        {
            "InstancedName": "Prop_woodTable1",
            "ModelName": "Prop_woodTable",
            "Outline": {
                "Color": [
                    0.0,
                    0.0,
                    0.0,
                    1.0
                ],
                "Thickness": 0.00800000037997961
            },
            "Transform": {
                "Position": [
                    0.0,
                    0.05000000074505806,
                    0.0
                ],
                "Rotation": [
                    0.0,
                    0.0,
                    0.0
                ],
                "Scale": [
                    0.001500000013038516,
                    0.001500000013038516,
                    0.001500000013038516
                ]
            },
            "Type": "RenderComponent"
        },
        {
            "ColliderInfo": {
                "enable": [
                    true
                ],
                "flag": [
                    255
                ],
                "isTrigger": [
                    false
                ],
                "localpos": [
                    0.0,
                    0.0,
                    0.0
                ],
                "localrot": [
                    0.0,
                    0.0,
                    0.0
                ],
                "size": [
                    0.4000000059604645,
                    0.4000000059604645,
                    0.4000000059604645
                ]
            },
            "Type": "BoxColliderComponent"
        },
        {
            "RigidbodyInfo": {
                "angularDrag": [
                    0.05000000074505806
                ],
                "centerOfMass": [
                    0.0,
                    0.0,
                    0.0
                ],
                "drag": [
                    0.0
                ],
                "freezePosition": [
                    false,
                    false,
                    false
                ],
                "freezeRotation": [
                    false,
                    false,
                    false
                ],
                "isKinematic": [
                    true
                ],
                "mass": [
                    1.0
                ],
                "useGravity": [
                    false
                ]
            },
            "Type": "RigidbodyComponent"
        }
    ],
    "position": [
        0,
        0,
        0
    ],
    "rotation": [
        -0.0,
        0.0,
        0.0
    ],
    "scale": [
        1.0,
        1.0,
        1.0
    ]
}