{
    "PrefebType": "Wall",
    "componentCount": 1,
    "components": [
        {
            "InstancedName": "Prop_Wall_021",
            "ModelName": "Prop_Wall_02",
            "Outline": {
                "Color": [
                    0.0,
                    0.0,
                    0.0,
                    1.0
                ],
                "Thickness": 0.00800000037997961
            },
            "Transform": {
                "Position": [
                    0.0,
                    0.0,
                    0.0
                ],
                "Rotation": [
                    0.0,
                    1.5700000524520874,
                    0.0
                ],
                "Scale": [
                    0.4000000059604645,
                    0.4000000059604645,
                    0.4000000059604645
                ]
            },
            "Type": "RenderComponent"
        }
    ],
    "position": [
        0,
        0,
        0
    ],
    "rotation": [
        0.0,
        0.0,
        0.0
    ],
    "scale": [
        1.0,
        1.0,
        1.0
    ]
}